ISO-10303-21;
HEADER;
/* Generated by software containing ST-Developer
 * from STEP Tools, Inc. (www.steptools.com) 
 */
/* OPTION: using custom schema-name function */

FILE_DESCRIPTION(
/* description */ (''),
/* implementation_level */ '2;1');

FILE_NAME(
/* name */ '103162.stp',
/* time_stamp */ '2026-04-15T06:47:23+02:00',
/* author */ (''),
/* organization */ (''),
/* preprocessor_version */ 'ST-DEVELOPER v20',
/* originating_system */ 'SIEMENS PLM Software NX2312.1700',
/* authorisation */ '');

FILE_SCHEMA (('AP203_CONFIGURATION_CONTROLLED_3D_DESIGN_OF_MECHANICAL_PARTS_AND_ASSEMBLIES_MIM_LF { 1 0 10303 403 2 1 2}'));
ENDSEC;

DATA;
#10=SHAPE_REPRESENTATION_RELATIONSHIP('None',
'relationship between 103162-None and 103162-None',#76,#11);
#11=ADVANCED_BREP_SHAPE_REPRESENTATION('103162-None',(#86),#10393);
#12=APPLIED_APPROVAL_ASSIGNMENT(#24,(#66));
#13=APPLIED_APPROVAL_ASSIGNMENT(#25,(#68));
#14=APPLIED_APPROVAL_ASSIGNMENT(#26,(#38));
#15=APPROVAL_PERSON_ORGANIZATION(#30,#24,#18);
#16=APPROVAL_PERSON_ORGANIZATION(#31,#25,#19);
#17=APPROVAL_PERSON_ORGANIZATION(#32,#26,#20);
#18=APPROVAL_ROLE('approver');
#19=APPROVAL_ROLE('approver');
#20=APPROVAL_ROLE('approver');
#21=APPROVAL_DATE_TIME(#46,#24);
#22=APPROVAL_DATE_TIME(#47,#25);
#23=APPROVAL_DATE_TIME(#48,#26);
#24=APPROVAL(#27,' ');
#25=APPROVAL(#28,' ');
#26=APPROVAL(#29,' ');
#27=APPROVAL_STATUS('not_yet_approved');
#28=APPROVAL_STATUS('not_yet_approved');
#29=APPROVAL_STATUS('not_yet_approved');
#30=PERSON_AND_ORGANIZATION(#36,#33);
#31=PERSON_AND_ORGANIZATION(#36,#34);
#32=PERSON_AND_ORGANIZATION(#36,#35);
#33=ORGANIZATION(' ',' ',' ');
#34=ORGANIZATION(' ',' ',' ');
#35=ORGANIZATION(' ',' ',' ');
#36=PERSON(' ',' ',' ',(' '),$,$);
#37=APPLIED_SECURITY_CLASSIFICATION_ASSIGNMENT(#38,(#68));
#38=SECURITY_CLASSIFICATION(' ',' ',#39);
#39=SECURITY_CLASSIFICATION_LEVEL('confidential');
#40=APPLIED_DATE_AND_TIME_ASSIGNMENT(#44,#42,(#66));
#41=APPLIED_DATE_AND_TIME_ASSIGNMENT(#45,#43,(#38));
#42=DATE_TIME_ROLE('creation_date');
#43=DATE_TIME_ROLE('classification_date');
#44=DATE_AND_TIME(#59,#49);
#45=DATE_AND_TIME(#60,#50);
#46=DATE_AND_TIME(#61,#51);
#47=DATE_AND_TIME(#62,#52);
#48=DATE_AND_TIME(#63,#53);
#49=LOCAL_TIME(0,0,0.,#54);
#50=LOCAL_TIME(0,0,0.,#55);
#51=LOCAL_TIME(0,0,0.,#56);
#52=LOCAL_TIME(0,0,0.,#57);
#53=LOCAL_TIME(0,0,0.,#58);
#54=COORDINATED_UNIVERSAL_TIME_OFFSET(0,0,.BEHIND.);
#55=COORDINATED_UNIVERSAL_TIME_OFFSET(0,0,.BEHIND.);
#56=COORDINATED_UNIVERSAL_TIME_OFFSET(0,0,.BEHIND.);
#57=COORDINATED_UNIVERSAL_TIME_OFFSET(0,0,.BEHIND.);
#58=COORDINATED_UNIVERSAL_TIME_OFFSET(0,0,.BEHIND.);
#59=CALENDAR_DATE(0,1,1);
#60=CALENDAR_DATE(0,1,1);
#61=CALENDAR_DATE(0,1,1);
#62=CALENDAR_DATE(0,1,1);
#63=CALENDAR_DATE(0,1,1);
#64=SHAPE_DEFINITION_REPRESENTATION(#65,#76);
#65=PRODUCT_DEFINITION_SHAPE('','',#66);
#66=PRODUCT_DEFINITION(' ','',#68,#67);
#67=PRODUCT_DEFINITION_CONTEXT('part definition',#75,'design');
#68=PRODUCT_DEFINITION_FORMATION_WITH_SPECIFIED_SOURCE(' ',' ',#70,
 .NOT_KNOWN.);
#69=PRODUCT_RELATED_PRODUCT_CATEGORY('detail','',(#70));
#70=PRODUCT('103162','103162',' ',(#73));
#71=PRODUCT_CATEGORY('part',' ');
#72=PRODUCT_CATEGORY(' ','');
#73=PRODUCT_CONTEXT(' ',#75,'mechanical');
#74=APPLICATION_PROTOCOL_DEFINITION('international standard',
'config_control_design',2010,#75);
#75=APPLICATION_CONTEXT(
'configuration controlled 3D designs of mechanical parts and assemblie
s');
#76=SHAPE_REPRESENTATION('103162-None',(#6156),#10393);
#77=PRESENTATION_LAYER_ASSIGNMENT('1','Layer 1',(#86));
#78=STYLED_ITEM('',(#79),#86);
#79=PRESENTATION_STYLE_ASSIGNMENT((#80));
#80=SURFACE_STYLE_USAGE(.BOTH.,#81);
#81=SURFACE_SIDE_STYLE('',(#82));
#82=SURFACE_STYLE_FILL_AREA(#83);
#83=FILL_AREA_STYLE('',(#84));
#84=FILL_AREA_STYLE_COLOUR('',#85);
#85=COLOUR_RGB('medium steel',0.611764705882353,0.658823529411765,0.670588235294118);
#86=MANIFOLD_SOLID_BREP('',#87);
#87=CLOSED_SHELL('',(#558,#559,#560,#561,#562,#563,#564,#565,#566,#567,
#568,#569,#570,#571,#572,#573,#574,#575,#576,#577,#578,#579,#580,#581,#582,
#583,#584,#585,#586,#587,#588,#589,#590,#591,#592,#593,#594,#595,#596,#597,
#598,#599,#600,#601,#602,#603,#604,#605,#606,#607,#608,#609,#610,#611,#612,
#613,#614,#615,#616,#617,#618,#619,#620,#621,#622,#623,#624,#625,#626,#627,
#628,#629,#630,#631,#632,#633,#634,#635,#636,#637,#638,#639,#640,#641,#642,
#643,#644,#645,#646,#647,#648,#649,#650,#651,#652,#653,#654,#655,#656,#657,
#658,#659,#660,#661,#662,#663,#664,#665,#666,#667,#668,#669,#670,#671,#672,
#673,#674,#675,#676,#677,#678,#679,#680,#681,#682,#683,#684,#685,#686,#687,
#688,#689,#690,#691,#692,#693,#694,#695,#696,#697,#698,#699,#700,#701,#702,
#703,#704,#705,#706,#707,#708,#709,#710,#711,#712,#713,#714,#715,#716,#717,
#718,#719,#720,#721,#722,#723,#724,#725,#726,#727,#728,#729,#730,#731,#732,
#733,#734,#735,#736,#737,#738,#739,#740,#741,#742,#743,#744,#745,#746,#747,
#748,#749,#750,#751,#752,#753,#754,#755,#756,#757,#758,#759,#760,#761,#762,
#763,#764,#765,#766,#767,#768,#769,#770,#771,#772,#773,#774,#775,#776,#777,
#778,#779,#780,#781,#782,#783,#784,#785,#786,#787,#788,#789,#790,#791,#792,
#793,#794,#795,#796,#797,#798,#799,#800,#801,#802,#803,#804,#805,#806,#807,
#808,#809,#810,#811,#812,#813,#814,#815,#816,#817,#818,#819,#820,#821,#822,
#823,#824,#825,#826,#827,#828,#829,#830,#831,#832,#833,#834,#835,#836,#837,
#838,#839,#840,#841,#842,#843,#844,#845,#846,#847,#848,#849,#850,#851,#852,
#853,#854,#855,#856,#857,#858,#859,#860,#861,#862,#863,#864,#865,#866,#867,
#868,#869,#870,#871,#872,#873,#874,#875,#876,#877,#878,#879,#880,#881,#882,
#883,#884,#885,#886,#887));
#88=CYLINDRICAL_SURFACE('',#6316,5.);
#89=CYLINDRICAL_SURFACE('',#6317,5.);
#90=CYLINDRICAL_SURFACE('',#6318,5.);
#91=CYLINDRICAL_SURFACE('',#6319,5.);
#92=CYLINDRICAL_SURFACE('',#6329,2.);
#93=CYLINDRICAL_SURFACE('',#6330,2.);
#94=CYLINDRICAL_SURFACE('',#6331,2.);
#95=CYLINDRICAL_SURFACE('',#6332,2.);
#96=CYLINDRICAL_SURFACE('',#6639,2.);
#97=CYLINDRICAL_SURFACE('',#6640,2.);
#98=CYLINDRICAL_SURFACE('',#6641,2.);
#99=CYLINDRICAL_SURFACE('',#6642,2.);
#100=CYLINDRICAL_SURFACE('',#6643,2.);
#101=CYLINDRICAL_SURFACE('',#6644,2.);
#102=CYLINDRICAL_SURFACE('',#6645,2.);
#103=CYLINDRICAL_SURFACE('',#6646,2.);
#104=CYLINDRICAL_SURFACE('',#6647,2.);
#105=CYLINDRICAL_SURFACE('',#6648,2.);
#106=CYLINDRICAL_SURFACE('',#6649,2.);
#107=CYLINDRICAL_SURFACE('',#6650,2.);
#108=CYLINDRICAL_SURFACE('',#6651,2.);
#109=CYLINDRICAL_SURFACE('',#6652,2.);
#110=CYLINDRICAL_SURFACE('',#6653,2.);
#111=CYLINDRICAL_SURFACE('',#6654,2.);
#112=CYLINDRICAL_SURFACE('',#6655,2.);
#113=CYLINDRICAL_SURFACE('',#6656,2.);
#114=CYLINDRICAL_SURFACE('',#6657,2.);
#115=CYLINDRICAL_SURFACE('',#6658,2.);
#116=CYLINDRICAL_SURFACE('',#6659,2.);
#117=CYLINDRICAL_SURFACE('',#6660,2.);
#118=CYLINDRICAL_SURFACE('',#6661,2.);
#119=CYLINDRICAL_SURFACE('',#6662,2.);
#120=CYLINDRICAL_SURFACE('',#6663,2.);
#121=CYLINDRICAL_SURFACE('',#6664,2.);
#122=CYLINDRICAL_SURFACE('',#6665,2.);
#123=CYLINDRICAL_SURFACE('',#6666,2.);
#124=CYLINDRICAL_SURFACE('',#6667,2.);
#125=CYLINDRICAL_SURFACE('',#6668,2.);
#126=CYLINDRICAL_SURFACE('',#6669,2.);
#127=CYLINDRICAL_SURFACE('',#6670,2.);
#128=CYLINDRICAL_SURFACE('',#6671,2.);
#129=CYLINDRICAL_SURFACE('',#6672,2.);
#130=CYLINDRICAL_SURFACE('',#6673,2.);
#131=CYLINDRICAL_SURFACE('',#6674,2.);
#132=CYLINDRICAL_SURFACE('',#6675,2.);
#133=CYLINDRICAL_SURFACE('',#6676,2.);
#134=CYLINDRICAL_SURFACE('',#6677,2.);
#135=CYLINDRICAL_SURFACE('',#6678,2.);
#136=CYLINDRICAL_SURFACE('',#6679,2.);
#137=CYLINDRICAL_SURFACE('',#6680,2.);
#138=CYLINDRICAL_SURFACE('',#6681,2.);
#139=CYLINDRICAL_SURFACE('',#6682,2.);
#140=CYLINDRICAL_SURFACE('',#6683,2.);
#141=CYLINDRICAL_SURFACE('',#6684,2.);
#142=CYLINDRICAL_SURFACE('',#6685,2.);
#143=CYLINDRICAL_SURFACE('',#6686,2.);
#144=CYLINDRICAL_SURFACE('',#6687,2.);
#145=CYLINDRICAL_SURFACE('',#6688,2.);
#146=CYLINDRICAL_SURFACE('',#6689,2.);
#147=CYLINDRICAL_SURFACE('',#6690,2.);
#148=CYLINDRICAL_SURFACE('',#6691,2.);
#149=CYLINDRICAL_SURFACE('',#6692,2.);
#150=CYLINDRICAL_SURFACE('',#6693,2.);
#151=CYLINDRICAL_SURFACE('',#6694,2.);
#152=CYLINDRICAL_SURFACE('',#6695,2.);
#153=CYLINDRICAL_SURFACE('',#6696,2.);
#154=CYLINDRICAL_SURFACE('',#6697,2.);
#155=CYLINDRICAL_SURFACE('',#6698,2.);
#156=CYLINDRICAL_SURFACE('',#6699,2.);
#157=CYLINDRICAL_SURFACE('',#6700,2.);
#158=CYLINDRICAL_SURFACE('',#6701,2.);
#159=CYLINDRICAL_SURFACE('',#6702,2.);
#160=CYLINDRICAL_SURFACE('',#6703,2.);
#161=CYLINDRICAL_SURFACE('',#6704,2.);
#162=CYLINDRICAL_SURFACE('',#6705,2.);
#163=CYLINDRICAL_SURFACE('',#6706,2.);
#164=CYLINDRICAL_SURFACE('',#6707,2.);
#165=CYLINDRICAL_SURFACE('',#6708,2.);
#166=CYLINDRICAL_SURFACE('',#6709,2.);
#167=CYLINDRICAL_SURFACE('',#6710,2.);
#168=CYLINDRICAL_SURFACE('',#6711,2.);
#169=CYLINDRICAL_SURFACE('',#6712,2.);
#170=CYLINDRICAL_SURFACE('',#6713,2.);
#171=CYLINDRICAL_SURFACE('',#6714,2.);
#172=CYLINDRICAL_SURFACE('',#6715,2.);
#173=CYLINDRICAL_SURFACE('',#6716,2.);
#174=CYLINDRICAL_SURFACE('',#6717,2.);
#175=CYLINDRICAL_SURFACE('',#6718,2.);
#176=CYLINDRICAL_SURFACE('',#6719,2.);
#177=CYLINDRICAL_SURFACE('',#6720,2.);
#178=CYLINDRICAL_SURFACE('',#6721,2.);
#179=CYLINDRICAL_SURFACE('',#6722,2.);
#180=CYLINDRICAL_SURFACE('',#6723,2.);
#181=CYLINDRICAL_SURFACE('',#6724,2.);
#182=CYLINDRICAL_SURFACE('',#6725,2.);
#183=CYLINDRICAL_SURFACE('',#6726,2.);
#184=CYLINDRICAL_SURFACE('',#6727,2.);
#185=CYLINDRICAL_SURFACE('',#6728,2.);
#186=CYLINDRICAL_SURFACE('',#6729,2.);
#187=CYLINDRICAL_SURFACE('',#6730,2.);
#188=CYLINDRICAL_SURFACE('',#6731,2.);
#189=CYLINDRICAL_SURFACE('',#6732,2.);
#190=CYLINDRICAL_SURFACE('',#6733,2.);
#191=CYLINDRICAL_SURFACE('',#6734,2.);
#192=CYLINDRICAL_SURFACE('',#6735,2.);
#193=CYLINDRICAL_SURFACE('',#6736,2.);
#194=CYLINDRICAL_SURFACE('',#6737,2.);
#195=CYLINDRICAL_SURFACE('',#6738,2.);
#196=CYLINDRICAL_SURFACE('',#6739,2.);
#197=CYLINDRICAL_SURFACE('',#6740,2.);
#198=CYLINDRICAL_SURFACE('',#6741,2.);
#199=CYLINDRICAL_SURFACE('',#6742,2.);
#200=CYLINDRICAL_SURFACE('',#6743,2.);
#201=CYLINDRICAL_SURFACE('',#6744,2.);
#202=CYLINDRICAL_SURFACE('',#6745,2.);
#203=CYLINDRICAL_SURFACE('',#6746,2.);
#204=CYLINDRICAL_SURFACE('',#6747,2.);
#205=CYLINDRICAL_SURFACE('',#6748,2.);
#206=CYLINDRICAL_SURFACE('',#6749,2.);
#207=CYLINDRICAL_SURFACE('',#6750,2.);
#208=CYLINDRICAL_SURFACE('',#6751,2.);
#209=CYLINDRICAL_SURFACE('',#6752,2.);
#210=CYLINDRICAL_SURFACE('',#6753,2.);
#211=CYLINDRICAL_SURFACE('',#6754,2.);
#212=CYLINDRICAL_SURFACE('',#6755,2.);
#213=CYLINDRICAL_SURFACE('',#6756,2.);
#214=CYLINDRICAL_SURFACE('',#6757,2.);
#215=CYLINDRICAL_SURFACE('',#6758,2.);
#216=CYLINDRICAL_SURFACE('',#6759,2.);
#217=CYLINDRICAL_SURFACE('',#6760,2.);
#218=CYLINDRICAL_SURFACE('',#6761,2.);
#219=CYLINDRICAL_SURFACE('',#6762,2.);
#220=CYLINDRICAL_SURFACE('',#6763,2.);
#221=CYLINDRICAL_SURFACE('',#6764,2.);
#222=CYLINDRICAL_SURFACE('',#6765,2.);
#223=CYLINDRICAL_SURFACE('',#6766,2.);
#224=CYLINDRICAL_SURFACE('',#6767,2.);
#225=CYLINDRICAL_SURFACE('',#6768,2.);
#226=CYLINDRICAL_SURFACE('',#6769,2.);
#227=CYLINDRICAL_SURFACE('',#6770,2.);
#228=CYLINDRICAL_SURFACE('',#6771,2.);
#229=CYLINDRICAL_SURFACE('',#6772,2.);
#230=CYLINDRICAL_SURFACE('',#6773,2.);
#231=CYLINDRICAL_SURFACE('',#6774,2.);
#232=FACE_BOUND('',#1407,.T.);
#233=FACE_BOUND('',#1408,.T.);
#234=FACE_BOUND('',#1413,.T.);
#235=FACE_BOUND('',#1414,.T.);
#236=FACE_BOUND('',#1415,.T.);
#237=FACE_BOUND('',#1416,.T.);
#238=FACE_BOUND('',#1417,.T.);
#239=FACE_BOUND('',#1418,.T.);
#240=FACE_BOUND('',#1419,.T.);
#241=FACE_BOUND('',#1420,.T.);
#242=FACE_BOUND('',#1421,.T.);
#243=FACE_BOUND('',#1422,.T.);
#244=FACE_BOUND('',#1423,.T.);
#245=FACE_BOUND('',#1424,.T.);
#246=FACE_BOUND('',#1425,.T.);
#247=FACE_BOUND('',#1426,.T.);
#248=FACE_BOUND('',#1427,.T.);
#249=FACE_BOUND('',#1428,.T.);
#250=FACE_BOUND('',#1429,.T.);
#251=FACE_BOUND('',#1430,.T.);
#252=FACE_BOUND('',#1431,.T.);
#253=FACE_BOUND('',#1432,.T.);
#254=FACE_BOUND('',#1433,.T.);
#255=FACE_BOUND('',#1434,.T.);
#256=FACE_BOUND('',#1435,.T.);
#257=FACE_BOUND('',#1436,.T.);
#258=FACE_BOUND('',#1437,.T.);
#259=FACE_BOUND('',#1438,.T.);
#260=FACE_BOUND('',#1439,.T.);
#261=FACE_BOUND('',#1440,.T.);
#262=FACE_BOUND('',#1441,.T.);
#263=FACE_BOUND('',#1442,.T.);
#264=FACE_BOUND('',#1443,.T.);
#265=FACE_BOUND('',#1444,.T.);
#266=FACE_BOUND('',#1445,.T.);
#267=FACE_BOUND('',#1446,.T.);
#268=FACE_BOUND('',#1447,.T.);
#269=FACE_BOUND('',#1448,.T.);
#270=CIRCLE('',#6162,5.);
#271=CIRCLE('',#6163,5.);
#272=CIRCLE('',#6164,5.);
#273=CIRCLE('',#6165,5.);
#274=CIRCLE('',#6171,2.);
#275=CIRCLE('',#6172,2.);
#276=CIRCLE('',#6173,2.);
#277=CIRCLE('',#6174,2.);
#278=CIRCLE('',#6175,2.);
#279=CIRCLE('',#6176,2.);
#280=CIRCLE('',#6177,2.);
#281=CIRCLE('',#6178,2.);
#282=CIRCLE('',#6179,2.);
#283=CIRCLE('',#6180,2.);
#284=CIRCLE('',#6181,2.);
#285=CIRCLE('',#6182,2.);
#286=CIRCLE('',#6183,2.);
#287=CIRCLE('',#6184,2.);
#288=CIRCLE('',#6185,2.);
#289=CIRCLE('',#6186,2.);
#290=CIRCLE('',#6187,2.);
#291=CIRCLE('',#6188,2.);
#292=CIRCLE('',#6189,2.);
#293=CIRCLE('',#6190,2.);
#294=CIRCLE('',#6191,2.);
#295=CIRCLE('',#6192,2.);
#296=CIRCLE('',#6193,2.);
#297=CIRCLE('',#6194,2.);
#298=CIRCLE('',#6195,2.);
#299=CIRCLE('',#6196,2.);
#300=CIRCLE('',#6197,2.);
#301=CIRCLE('',#6198,2.);
#302=CIRCLE('',#6199,2.);
#303=CIRCLE('',#6200,2.);
#304=CIRCLE('',#6201,2.);
#305=CIRCLE('',#6202,2.);
#306=CIRCLE('',#6203,2.);
#307=CIRCLE('',#6204,2.);
#308=CIRCLE('',#6205,2.);
#309=CIRCLE('',#6206,2.);
#310=CIRCLE('',#6207,2.);
#311=CIRCLE('',#6208,2.);
#312=CIRCLE('',#6209,2.);
#313=CIRCLE('',#6210,2.);
#314=CIRCLE('',#6211,2.);
#315=CIRCLE('',#6212,2.);
#316=CIRCLE('',#6213,2.);
#317=CIRCLE('',#6214,2.);
#318=CIRCLE('',#6215,2.);
#319=CIRCLE('',#6216,2.);
#320=CIRCLE('',#6217,2.);
#321=CIRCLE('',#6218,2.);
#322=CIRCLE('',#6219,2.);
#323=CIRCLE('',#6220,2.);
#324=CIRCLE('',#6221,2.);
#325=CIRCLE('',#6222,2.);
#326=CIRCLE('',#6223,2.);
#327=CIRCLE('',#6224,2.);
#328=CIRCLE('',#6225,2.);
#329=CIRCLE('',#6226,2.);
#330=CIRCLE('',#6227,2.);
#331=CIRCLE('',#6228,2.);
#332=CIRCLE('',#6229,2.);
#333=CIRCLE('',#6230,2.);
#334=CIRCLE('',#6231,2.);
#335=CIRCLE('',#6232,2.);
#336=CIRCLE('',#6233,2.);
#337=CIRCLE('',#6234,2.);
#338=CIRCLE('',#6235,2.);
#339=CIRCLE('',#6236,2.);
#340=CIRCLE('',#6237,2.);
#341=CIRCLE('',#6238,2.);
#342=CIRCLE('',#6239,2.);
#343=CIRCLE('',#6240,2.);
#344=CIRCLE('',#6241,2.);
#345=CIRCLE('',#6242,2.);
#346=CIRCLE('',#6243,2.);
#347=CIRCLE('',#6244,2.);
#348=CIRCLE('',#6245,2.);
#349=CIRCLE('',#6246,2.);
#350=CIRCLE('',#6247,2.);
#351=CIRCLE('',#6248,2.);
#352=CIRCLE('',#6249,2.);
#353=CIRCLE('',#6250,2.);
#354=CIRCLE('',#6251,2.);
#355=CIRCLE('',#6252,2.);
#356=CIRCLE('',#6253,2.);
#357=CIRCLE('',#6254,2.);
#358=CIRCLE('',#6255,2.);
#359=CIRCLE('',#6256,2.);
#360=CIRCLE('',#6257,2.);
#361=CIRCLE('',#6258,2.);
#362=CIRCLE('',#6259,2.);
#363=CIRCLE('',#6260,2.);
#364=CIRCLE('',#6261,2.);
#365=CIRCLE('',#6262,2.);
#366=CIRCLE('',#6263,2.);
#367=CIRCLE('',#6264,2.);
#368=CIRCLE('',#6265,2.);
#369=CIRCLE('',#6266,2.);
#370=CIRCLE('',#6267,2.);
#371=CIRCLE('',#6268,2.);
#372=CIRCLE('',#6269,2.);
#373=CIRCLE('',#6270,2.);
#374=CIRCLE('',#6271,2.);
#375=CIRCLE('',#6272,2.);
#376=CIRCLE('',#6273,2.);
#377=CIRCLE('',#6274,2.);
#378=CIRCLE('',#6275,2.);
#379=CIRCLE('',#6276,2.);
#380=CIRCLE('',#6277,2.);
#381=CIRCLE('',#6278,2.);
#382=CIRCLE('',#6279,2.);
#383=CIRCLE('',#6280,2.);
#384=CIRCLE('',#6281,2.);
#385=CIRCLE('',#6282,2.);
#386=CIRCLE('',#6283,2.);
#387=CIRCLE('',#6284,2.);
#388=CIRCLE('',#6285,2.);
#389=CIRCLE('',#6286,2.);
#390=CIRCLE('',#6287,2.);
#391=CIRCLE('',#6288,2.);
#392=CIRCLE('',#6289,2.);
#393=CIRCLE('',#6290,2.);
#394=CIRCLE('',#6291,2.);
#395=CIRCLE('',#6292,2.);
#396=CIRCLE('',#6293,2.);
#397=CIRCLE('',#6294,2.);
#398=CIRCLE('',#6295,2.);
#399=CIRCLE('',#6296,2.);
#400=CIRCLE('',#6297,2.);
#401=CIRCLE('',#6298,2.);
#402=CIRCLE('',#6299,2.);
#403=CIRCLE('',#6300,2.);
#404=CIRCLE('',#6301,2.);
#405=CIRCLE('',#6302,2.);
#406=CIRCLE('',#6303,2.);
#407=CIRCLE('',#6304,2.);
#408=CIRCLE('',#6305,2.);
#409=CIRCLE('',#6306,2.);
#410=CIRCLE('',#6307,2.);
#411=CIRCLE('',#6308,2.);
#412=CIRCLE('',#6309,2.);
#413=CIRCLE('',#6310,2.);
#414=CIRCLE('',#6311,5.);
#415=CIRCLE('',#6312,5.);
#416=CIRCLE('',#6313,5.);
#417=CIRCLE('',#6314,5.);
#418=CIRCLE('',#6324,2.);
#419=CIRCLE('',#6325,2.);
#420=CIRCLE('',#6326,2.);
#421=CIRCLE('',#6327,2.);
#422=CIRCLE('',#6337,2.);
#423=CIRCLE('',#6338,2.);
#424=CIRCLE('',#6339,2.);
#425=CIRCLE('',#6340,2.);
#426=CIRCLE('',#6346,2.);
#427=CIRCLE('',#6347,2.);
#428=CIRCLE('',#6348,2.);
#429=CIRCLE('',#6349,2.);
#430=CIRCLE('',#6355,2.);
#431=CIRCLE('',#6356,2.);
#432=CIRCLE('',#6357,2.);
#433=CIRCLE('',#6358,2.);
#434=CIRCLE('',#6364,2.);
#435=CIRCLE('',#6365,2.);
#436=CIRCLE('',#6366,2.);
#437=CIRCLE('',#6367,2.);
#438=CIRCLE('',#6373,2.);
#439=CIRCLE('',#6374,2.);
#440=CIRCLE('',#6375,2.);
#441=CIRCLE('',#6376,2.);
#442=CIRCLE('',#6382,2.);
#443=CIRCLE('',#6383,2.);
#444=CIRCLE('',#6384,2.);
#445=CIRCLE('',#6385,2.);
#446=CIRCLE('',#6391,2.);
#447=CIRCLE('',#6392,2.);
#448=CIRCLE('',#6393,2.);
#449=CIRCLE('',#6394,2.);
#450=CIRCLE('',#6400,2.);
#451=CIRCLE('',#6401,2.);
#452=CIRCLE('',#6402,2.);
#453=CIRCLE('',#6403,2.);
#454=CIRCLE('',#6409,2.);
#455=CIRCLE('',#6410,2.);
#456=CIRCLE('',#6411,2.);
#457=CIRCLE('',#6412,2.);
#458=CIRCLE('',#6418,2.);
#459=CIRCLE('',#6419,2.);
#460=CIRCLE('',#6420,2.);
#461=CIRCLE('',#6421,2.);
#462=CIRCLE('',#6427,2.);
#463=CIRCLE('',#6428,2.);
#464=CIRCLE('',#6429,2.);
#465=CIRCLE('',#6430,2.);
#466=CIRCLE('',#6436,2.);
#467=CIRCLE('',#6437,2.);
#468=CIRCLE('',#6438,2.);
#469=CIRCLE('',#6439,2.);
#470=CIRCLE('',#6445,2.);
#471=CIRCLE('',#6446,2.);
#472=CIRCLE('',#6447,2.);
#473=CIRCLE('',#6448,2.);
#474=CIRCLE('',#6454,2.);
#475=CIRCLE('',#6455,2.);
#476=CIRCLE('',#6456,2.);
#477=CIRCLE('',#6457,2.);
#478=CIRCLE('',#6463,2.);
#479=CIRCLE('',#6464,2.);
#480=CIRCLE('',#6465,2.);
#481=CIRCLE('',#6466,2.);
#482=CIRCLE('',#6472,2.);
#483=CIRCLE('',#6473,2.);
#484=CIRCLE('',#6474,2.);
#485=CIRCLE('',#6475,2.);
#486=CIRCLE('',#6481,2.);
#487=CIRCLE('',#6482,2.);
#488=CIRCLE('',#6483,2.);
#489=CIRCLE('',#6484,2.);
#490=CIRCLE('',#6490,2.);
#491=CIRCLE('',#6491,2.);
#492=CIRCLE('',#6492,2.);
#493=CIRCLE('',#6493,2.);
#494=CIRCLE('',#6499,2.);
#495=CIRCLE('',#6500,2.);
#496=CIRCLE('',#6501,2.);
#497=CIRCLE('',#6502,2.);
#498=CIRCLE('',#6508,2.);
#499=CIRCLE('',#6509,2.);
#500=CIRCLE('',#6510,2.);
#501=CIRCLE('',#6511,2.);
#502=CIRCLE('',#6517,2.);
#503=CIRCLE('',#6518,2.);
#504=CIRCLE('',#6519,2.);
#505=CIRCLE('',#6520,2.);
#506=CIRCLE('',#6526,2.);
#507=CIRCLE('',#6527,2.);
#508=CIRCLE('',#6528,2.);
#509=CIRCLE('',#6529,2.);
#510=CIRCLE('',#6535,2.);
#511=CIRCLE('',#6536,2.);
#512=CIRCLE('',#6537,2.);
#513=CIRCLE('',#6538,2.);
#514=CIRCLE('',#6544,2.);
#515=CIRCLE('',#6545,2.);
#516=CIRCLE('',#6546,2.);
#517=CIRCLE('',#6547,2.);
#518=CIRCLE('',#6553,2.);
#519=CIRCLE('',#6554,2.);
#520=CIRCLE('',#6555,2.);
#521=CIRCLE('',#6556,2.);
#522=CIRCLE('',#6562,2.);
#523=CIRCLE('',#6563,2.);
#524=CIRCLE('',#6564,2.);
#525=CIRCLE('',#6565,2.);
#526=CIRCLE('',#6571,2.);
#527=CIRCLE('',#6572,2.);
#528=CIRCLE('',#6573,2.);
#529=CIRCLE('',#6574,2.);
#530=CIRCLE('',#6580,2.);
#531=CIRCLE('',#6581,2.);
#532=CIRCLE('',#6582,2.);
#533=CIRCLE('',#6583,2.);
#534=CIRCLE('',#6589,2.);
#535=CIRCLE('',#6590,2.);
#536=CIRCLE('',#6591,2.);
#537=CIRCLE('',#6592,2.);
#538=CIRCLE('',#6598,2.);
#539=CIRCLE('',#6599,2.);
#540=CIRCLE('',#6600,2.);
#541=CIRCLE('',#6601,2.);
#542=CIRCLE('',#6607,2.);
#543=CIRCLE('',#6608,2.);
#544=CIRCLE('',#6609,2.);
#545=CIRCLE('',#6610,2.);
#546=CIRCLE('',#6616,2.);
#547=CIRCLE('',#6617,2.);
#548=CIRCLE('',#6618,2.);
#549=CIRCLE('',#6619,2.);
#550=CIRCLE('',#6625,2.);
#551=CIRCLE('',#6626,2.);
#552=CIRCLE('',#6627,2.);
#553=CIRCLE('',#6628,2.);
#554=CIRCLE('',#6634,2.);
#555=CIRCLE('',#6635,2.);
#556=CIRCLE('',#6636,2.);
#557=CIRCLE('',#6637,2.);
#558=ADVANCED_FACE('',(#1074),#888,.T.);
#559=ADVANCED_FACE('',(#1075),#889,.T.);
#560=ADVANCED_FACE('',(#1076),#890,.T.);
#561=ADVANCED_FACE('',(#1077),#891,.T.);
#562=ADVANCED_FACE('',(#1078),#892,.F.);
#563=ADVANCED_FACE('',(#232,#233),#893,.T.);
#564=ADVANCED_FACE('',(#1079),#894,.F.);
#565=ADVANCED_FACE('',(#1080),#895,.F.);
#566=ADVANCED_FACE('',(#1081),#896,.F.);
#567=ADVANCED_FACE('',(#1082),#897,.F.);
#568=ADVANCED_FACE('',(#234,#235,#236,#237,#238,#239,#240,#241,#242,#243,
#244,#245,#246,#247,#248,#249,#250,#251,#252,#253,#254,#255,#256,#257,#258,
#259,#260,#261,#262,#263,#264,#265,#266,#267,#268,#269),#898,.T.);
#569=ADVANCED_FACE('',(#1083),#88,.F.);
#570=ADVANCED_FACE('',(#1084),#89,.F.);
#571=ADVANCED_FACE('',(#1085),#90,.F.);
#572=ADVANCED_FACE('',(#1086),#91,.F.);
#573=ADVANCED_FACE('',(#1087),#899,.F.);
#574=ADVANCED_FACE('',(#1088),#900,.F.);
#575=ADVANCED_FACE('',(#1089),#901,.F.);
#576=ADVANCED_FACE('',(#1090),#902,.F.);
#577=ADVANCED_FACE('',(#1091),#903,.T.);
#578=ADVANCED_FACE('',(#1092),#92,.F.);
#579=ADVANCED_FACE('',(#1093),#93,.F.);
#580=ADVANCED_FACE('',(#1094),#94,.F.);
#581=ADVANCED_FACE('',(#1095),#95,.F.);
#582=ADVANCED_FACE('',(#1096),#904,.F.);
#583=ADVANCED_FACE('',(#1097),#905,.F.);
#584=ADVANCED_FACE('',(#1098),#906,.F.);
#585=ADVANCED_FACE('',(#1099),#907,.F.);
#586=ADVANCED_FACE('',(#1100),#908,.T.);
#587=ADVANCED_FACE('',(#1101),#909,.F.);
#588=ADVANCED_FACE('',(#1102),#910,.F.);
#589=ADVANCED_FACE('',(#1103),#911,.F.);
#590=ADVANCED_FACE('',(#1104),#912,.F.);
#591=ADVANCED_FACE('',(#1105),#913,.T.);
#592=ADVANCED_FACE('',(#1106),#914,.F.);
#593=ADVANCED_FACE('',(#1107),#915,.F.);
#594=ADVANCED_FACE('',(#1108),#916,.F.);
#595=ADVANCED_FACE('',(#1109),#917,.F.);
#596=ADVANCED_FACE('',(#1110),#918,.T.);
#597=ADVANCED_FACE('',(#1111),#919,.F.);
#598=ADVANCED_FACE('',(#1112),#920,.F.);
#599=ADVANCED_FACE('',(#1113),#921,.F.);
#600=ADVANCED_FACE('',(#1114),#922,.F.);
#601=ADVANCED_FACE('',(#1115),#923,.T.);
#602=ADVANCED_FACE('',(#1116),#924,.F.);
#603=ADVANCED_FACE('',(#1117),#925,.F.);
#604=ADVANCED_FACE('',(#1118),#926,.F.);
#605=ADVANCED_FACE('',(#1119),#927,.F.);
#606=ADVANCED_FACE('',(#1120),#928,.T.);
#607=ADVANCED_FACE('',(#1121),#929,.F.);
#608=ADVANCED_FACE('',(#1122),#930,.F.);
#609=ADVANCED_FACE('',(#1123),#931,.F.);
#610=ADVANCED_FACE('',(#1124),#932,.F.);
#611=ADVANCED_FACE('',(#1125),#933,.T.);
#612=ADVANCED_FACE('',(#1126),#934,.F.);
#613=ADVANCED_FACE('',(#1127),#935,.F.);
#614=ADVANCED_FACE('',(#1128),#936,.F.);
#615=ADVANCED_FACE('',(#1129),#937,.F.);
#616=ADVANCED_FACE('',(#1130),#938,.T.);
#617=ADVANCED_FACE('',(#1131),#939,.F.);
#618=ADVANCED_FACE('',(#1132),#940,.F.);
#619=ADVANCED_FACE('',(#1133),#941,.F.);
#620=ADVANCED_FACE('',(#1134),#942,.F.);
#621=ADVANCED_FACE('',(#1135),#943,.T.);
#622=ADVANCED_FACE('',(#1136),#944,.F.);
#623=ADVANCED_FACE('',(#1137),#945,.F.);
#624=ADVANCED_FACE('',(#1138),#946,.F.);
#625=ADVANCED_FACE('',(#1139),#947,.F.);
#626=ADVANCED_FACE('',(#1140),#948,.T.);
#627=ADVANCED_FACE('',(#1141),#949,.F.);
#628=ADVANCED_FACE('',(#1142),#950,.F.);
#629=ADVANCED_FACE('',(#1143),#951,.F.);
#630=ADVANCED_FACE('',(#1144),#952,.F.);
#631=ADVANCED_FACE('',(#1145),#953,.T.);
#632=ADVANCED_FACE('',(#1146),#954,.F.);
#633=ADVANCED_FACE('',(#1147),#955,.F.);
#634=ADVANCED_FACE('',(#1148),#956,.F.);
#635=ADVANCED_FACE('',(#1149),#957,.F.);
#636=ADVANCED_FACE('',(#1150),#958,.T.);
#637=ADVANCED_FACE('',(#1151),#959,.F.);
#638=ADVANCED_FACE('',(#1152),#960,.F.);
#639=ADVANCED_FACE('',(#1153),#961,.F.);
#640=ADVANCED_FACE('',(#1154),#962,.F.);
#641=ADVANCED_FACE('',(#1155),#963,.T.);
#642=ADVANCED_FACE('',(#1156),#964,.F.);
#643=ADVANCED_FACE('',(#1157),#965,.F.);
#644=ADVANCED_FACE('',(#1158),#966,.F.);
#645=ADVANCED_FACE('',(#1159),#967,.F.);
#646=ADVANCED_FACE('',(#1160),#968,.T.);
#647=ADVANCED_FACE('',(#1161),#969,.F.);
#648=ADVANCED_FACE('',(#1162),#970,.F.);
#649=ADVANCED_FACE('',(#1163),#971,.F.);
#650=ADVANCED_FACE('',(#1164),#972,.F.);
#651=ADVANCED_FACE('',(#1165),#973,.T.);
#652=ADVANCED_FACE('',(#1166),#974,.F.);
#653=ADVANCED_FACE('',(#1167),#975,.F.);
#654=ADVANCED_FACE('',(#1168),#976,.F.);
#655=ADVANCED_FACE('',(#1169),#977,.F.);
#656=ADVANCED_FACE('',(#1170),#978,.T.);
#657=ADVANCED_FACE('',(#1171),#979,.F.);
#658=ADVANCED_FACE('',(#1172),#980,.F.);
#659=ADVANCED_FACE('',(#1173),#981,.F.);
#660=ADVANCED_FACE('',(#1174),#982,.F.);
#661=ADVANCED_FACE('',(#1175),#983,.T.);
#662=ADVANCED_FACE('',(#1176),#984,.F.);
#663=ADVANCED_FACE('',(#1177),#985,.F.);
#664=ADVANCED_FACE('',(#1178),#986,.F.);
#665=ADVANCED_FACE('',(#1179),#987,.F.);
#666=ADVANCED_FACE('',(#1180),#988,.T.);
#667=ADVANCED_FACE('',(#1181),#989,.F.);
#668=ADVANCED_FACE('',(#1182),#990,.F.);
#669=ADVANCED_FACE('',(#1183),#991,.F.);
#670=ADVANCED_FACE('',(#1184),#992,.F.);
#671=ADVANCED_FACE('',(#1185),#993,.T.);
#672=ADVANCED_FACE('',(#1186),#994,.F.);
#673=ADVANCED_FACE('',(#1187),#995,.F.);
#674=ADVANCED_FACE('',(#1188),#996,.F.);
#675=ADVANCED_FACE('',(#1189),#997,.F.);
#676=ADVANCED_FACE('',(#1190),#998,.T.);
#677=ADVANCED_FACE('',(#1191),#999,.F.);
#678=ADVANCED_FACE('',(#1192),#1000,.F.);
#679=ADVANCED_FACE('',(#1193),#1001,.F.);
#680=ADVANCED_FACE('',(#1194),#1002,.F.);
#681=ADVANCED_FACE('',(#1195),#1003,.T.);
#682=ADVANCED_FACE('',(#1196),#1004,.F.);
#683=ADVANCED_FACE('',(#1197),#1005,.F.);
#684=ADVANCED_FACE('',(#1198),#1006,.F.);
#685=ADVANCED_FACE('',(#1199),#1007,.F.);
#686=ADVANCED_FACE('',(#1200),#1008,.T.);
#687=ADVANCED_FACE('',(#1201),#1009,.F.);
#688=ADVANCED_FACE('',(#1202),#1010,.F.);
#689=ADVANCED_FACE('',(#1203),#1011,.F.);
#690=ADVANCED_FACE('',(#1204),#1012,.F.);
#691=ADVANCED_FACE('',(#1205),#1013,.T.);
#692=ADVANCED_FACE('',(#1206),#1014,.F.);
#693=ADVANCED_FACE('',(#1207),#1015,.F.);
#694=ADVANCED_FACE('',(#1208),#1016,.F.);
#695=ADVANCED_FACE('',(#1209),#1017,.F.);
#696=ADVANCED_FACE('',(#1210),#1018,.T.);
#697=ADVANCED_FACE('',(#1211),#1019,.F.);
#698=ADVANCED_FACE('',(#1212),#1020,.F.);
#699=ADVANCED_FACE('',(#1213),#1021,.F.);
#700=ADVANCED_FACE('',(#1214),#1022,.F.);
#701=ADVANCED_FACE('',(#1215),#1023,.T.);
#702=ADVANCED_FACE('',(#1216),#1024,.F.);
#703=ADVANCED_FACE('',(#1217),#1025,.F.);
#704=ADVANCED_FACE('',(#1218),#1026,.F.);
#705=ADVANCED_FACE('',(#1219),#1027,.F.);
#706=ADVANCED_FACE('',(#1220),#1028,.T.);
#707=ADVANCED_FACE('',(#1221),#1029,.F.);
#708=ADVANCED_FACE('',(#1222),#1030,.F.);
#709=ADVANCED_FACE('',(#1223),#1031,.F.);
#710=ADVANCED_FACE('',(#1224),#1032,.F.);
#711=ADVANCED_FACE('',(#1225),#1033,.T.);
#712=ADVANCED_FACE('',(#1226),#1034,.F.);
#713=ADVANCED_FACE('',(#1227),#1035,.F.);
#714=ADVANCED_FACE('',(#1228),#1036,.F.);
#715=ADVANCED_FACE('',(#1229),#1037,.F.);
#716=ADVANCED_FACE('',(#1230),#1038,.T.);
#717=ADVANCED_FACE('',(#1231),#1039,.F.);
#718=ADVANCED_FACE('',(#1232),#1040,.F.);
#719=ADVANCED_FACE('',(#1233),#1041,.F.);
#720=ADVANCED_FACE('',(#1234),#1042,.F.);
#721=ADVANCED_FACE('',(#1235),#1043,.T.);
#722=ADVANCED_FACE('',(#1236),#1044,.F.);
#723=ADVANCED_FACE('',(#1237),#1045,.F.);
#724=ADVANCED_FACE('',(#1238),#1046,.F.);
#725=ADVANCED_FACE('',(#1239),#1047,.F.);
#726=ADVANCED_FACE('',(#1240),#1048,.T.);
#727=ADVANCED_FACE('',(#1241),#1049,.F.);
#728=ADVANCED_FACE('',(#1242),#1050,.F.);
#729=ADVANCED_FACE('',(#1243),#1051,.F.);
#730=ADVANCED_FACE('',(#1244),#1052,.F.);
#731=ADVANCED_FACE('',(#1245),#1053,.T.);
#732=ADVANCED_FACE('',(#1246),#1054,.F.);
#733=ADVANCED_FACE('',(#1247),#1055,.F.);
#734=ADVANCED_FACE('',(#1248),#1056,.F.);
#735=ADVANCED_FACE('',(#1249),#1057,.F.);
#736=ADVANCED_FACE('',(#1250),#1058,.T.);
#737=ADVANCED_FACE('',(#1251),#1059,.F.);
#738=ADVANCED_FACE('',(#1252),#1060,.F.);
#739=ADVANCED_FACE('',(#1253),#1061,.F.);
#740=ADVANCED_FACE('',(#1254),#1062,.F.);
#741=ADVANCED_FACE('',(#1255),#1063,.T.);
#742=ADVANCED_FACE('',(#1256),#1064,.F.);
#743=ADVANCED_FACE('',(#1257),#1065,.F.);
#744=ADVANCED_FACE('',(#1258),#1066,.F.);
#745=ADVANCED_FACE('',(#1259),#1067,.F.);
#746=ADVANCED_FACE('',(#1260),#1068,.T.);
#747=ADVANCED_FACE('',(#1261),#1069,.F.);
#748=ADVANCED_FACE('',(#1262),#1070,.F.);
#749=ADVANCED_FACE('',(#1263),#1071,.F.);
#750=ADVANCED_FACE('',(#1264),#1072,.F.);
#751=ADVANCED_FACE('',(#1265),#1073,.T.);
#752=ADVANCED_FACE('',(#1266),#96,.F.);
#753=ADVANCED_FACE('',(#1267),#97,.F.);
#754=ADVANCED_FACE('',(#1268),#98,.F.);
#755=ADVANCED_FACE('',(#1269),#99,.F.);
#756=ADVANCED_FACE('',(#1270),#100,.F.);
#757=ADVANCED_FACE('',(#1271),#101,.F.);
#758=ADVANCED_FACE('',(#1272),#102,.F.);
#759=ADVANCED_FACE('',(#1273),#103,.F.);
#760=ADVANCED_FACE('',(#1274),#104,.F.);
#761=ADVANCED_FACE('',(#1275),#105,.F.);
#762=ADVANCED_FACE('',(#1276),#106,.F.);
#763=ADVANCED_FACE('',(#1277),#107,.F.);
#764=ADVANCED_FACE('',(#1278),#108,.F.);
#765=ADVANCED_FACE('',(#1279),#109,.F.);
#766=ADVANCED_FACE('',(#1280),#110,.F.);
#767=ADVANCED_FACE('',(#1281),#111,.F.);
#768=ADVANCED_FACE('',(#1282),#112,.F.);
#769=ADVANCED_FACE('',(#1283),#113,.F.);
#770=ADVANCED_FACE('',(#1284),#114,.F.);
#771=ADVANCED_FACE('',(#1285),#115,.F.);
#772=ADVANCED_FACE('',(#1286),#116,.F.);
#773=ADVANCED_FACE('',(#1287),#117,.F.);
#774=ADVANCED_FACE('',(#1288),#118,.F.);
#775=ADVANCED_FACE('',(#1289),#119,.F.);
#776=ADVANCED_FACE('',(#1290),#120,.F.);
#777=ADVANCED_FACE('',(#1291),#121,.F.);
#778=ADVANCED_FACE('',(#1292),#122,.F.);
#779=ADVANCED_FACE('',(#1293),#123,.F.);
#780=ADVANCED_FACE('',(#1294),#124,.F.);
#781=ADVANCED_FACE('',(#1295),#125,.F.);
#782=ADVANCED_FACE('',(#1296),#126,.F.);
#783=ADVANCED_FACE('',(#1297),#127,.F.);
#784=ADVANCED_FACE('',(#1298),#128,.F.);
#785=ADVANCED_FACE('',(#1299),#129,.F.);
#786=ADVANCED_FACE('',(#1300),#130,.F.);
#787=ADVANCED_FACE('',(#1301),#131,.F.);
#788=ADVANCED_FACE('',(#1302),#132,.F.);
#789=ADVANCED_FACE('',(#1303),#133,.F.);
#790=ADVANCED_FACE('',(#1304),#134,.F.);
#791=ADVANCED_FACE('',(#1305),#135,.F.);
#792=ADVANCED_FACE('',(#1306),#136,.F.);
#793=ADVANCED_FACE('',(#1307),#137,.F.);
#794=ADVANCED_FACE('',(#1308),#138,.F.);
#795=ADVANCED_FACE('',(#1309),#139,.F.);
#796=ADVANCED_FACE('',(#1310),#140,.F.);
#797=ADVANCED_FACE('',(#1311),#141,.F.);
#798=ADVANCED_FACE('',(#1312),#142,.F.);
#799=ADVANCED_FACE('',(#1313),#143,.F.);
#800=ADVANCED_FACE('',(#1314),#144,.F.);
#801=ADVANCED_FACE('',(#1315),#145,.F.);
#802=ADVANCED_FACE('',(#1316),#146,.F.);
#803=ADVANCED_FACE('',(#1317),#147,.F.);
#804=ADVANCED_FACE('',(#1318),#148,.F.);
#805=ADVANCED_FACE('',(#1319),#149,.F.);
#806=ADVANCED_FACE('',(#1320),#150,.F.);
#807=ADVANCED_FACE('',(#1321),#151,.F.);
#808=ADVANCED_FACE('',(#1322),#152,.F.);
#809=ADVANCED_FACE('',(#1323),#153,.F.);
#810=ADVANCED_FACE('',(#1324),#154,.F.);
#811=ADVANCED_FACE('',(#1325),#155,.F.);
#812=ADVANCED_FACE('',(#1326),#156,.F.);
#813=ADVANCED_FACE('',(#1327),#157,.F.);
#814=ADVANCED_FACE('',(#1328),#158,.F.);
#815=ADVANCED_FACE('',(#1329),#159,.F.);
#816=ADVANCED_FACE('',(#1330),#160,.F.);
#817=ADVANCED_FACE('',(#1331),#161,.F.);
#818=ADVANCED_FACE('',(#1332),#162,.F.);
#819=ADVANCED_FACE('',(#1333),#163,.F.);
#820=ADVANCED_FACE('',(#1334),#164,.F.);
#821=ADVANCED_FACE('',(#1335),#165,.F.);
#822=ADVANCED_FACE('',(#1336),#166,.F.);
#823=ADVANCED_FACE('',(#1337),#167,.F.);
#824=ADVANCED_FACE('',(#1338),#168,.F.);
#825=ADVANCED_FACE('',(#1339),#169,.F.);
#826=ADVANCED_FACE('',(#1340),#170,.F.);
#827=ADVANCED_FACE('',(#1341),#171,.F.);
#828=ADVANCED_FACE('',(#1342),#172,.F.);
#829=ADVANCED_FACE('',(#1343),#173,.F.);
#830=ADVANCED_FACE('',(#1344),#174,.F.);
#831=ADVANCED_FACE('',(#1345),#175,.F.);
#832=ADVANCED_FACE('',(#1346),#176,.F.);
#833=ADVANCED_FACE('',(#1347),#177,.F.);
#834=ADVANCED_FACE('',(#1348),#178,.F.);
#835=ADVANCED_FACE('',(#1349),#179,.F.);
#836=ADVANCED_FACE('',(#1350),#180,.F.);
#837=ADVANCED_FACE('',(#1351),#181,.F.);
#838=ADVANCED_FACE('',(#1352),#182,.F.);
#839=ADVANCED_FACE('',(#1353),#183,.F.);
#840=ADVANCED_FACE('',(#1354),#184,.F.);
#841=ADVANCED_FACE('',(#1355),#185,.F.);
#842=ADVANCED_FACE('',(#1356),#186,.F.);
#843=ADVANCED_FACE('',(#1357),#187,.F.);
#844=ADVANCED_FACE('',(#1358),#188,.F.);
#845=ADVANCED_FACE('',(#1359),#189,.F.);
#846=ADVANCED_FACE('',(#1360),#190,.F.);
#847=ADVANCED_FACE('',(#1361),#191,.F.);
#848=ADVANCED_FACE('',(#1362),#192,.F.);
#849=ADVANCED_FACE('',(#1363),#193,.F.);
#850=ADVANCED_FACE('',(#1364),#194,.F.);
#851=ADVANCED_FACE('',(#1365),#195,.F.);
#852=ADVANCED_FACE('',(#1366),#196,.F.);
#853=ADVANCED_FACE('',(#1367),#197,.F.);
#854=ADVANCED_FACE('',(#1368),#198,.F.);
#855=ADVANCED_FACE('',(#1369),#199,.F.);
#856=ADVANCED_FACE('',(#1370),#200,.F.);
#857=ADVANCED_FACE('',(#1371),#201,.F.);
#858=ADVANCED_FACE('',(#1372),#202,.F.);
#859=ADVANCED_FACE('',(#1373),#203,.F.);
#860=ADVANCED_FACE('',(#1374),#204,.F.);
#861=ADVANCED_FACE('',(#1375),#205,.F.);
#862=ADVANCED_FACE('',(#1376),#206,.F.);
#863=ADVANCED_FACE('',(#1377),#207,.F.);
#864=ADVANCED_FACE('',(#1378),#208,.F.);
#865=ADVANCED_FACE('',(#1379),#209,.F.);
#866=ADVANCED_FACE('',(#1380),#210,.F.);
#867=ADVANCED_FACE('',(#1381),#211,.F.);
#868=ADVANCED_FACE('',(#1382),#212,.F.);
#869=ADVANCED_FACE('',(#1383),#213,.F.);
#870=ADVANCED_FACE('',(#1384),#214,.F.);
#871=ADVANCED_FACE('',(#1385),#215,.F.);
#872=ADVANCED_FACE('',(#1386),#216,.F.);
#873=ADVANCED_FACE('',(#1387),#217,.F.);
#874=ADVANCED_FACE('',(#1388),#218,.F.);
#875=ADVANCED_FACE('',(#1389),#219,.F.);
#876=ADVANCED_FACE('',(#1390),#220,.F.);
#877=ADVANCED_FACE('',(#1391),#221,.F.);
#878=ADVANCED_FACE('',(#1392),#222,.F.);
#879=ADVANCED_FACE('',(#1393),#223,.F.);
#880=ADVANCED_FACE('',(#1394),#224,.F.);
#881=ADVANCED_FACE('',(#1395),#225,.F.);
#882=ADVANCED_FACE('',(#1396),#226,.F.);
#883=ADVANCED_FACE('',(#1397),#227,.F.);
#884=ADVANCED_FACE('',(#1398),#228,.F.);
#885=ADVANCED_FACE('',(#1399),#229,.F.);
#886=ADVANCED_FACE('',(#1400),#230,.F.);
#887=ADVANCED_FACE('',(#1401),#231,.F.);
#888=PLANE('',#6157);
#889=PLANE('',#6158);
#890=PLANE('',#6159);
#891=PLANE('',#6160);
#892=PLANE('',#6161);
#893=PLANE('',#6166);
#894=PLANE('',#6167);
#895=PLANE('',#6168);
#896=PLANE('',#6169);
#897=PLANE('',#6170);
#898=PLANE('',#6315);
#899=PLANE('',#6320);
#900=PLANE('',#6321);
#901=PLANE('',#6322);
#902=PLANE('',#6323);
#903=PLANE('',#6328);
#904=PLANE('',#6333);
#905=PLANE('',#6334);
#906=PLANE('',#6335);
#907=PLANE('',#6336);
#908=PLANE('',#6341);
#909=PLANE('',#6342);
#910=PLANE('',#6343);
#911=PLANE('',#6344);
#912=PLANE('',#6345);
#913=PLANE('',#6350);
#914=PLANE('',#6351);
#915=PLANE('',#6352);
#916=PLANE('',#6353);
#917=PLANE('',#6354);
#918=PLANE('',#6359);
#919=PLANE('',#6360);
#920=PLANE('',#6361);
#921=PLANE('',#6362);
#922=PLANE('',#6363);
#923=PLANE('',#6368);
#924=PLANE('',#6369);
#925=PLANE('',#6370);
#926=PLANE('',#6371);
#927=PLANE('',#6372);
#928=PLANE('',#6377);
#929=PLANE('',#6378);
#930=PLANE('',#6379);
#931=PLANE('',#6380);
#932=PLANE('',#6381);
#933=PLANE('',#6386);
#934=PLANE('',#6387);
#935=PLANE('',#6388);
#936=PLANE('',#6389);
#937=PLANE('',#6390);
#938=PLANE('',#6395);
#939=PLANE('',#6396);
#940=PLANE('',#6397);
#941=PLANE('',#6398);
#942=PLANE('',#6399);
#943=PLANE('',#6404);
#944=PLANE('',#6405);
#945=PLANE('',#6406);
#946=PLANE('',#6407);
#947=PLANE('',#6408);
#948=PLANE('',#6413);
#949=PLANE('',#6414);
#950=PLANE('',#6415);
#951=PLANE('',#6416);
#952=PLANE('',#6417);
#953=PLANE('',#6422);
#954=PLANE('',#6423);
#955=PLANE('',#6424);
#956=PLANE('',#6425);
#957=PLANE('',#6426);
#958=PLANE('',#6431);
#959=PLANE('',#6432);
#960=PLANE('',#6433);
#961=PLANE('',#6434);
#962=PLANE('',#6435);
#963=PLANE('',#6440);
#964=PLANE('',#6441);
#965=PLANE('',#6442);
#966=PLANE('',#6443);
#967=PLANE('',#6444);
#968=PLANE('',#6449);
#969=PLANE('',#6450);
#970=PLANE('',#6451);
#971=PLANE('',#6452);
#972=PLANE('',#6453);
#973=PLANE('',#6458);
#974=PLANE('',#6459);
#975=PLANE('',#6460);
#976=PLANE('',#6461);
#977=PLANE('',#6462);
#978=PLANE('',#6467);
#979=PLANE('',#6468);
#980=PLANE('',#6469);
#981=PLANE('',#6470);
#982=PLANE('',#6471);
#983=PLANE('',#6476);
#984=PLANE('',#6477);
#985=PLANE('',#6478);
#986=PLANE('',#6479);
#987=PLANE('',#6480);
#988=PLANE('',#6485);
#989=PLANE('',#6486);
#990=PLANE('',#6487);
#991=PLANE('',#6488);
#992=PLANE('',#6489);
#993=PLANE('',#6494);
#994=PLANE('',#6495);
#995=PLANE('',#6496);
#996=PLANE('',#6497);
#997=PLANE('',#6498);
#998=PLANE('',#6503);
#999=PLANE('',#6504);
#1000=PLANE('',#6505);
#1001=PLANE('',#6506);
#1002=PLANE('',#6507);
#1003=PLANE('',#6512);
#1004=PLANE('',#6513);
#1005=PLANE('',#6514);
#1006=PLANE('',#6515);
#1007=PLANE('',#6516);
#1008=PLANE('',#6521);
#1009=PLANE('',#6522);
#1010=PLANE('',#6523);
#1011=PLANE('',#6524);
#1012=PLANE('',#6525);
#1013=PLANE('',#6530);
#1014=PLANE('',#6531);
#1015=PLANE('',#6532);
#1016=PLANE('',#6533);
#1017=PLANE('',#6534);
#1018=PLANE('',#6539);
#1019=PLANE('',#6540);
#1020=PLANE('',#6541);
#1021=PLANE('',#6542);
#1022=PLANE('',#6543);
#1023=PLANE('',#6548);
#1024=PLANE('',#6549);
#1025=PLANE('',#6550);
#1026=PLANE('',#6551);
#1027=PLANE('',#6552);
#1028=PLANE('',#6557);
#1029=PLANE('',#6558);
#1030=PLANE('',#6559);
#1031=PLANE('',#6560);
#1032=PLANE('',#6561);
#1033=PLANE('',#6566);
#1034=PLANE('',#6567);
#1035=PLANE('',#6568);
#1036=PLANE('',#6569);
#1037=PLANE('',#6570);
#1038=PLANE('',#6575);
#1039=PLANE('',#6576);
#1040=PLANE('',#6577);
#1041=PLANE('',#6578);
#1042=PLANE('',#6579);
#1043=PLANE('',#6584);
#1044=PLANE('',#6585);
#1045=PLANE('',#6586);
#1046=PLANE('',#6587);
#1047=PLANE('',#6588);
#1048=PLANE('',#6593);
#1049=PLANE('',#6594);
#1050=PLANE('',#6595);
#1051=PLANE('',#6596);
#1052=PLANE('',#6597);
#1053=PLANE('',#6602);
#1054=PLANE('',#6603);
#1055=PLANE('',#6604);
#1056=PLANE('',#6605);
#1057=PLANE('',#6606);
#1058=PLANE('',#6611);
#1059=PLANE('',#6612);
#1060=PLANE('',#6613);
#1061=PLANE('',#6614);
#1062=PLANE('',#6615);
#1063=PLANE('',#6620);
#1064=PLANE('',#6621);
#1065=PLANE('',#6622);
#1066=PLANE('',#6623);
#1067=PLANE('',#6624);
#1068=PLANE('',#6629);
#1069=PLANE('',#6630);
#1070=PLANE('',#6631);
#1071=PLANE('',#6632);
#1072=PLANE('',#6633);
#1073=PLANE('',#6638);
#1074=FACE_OUTER_BOUND('',#1402,.T.);
#1075=FACE_OUTER_BOUND('',#1403,.T.);
#1076=FACE_OUTER_BOUND('',#1404,.T.);
#1077=FACE_OUTER_BOUND('',#1405,.T.);
#1078=FACE_OUTER_BOUND('',#1406,.T.);
#1079=FACE_OUTER_BOUND('',#1409,.T.);
#1080=FACE_OUTER_BOUND('',#1410,.T.);
#1081=FACE_OUTER_BOUND('',#1411,.T.);
#1082=FACE_OUTER_BOUND('',#1412,.T.);
#1083=FACE_OUTER_BOUND('',#1449,.T.);
#1084=FACE_OUTER_BOUND('',#1450,.T.);
#1085=FACE_OUTER_BOUND('',#1451,.T.);
#1086=FACE_OUTER_BOUND('',#1452,.T.);
#1087=FACE_OUTER_BOUND('',#1453,.T.);
#1088=FACE_OUTER_BOUND('',#1454,.T.);
#1089=FACE_OUTER_BOUND('',#1455,.T.);
#1090=FACE_OUTER_BOUND('',#1456,.T.);
#1091=FACE_OUTER_BOUND('',#1457,.T.);
#1092=FACE_OUTER_BOUND('',#1458,.T.);
#1093=FACE_OUTER_BOUND('',#1459,.T.);
#1094=FACE_OUTER_BOUND('',#1460,.T.);
#1095=FACE_OUTER_BOUND('',#1461,.T.);
#1096=FACE_OUTER_BOUND('',#1462,.T.);
#1097=FACE_OUTER_BOUND('',#1463,.T.);
#1098=FACE_OUTER_BOUND('',#1464,.T.);
#1099=FACE_OUTER_BOUND('',#1465,.T.);
#1100=FACE_OUTER_BOUND('',#1466,.T.);
#1101=FACE_OUTER_BOUND('',#1467,.T.);
#1102=FACE_OUTER_BOUND('',#1468,.T.);
#1103=FACE_OUTER_BOUND('',#1469,.T.);
#1104=FACE_OUTER_BOUND('',#1470,.T.);
#1105=FACE_OUTER_BOUND('',#1471,.T.);
#1106=FACE_OUTER_BOUND('',#1472,.T.);
#1107=FACE_OUTER_BOUND('',#1473,.T.);
#1108=FACE_OUTER_BOUND('',#1474,.T.);
#1109=FACE_OUTER_BOUND('',#1475,.T.);
#1110=FACE_OUTER_BOUND('',#1476,.T.);
#1111=FACE_OUTER_BOUND('',#1477,.T.);
#1112=FACE_OUTER_BOUND('',#1478,.T.);
#1113=FACE_OUTER_BOUND('',#1479,.T.);
#1114=FACE_OUTER_BOUND('',#1480,.T.);
#1115=FACE_OUTER_BOUND('',#1481,.T.);
#1116=FACE_OUTER_BOUND('',#1482,.T.);
#1117=FACE_OUTER_BOUND('',#1483,.T.);
#1118=FACE_OUTER_BOUND('',#1484,.T.);
#1119=FACE_OUTER_BOUND('',#1485,.T.);
#1120=FACE_OUTER_BOUND('',#1486,.T.);
#1121=FACE_OUTER_BOUND('',#1487,.T.);
#1122=FACE_OUTER_BOUND('',#1488,.T.);
#1123=FACE_OUTER_BOUND('',#1489,.T.);
#1124=FACE_OUTER_BOUND('',#1490,.T.);
#1125=FACE_OUTER_BOUND('',#1491,.T.);
#1126=FACE_OUTER_BOUND('',#1492,.T.);
#1127=FACE_OUTER_BOUND('',#1493,.T.);
#1128=FACE_OUTER_BOUND('',#1494,.T.);
#1129=FACE_OUTER_BOUND('',#1495,.T.);
#1130=FACE_OUTER_BOUND('',#1496,.T.);
#1131=FACE_OUTER_BOUND('',#1497,.T.);
#1132=FACE_OUTER_BOUND('',#1498,.T.);
#1133=FACE_OUTER_BOUND('',#1499,.T.);
#1134=FACE_OUTER_BOUND('',#1500,.T.);
#1135=FACE_OUTER_BOUND('',#1501,.T.);
#1136=FACE_OUTER_BOUND('',#1502,.T.);
#1137=FACE_OUTER_BOUND('',#1503,.T.);
#1138=FACE_OUTER_BOUND('',#1504,.T.);
#1139=FACE_OUTER_BOUND('',#1505,.T.);
#1140=FACE_OUTER_BOUND('',#1506,.T.);
#1141=FACE_OUTER_BOUND('',#1507,.T.);
#1142=FACE_OUTER_BOUND('',#1508,.T.);
#1143=FACE_OUTER_BOUND('',#1509,.T.);
#1144=FACE_OUTER_BOUND('',#1510,.T.);
#1145=FACE_OUTER_BOUND('',#1511,.T.);
#1146=FACE_OUTER_BOUND('',#1512,.T.);
#1147=FACE_OUTER_BOUND('',#1513,.T.);
#1148=FACE_OUTER_BOUND('',#1514,.T.);
#1149=FACE_OUTER_BOUND('',#1515,.T.);
#1150=FACE_OUTER_BOUND('',#1516,.T.);
#1151=FACE_OUTER_BOUND('',#1517,.T.);
#1152=FACE_OUTER_BOUND('',#1518,.T.);
#1153=FACE_OUTER_BOUND('',#1519,.T.);
#1154=FACE_OUTER_BOUND('',#1520,.T.);
#1155=FACE_OUTER_BOUND('',#1521,.T.);
#1156=FACE_OUTER_BOUND('',#1522,.T.);
#1157=FACE_OUTER_BOUND('',#1523,.T.);
#1158=FACE_OUTER_BOUND('',#1524,.T.);
#1159=FACE_OUTER_BOUND('',#1525,.T.);
#1160=FACE_OUTER_BOUND('',#1526,.T.);
#1161=FACE_OUTER_BOUND('',#1527,.T.);
#1162=FACE_OUTER_BOUND('',#1528,.T.);
#1163=FACE_OUTER_BOUND('',#1529,.T.);
#1164=FACE_OUTER_BOUND('',#1530,.T.);
#1165=FACE_OUTER_BOUND('',#1531,.T.);
#1166=FACE_OUTER_BOUND('',#1532,.T.);
#1167=FACE_OUTER_BOUND('',#1533,.T.);
#1168=FACE_OUTER_BOUND('',#1534,.T.);
#1169=FACE_OUTER_BOUND('',#1535,.T.);
#1170=FACE_OUTER_BOUND('',#1536,.T.);
#1171=FACE_OUTER_BOUND('',#1537,.T.);
#1172=FACE_OUTER_BOUND('',#1538,.T.);
#1173=FACE_OUTER_BOUND('',#1539,.T.);
#1174=FACE_OUTER_BOUND('',#1540,.T.);
#1175=FACE_OUTER_BOUND('',#1541,.T.);
#1176=FACE_OUTER_BOUND('',#1542,.T.);
#1177=FACE_OUTER_BOUND('',#1543,.T.);
#1178=FACE_OUTER_BOUND('',#1544,.T.);
#1179=FACE_OUTER_BOUND('',#1545,.T.);
#1180=FACE_OUTER_BOUND('',#1546,.T.);
#1181=FACE_OUTER_BOUND('',#1547,.T.);
#1182=FACE_OUTER_BOUND('',#1548,.T.);
#1183=FACE_OUTER_BOUND('',#1549,.T.);
#1184=FACE_OUTER_BOUND('',#1550,.T.);
#1185=FACE_OUTER_BOUND('',#1551,.T.);
#1186=FACE_OUTER_BOUND('',#1552,.T.);
#1187=FACE_OUTER_BOUND('',#1553,.T.);
#1188=FACE_OUTER_BOUND('',#1554,.T.);
#1189=FACE_OUTER_BOUND('',#1555,.T.);
#1190=FACE_OUTER_BOUND('',#1556,.T.);
#1191=FACE_OUTER_BOUND('',#1557,.T.);
#1192=FACE_OUTER_BOUND('',#1558,.T.);
#1193=FACE_OUTER_BOUND('',#1559,.T.);
#1194=FACE_OUTER_BOUND('',#1560,.T.);
#1195=FACE_OUTER_BOUND('',#1561,.T.);
#1196=FACE_OUTER_BOUND('',#1562,.T.);
#1197=FACE_OUTER_BOUND('',#1563,.T.);
#1198=FACE_OUTER_BOUND('',#1564,.T.);
#1199=FACE_OUTER_BOUND('',#1565,.T.);
#1200=FACE_OUTER_BOUND('',#1566,.T.);
#1201=FACE_OUTER_BOUND('',#1567,.T.);
#1202=FACE_OUTER_BOUND('',#1568,.T.);
#1203=FACE_OUTER_BOUND('',#1569,.T.);
#1204=FACE_OUTER_BOUND('',#1570,.T.);
#1205=FACE_OUTER_BOUND('',#1571,.T.);
#1206=FACE_OUTER_BOUND('',#1572,.T.);
#1207=FACE_OUTER_BOUND('',#1573,.T.);
#1208=FACE_OUTER_BOUND('',#1574,.T.);
#1209=FACE_OUTER_BOUND('',#1575,.T.);
#1210=FACE_OUTER_BOUND('',#1576,.T.);
#1211=FACE_OUTER_BOUND('',#1577,.T.);
#1212=FACE_OUTER_BOUND('',#1578,.T.);
#1213=FACE_OUTER_BOUND('',#1579,.T.);
#1214=FACE_OUTER_BOUND('',#1580,.T.);
#1215=FACE_OUTER_BOUND('',#1581,.T.);
#1216=FACE_OUTER_BOUND('',#1582,.T.);
#1217=FACE_OUTER_BOUND('',#1583,.T.);
#1218=FACE_OUTER_BOUND('',#1584,.T.);
#1219=FACE_OUTER_BOUND('',#1585,.T.);
#1220=FACE_OUTER_BOUND('',#1586,.T.);
#1221=FACE_OUTER_BOUND('',#1587,.T.);
#1222=FACE_OUTER_BOUND('',#1588,.T.);
#1223=FACE_OUTER_BOUND('',#1589,.T.);
#1224=FACE_OUTER_BOUND('',#1590,.T.);
#1225=FACE_OUTER_BOUND('',#1591,.T.);
#1226=FACE_OUTER_BOUND('',#1592,.T.);
#1227=FACE_OUTER_BOUND('',#1593,.T.);
#1228=FACE_OUTER_BOUND('',#1594,.T.);
#1229=FACE_OUTER_BOUND('',#1595,.T.);
#1230=FACE_OUTER_BOUND('',#1596,.T.);
#1231=FACE_OUTER_BOUND('',#1597,.T.);
#1232=FACE_OUTER_BOUND('',#1598,.T.);
#1233=FACE_OUTER_BOUND('',#1599,.T.);
#1234=FACE_OUTER_BOUND('',#1600,.T.);
#1235=FACE_OUTER_BOUND('',#1601,.T.);
#1236=FACE_OUTER_BOUND('',#1602,.T.);
#1237=FACE_OUTER_BOUND('',#1603,.T.);
#1238=FACE_OUTER_BOUND('',#1604,.T.);
#1239=FACE_OUTER_BOUND('',#1605,.T.);
#1240=FACE_OUTER_BOUND('',#1606,.T.);
#1241=FACE_OUTER_BOUND('',#1607,.T.);
#1242=FACE_OUTER_BOUND('',#1608,.T.);
#1243=FACE_OUTER_BOUND('',#1609,.T.);
#1244=FACE_OUTER_BOUND('',#1610,.T.);
#1245=FACE_OUTER_BOUND('',#1611,.T.);
#1246=FACE_OUTER_BOUND('',#1612,.T.);
#1247=FACE_OUTER_BOUND('',#1613,.T.);
#1248=FACE_OUTER_BOUND('',#1614,.T.);
#1249=FACE_OUTER_BOUND('',#1615,.T.);
#1250=FACE_OUTER_BOUND('',#1616,.T.);
#1251=FACE_OUTER_BOUND('',#1617,.T.);
#1252=FACE_OUTER_BOUND('',#1618,.T.);
#1253=FACE_OUTER_BOUND('',#1619,.T.);
#1254=FACE_OUTER_BOUND('',#1620,.T.);
#1255=FACE_OUTER_BOUND('',#1621,.T.);
#1256=FACE_OUTER_BOUND('',#1622,.T.);
#1257=FACE_OUTER_BOUND('',#1623,.T.);
#1258=FACE_OUTER_BOUND('',#1624,.T.);
#1259=FACE_OUTER_BOUND('',#1625,.T.);
#1260=FACE_OUTER_BOUND('',#1626,.T.);
#1261=FACE_OUTER_BOUND('',#1627,.T.);
#1262=FACE_OUTER_BOUND('',#1628,.T.);
#1263=FACE_OUTER_BOUND('',#1629,.T.);
#1264=FACE_OUTER_BOUND('',#1630,.T.);
#1265=FACE_OUTER_BOUND('',#1631,.T.);
#1266=FACE_OUTER_BOUND('',#1632,.T.);
#1267=FACE_OUTER_BOUND('',#1633,.T.);
#1268=FACE_OUTER_BOUND('',#1634,.T.);
#1269=FACE_OUTER_BOUND('',#1635,.T.);
#1270=FACE_OUTER_BOUND('',#1636,.T.);
#1271=FACE_OUTER_BOUND('',#1637,.T.);
#1272=FACE_OUTER_BOUND('',#1638,.T.);
#1273=FACE_OUTER_BOUND('',#1639,.T.);
#1274=FACE_OUTER_BOUND('',#1640,.T.);
#1275=FACE_OUTER_BOUND('',#1641,.T.);
#1276=FACE_OUTER_BOUND('',#1642,.T.);
#1277=FACE_OUTER_BOUND('',#1643,.T.);
#1278=FACE_OUTER_BOUND('',#1644,.T.);
#1279=FACE_OUTER_BOUND('',#1645,.T.);
#1280=FACE_OUTER_BOUND('',#1646,.T.);
#1281=FACE_OUTER_BOUND('',#1647,.T.);
#1282=FACE_OUTER_BOUND('',#1648,.T.);
#1283=FACE_OUTER_BOUND('',#1649,.T.);
#1284=FACE_OUTER_BOUND('',#1650,.T.);
#1285=FACE_OUTER_BOUND('',#1651,.T.);
#1286=FACE_OUTER_BOUND('',#1652,.T.);
#1287=FACE_OUTER_BOUND('',#1653,.T.);
#1288=FACE_OUTER_BOUND('',#1654,.T.);
#1289=FACE_OUTER_BOUND('',#1655,.T.);
#1290=FACE_OUTER_BOUND('',#1656,.T.);
#1291=FACE_OUTER_BOUND('',#1657,.T.);
#1292=FACE_OUTER_BOUND('',#1658,.T.);
#1293=FACE_OUTER_BOUND('',#1659,.T.);
#1294=FACE_OUTER_BOUND('',#1660,.T.);
#1295=FACE_OUTER_BOUND('',#1661,.T.);
#1296=FACE_OUTER_BOUND('',#1662,.T.);
#1297=FACE_OUTER_BOUND('',#1663,.T.);
#1298=FACE_OUTER_BOUND('',#1664,.T.);
#1299=FACE_OUTER_BOUND('',#1665,.T.);
#1300=FACE_OUTER_BOUND('',#1666,.T.);
#1301=FACE_OUTER_BOUND('',#1667,.T.);
#1302=FACE_OUTER_BOUND('',#1668,.T.);
#1303=FACE_OUTER_BOUND('',#1669,.T.);
#1304=FACE_OUTER_BOUND('',#1670,.T.);
#1305=FACE_OUTER_BOUND('',#1671,.T.);
#1306=FACE_OUTER_BOUND('',#1672,.T.);
#1307=FACE_OUTER_BOUND('',#1673,.T.);
#1308=FACE_OUTER_BOUND('',#1674,.T.);
#1309=FACE_OUTER_BOUND('',#1675,.T.);
#1310=FACE_OUTER_BOUND('',#1676,.T.);
#1311=FACE_OUTER_BOUND('',#1677,.T.);
#1312=FACE_OUTER_BOUND('',#1678,.T.);
#1313=FACE_OUTER_BOUND('',#1679,.T.);
#1314=FACE_OUTER_BOUND('',#1680,.T.);
#1315=FACE_OUTER_BOUND('',#1681,.T.);
#1316=FACE_OUTER_BOUND('',#1682,.T.);
#1317=FACE_OUTER_BOUND('',#1683,.T.);
#1318=FACE_OUTER_BOUND('',#1684,.T.);
#1319=FACE_OUTER_BOUND('',#1685,.T.);
#1320=FACE_OUTER_BOUND('',#1686,.T.);
#1321=FACE_OUTER_BOUND('',#1687,.T.);
#1322=FACE_OUTER_BOUND('',#1688,.T.);
#1323=FACE_OUTER_BOUND('',#1689,.T.);
#1324=FACE_OUTER_BOUND('',#1690,.T.);
#1325=FACE_OUTER_BOUND('',#1691,.T.);
#1326=FACE_OUTER_BOUND('',#1692,.T.);
#1327=FACE_OUTER_BOUND('',#1693,.T.);
#1328=FACE_OUTER_BOUND('',#1694,.T.);
#1329=FACE_OUTER_BOUND('',#1695,.T.);
#1330=FACE_OUTER_BOUND('',#1696,.T.);
#1331=FACE_OUTER_BOUND('',#1697,.T.);
#1332=FACE_OUTER_BOUND('',#1698,.T.);
#1333=FACE_OUTER_BOUND('',#1699,.T.);
#1334=FACE_OUTER_BOUND('',#1700,.T.);
#1335=FACE_OUTER_BOUND('',#1701,.T.);
#1336=FACE_OUTER_BOUND('',#1702,.T.);
#1337=FACE_OUTER_BOUND('',#1703,.T.);
#1338=FACE_OUTER_BOUND('',#1704,.T.);
#1339=FACE_OUTER_BOUND('',#1705,.T.);
#1340=FACE_OUTER_BOUND('',#1706,.T.);
#1341=FACE_OUTER_BOUND('',#1707,.T.);
#1342=FACE_OUTER_BOUND('',#1708,.T.);
#1343=FACE_OUTER_BOUND('',#1709,.T.);
#1344=FACE_OUTER_BOUND('',#1710,.T.);
#1345=FACE_OUTER_BOUND('',#1711,.T.);
#1346=FACE_OUTER_BOUND('',#1712,.T.);
#1347=FACE_OUTER_BOUND('',#1713,.T.);
#1348=FACE_OUTER_BOUND('',#1714,.T.);
#1349=FACE_OUTER_BOUND('',#1715,.T.);
#1350=FACE_OUTER_BOUND('',#1716,.T.);
#1351=FACE_OUTER_BOUND('',#1717,.T.);
#1352=FACE_OUTER_BOUND('',#1718,.T.);
#1353=FACE_OUTER_BOUND('',#1719,.T.);
#1354=FACE_OUTER_BOUND('',#1720,.T.);
#1355=FACE_OUTER_BOUND('',#1721,.T.);
#1356=FACE_OUTER_BOUND('',#1722,.T.);
#1357=FACE_OUTER_BOUND('',#1723,.T.);
#1358=FACE_OUTER_BOUND('',#1724,.T.);
#1359=FACE_OUTER_BOUND('',#1725,.T.);
#1360=FACE_OUTER_BOUND('',#1726,.T.);
#1361=FACE_OUTER_BOUND('',#1727,.T.);
#1362=FACE_OUTER_BOUND('',#1728,.T.);
#1363=FACE_OUTER_BOUND('',#1729,.T.);
#1364=FACE_OUTER_BOUND('',#1730,.T.);
#1365=FACE_OUTER_BOUND('',#1731,.T.);
#1366=FACE_OUTER_BOUND('',#1732,.T.);
#1367=FACE_OUTER_BOUND('',#1733,.T.);
#1368=FACE_OUTER_BOUND('',#1734,.T.);
#1369=FACE_OUTER_BOUND('',#1735,.T.);
#1370=FACE_OUTER_BOUND('',#1736,.T.);
#1371=FACE_OUTER_BOUND('',#1737,.T.);
#1372=FACE_OUTER_BOUND('',#1738,.T.);
#1373=FACE_OUTER_BOUND('',#1739,.T.);
#1374=FACE_OUTER_BOUND('',#1740,.T.);
#1375=FACE_OUTER_BOUND('',#1741,.T.);
#1376=FACE_OUTER_BOUND('',#1742,.T.);
#1377=FACE_OUTER_BOUND('',#1743,.T.);
#1378=FACE_OUTER_BOUND('',#1744,.T.);
#1379=FACE_OUTER_BOUND('',#1745,.T.);
#1380=FACE_OUTER_BOUND('',#1746,.T.);
#1381=FACE_OUTER_BOUND('',#1747,.T.);
#1382=FACE_OUTER_BOUND('',#1748,.T.);
#1383=FACE_OUTER_BOUND('',#1749,.T.);
#1384=FACE_OUTER_BOUND('',#1750,.T.);
#1385=FACE_OUTER_BOUND('',#1751,.T.);
#1386=FACE_OUTER_BOUND('',#1752,.T.);
#1387=FACE_OUTER_BOUND('',#1753,.T.);
#1388=FACE_OUTER_BOUND('',#1754,.T.);
#1389=FACE_OUTER_BOUND('',#1755,.T.);
#1390=FACE_OUTER_BOUND('',#1756,.T.);
#1391=FACE_OUTER_BOUND('',#1757,.T.);
#1392=FACE_OUTER_BOUND('',#1758,.T.);
#1393=FACE_OUTER_BOUND('',#1759,.T.);
#1394=FACE_OUTER_BOUND('',#1760,.T.);
#1395=FACE_OUTER_BOUND('',#1761,.T.);
#1396=FACE_OUTER_BOUND('',#1762,.T.);
#1397=FACE_OUTER_BOUND('',#1763,.T.);
#1398=FACE_OUTER_BOUND('',#1764,.T.);
#1399=FACE_OUTER_BOUND('',#1765,.T.);
#1400=FACE_OUTER_BOUND('',#1766,.T.);
#1401=FACE_OUTER_BOUND('',#1767,.T.);
#1402=EDGE_LOOP('',(#1768,#1769,#1770,#1771));
#1403=EDGE_LOOP('',(#1772,#1773,#1774,#1775));
#1404=EDGE_LOOP('',(#1776,#1777,#1778,#1779));
#1405=EDGE_LOOP('',(#1780,#1781,#1782,#1783));
#1406=EDGE_LOOP('',(#1784,#1785,#1786,#1787));
#1407=EDGE_LOOP('',(#1788,#1789,#1790,#1791,#1792,#1793,#1794,#1795));
#1408=EDGE_LOOP('',(#1796,#1797,#1798,#1799));
#1409=EDGE_LOOP('',(#1800,#1801,#1802,#1803));
#1410=EDGE_LOOP('',(#1804,#1805,#1806,#1807));
#1411=EDGE_LOOP('',(#1808,#1809,#1810,#1811));
#1412=EDGE_LOOP('',(#1812,#1813,#1814,#1815));
#1413=EDGE_LOOP('',(#1816,#1817,#1818,#1819,#1820,#1821,#1822,#1823));
#1414=EDGE_LOOP('',(#1824,#1825,#1826,#1827,#1828,#1829,#1830,#1831));
#1415=EDGE_LOOP('',(#1832,#1833,#1834,#1835,#1836,#1837,#1838,#1839));
#1416=EDGE_LOOP('',(#1840,#1841,#1842,#1843,#1844,#1845,#1846,#1847));
#1417=EDGE_LOOP('',(#1848,#1849,#1850,#1851,#1852,#1853,#1854,#1855));
#1418=EDGE_LOOP('',(#1856,#1857,#1858,#1859,#1860,#1861,#1862,#1863));
#1419=EDGE_LOOP('',(#1864,#1865,#1866,#1867,#1868,#1869,#1870,#1871));
#1420=EDGE_LOOP('',(#1872,#1873,#1874,#1875,#1876,#1877,#1878,#1879));
#1421=EDGE_LOOP('',(#1880,#1881,#1882,#1883,#1884,#1885,#1886,#1887));
#1422=EDGE_LOOP('',(#1888,#1889,#1890,#1891,#1892,#1893,#1894,#1895));
#1423=EDGE_LOOP('',(#1896,#1897,#1898,#1899,#1900,#1901,#1902,#1903));
#1424=EDGE_LOOP('',(#1904,#1905,#1906,#1907,#1908,#1909,#1910,#1911));
#1425=EDGE_LOOP('',(#1912,#1913,#1914,#1915,#1916,#1917,#1918,#1919));
#1426=EDGE_LOOP('',(#1920,#1921,#1922,#1923,#1924,#1925,#1926,#1927));
#1427=EDGE_LOOP('',(#1928,#1929,#1930,#1931,#1932,#1933,#1934,#1935));
#1428=EDGE_LOOP('',(#1936,#1937,#1938,#1939,#1940,#1941,#1942,#1943));
#1429=EDGE_LOOP('',(#1944,#1945,#1946,#1947,#1948,#1949,#1950,#1951));
#1430=EDGE_LOOP('',(#1952,#1953,#1954,#1955,#1956,#1957,#1958,#1959));
#1431=EDGE_LOOP('',(#1960,#1961,#1962,#1963,#1964,#1965,#1966,#1967));
#1432=EDGE_LOOP('',(#1968,#1969,#1970,#1971,#1972,#1973,#1974,#1975));
#1433=EDGE_LOOP('',(#1976,#1977,#1978,#1979,#1980,#1981,#1982,#1983));
#1434=EDGE_LOOP('',(#1984,#1985,#1986,#1987,#1988,#1989,#1990,#1991));
#1435=EDGE_LOOP('',(#1992,#1993,#1994,#1995,#1996,#1997,#1998,#1999));
#1436=EDGE_LOOP('',(#2000,#2001,#2002,#2003,#2004,#2005,#2006,#2007));
#1437=EDGE_LOOP('',(#2008,#2009,#2010,#2011,#2012,#2013,#2014,#2015));
#1438=EDGE_LOOP('',(#2016,#2017,#2018,#2019,#2020,#2021,#2022,#2023));
#1439=EDGE_LOOP('',(#2024,#2025,#2026,#2027,#2028,#2029,#2030,#2031));
#1440=EDGE_LOOP('',(#2032,#2033,#2034,#2035,#2036,#2037,#2038,#2039));
#1441=EDGE_LOOP('',(#2040,#2041,#2042,#2043,#2044,#2045,#2046,#2047));
#1442=EDGE_LOOP('',(#2048,#2049,#2050,#2051,#2052,#2053,#2054,#2055));
#1443=EDGE_LOOP('',(#2056,#2057,#2058,#2059,#2060,#2061,#2062,#2063));
#1444=EDGE_LOOP('',(#2064,#2065,#2066,#2067,#2068,#2069,#2070,#2071));
#1445=EDGE_LOOP('',(#2072,#2073,#2074,#2075,#2076,#2077,#2078,#2079));
#1446=EDGE_LOOP('',(#2080,#2081,#2082,#2083,#2084,#2085,#2086,#2087));
#1447=EDGE_LOOP('',(#2088,#2089,#2090,#2091,#2092,#2093,#2094,#2095));
#1448=EDGE_LOOP('',(#2096,#2097,#2098,#2099,#2100,#2101,#2102,#2103));
#1449=EDGE_LOOP('',(#2104,#2105,#2106,#2107));
#1450=EDGE_LOOP('',(#2108,#2109,#2110,#2111));
#1451=EDGE_LOOP('',(#2112,#2113,#2114,#2115));
#1452=EDGE_LOOP('',(#2116,#2117,#2118,#2119));
#1453=EDGE_LOOP('',(#2120,#2121,#2122,#2123));
#1454=EDGE_LOOP('',(#2124,#2125,#2126,#2127));
#1455=EDGE_LOOP('',(#2128,#2129,#2130,#2131));
#1456=EDGE_LOOP('',(#2132,#2133,#2134,#2135));
#1457=EDGE_LOOP('',(#2136,#2137,#2138,#2139,#2140,#2141,#2142,#2143));
#1458=EDGE_LOOP('',(#2144,#2145,#2146,#2147));
#1459=EDGE_LOOP('',(#2148,#2149,#2150,#2151));
#1460=EDGE_LOOP('',(#2152,#2153,#2154,#2155));
#1461=EDGE_LOOP('',(#2156,#2157,#2158,#2159));
#1462=EDGE_LOOP('',(#2160,#2161,#2162,#2163));
#1463=EDGE_LOOP('',(#2164,#2165,#2166,#2167));
#1464=EDGE_LOOP('',(#2168,#2169,#2170,#2171));
#1465=EDGE_LOOP('',(#2172,#2173,#2174,#2175));
#1466=EDGE_LOOP('',(#2176,#2177,#2178,#2179,#2180,#2181,#2182,#2183));
#1467=EDGE_LOOP('',(#2184,#2185,#2186,#2187));
#1468=EDGE_LOOP('',(#2188,#2189,#2190,#2191));
#1469=EDGE_LOOP('',(#2192,#2193,#2194,#2195));
#1470=EDGE_LOOP('',(#2196,#2197,#2198,#2199));
#1471=EDGE_LOOP('',(#2200,#2201,#2202,#2203,#2204,#2205,#2206,#2207));
#1472=EDGE_LOOP('',(#2208,#2209,#2210,#2211));
#1473=EDGE_LOOP('',(#2212,#2213,#2214,#2215));
#1474=EDGE_LOOP('',(#2216,#2217,#2218,#2219));
#1475=EDGE_LOOP('',(#2220,#2221,#2222,#2223));
#1476=EDGE_LOOP('',(#2224,#2225,#2226,#2227,#2228,#2229,#2230,#2231));
#1477=EDGE_LOOP('',(#2232,#2233,#2234,#2235));
#1478=EDGE_LOOP('',(#2236,#2237,#2238,#2239));
#1479=EDGE_LOOP('',(#2240,#2241,#2242,#2243));
#1480=EDGE_LOOP('',(#2244,#2245,#2246,#2247));
#1481=EDGE_LOOP('',(#2248,#2249,#2250,#2251,#2252,#2253,#2254,#2255));
#1482=EDGE_LOOP('',(#2256,#2257,#2258,#2259));
#1483=EDGE_LOOP('',(#2260,#2261,#2262,#2263));
#1484=EDGE_LOOP('',(#2264,#2265,#2266,#2267));
#1485=EDGE_LOOP('',(#2268,#2269,#2270,#2271));
#1486=EDGE_LOOP('',(#2272,#2273,#2274,#2275,#2276,#2277,#2278,#2279));
#1487=EDGE_LOOP('',(#2280,#2281,#2282,#2283));
#1488=EDGE_LOOP('',(#2284,#2285,#2286,#2287));
#1489=EDGE_LOOP('',(#2288,#2289,#2290,#2291));
#1490=EDGE_LOOP('',(#2292,#2293,#2294,#2295));
#1491=EDGE_LOOP('',(#2296,#2297,#2298,#2299,#2300,#2301,#2302,#2303));
#1492=EDGE_LOOP('',(#2304,#2305,#2306,#2307));
#1493=EDGE_LOOP('',(#2308,#2309,#2310,#2311));
#1494=EDGE_LOOP('',(#2312,#2313,#2314,#2315));
#1495=EDGE_LOOP('',(#2316,#2317,#2318,#2319));
#1496=EDGE_LOOP('',(#2320,#2321,#2322,#2323,#2324,#2325,#2326,#2327));
#1497=EDGE_LOOP('',(#2328,#2329,#2330,#2331));
#1498=EDGE_LOOP('',(#2332,#2333,#2334,#2335));
#1499=EDGE_LOOP('',(#2336,#2337,#2338,#2339));
#1500=EDGE_LOOP('',(#2340,#2341,#2342,#2343));
#1501=EDGE_LOOP('',(#2344,#2345,#2346,#2347,#2348,#2349,#2350,#2351));
#1502=EDGE_LOOP('',(#2352,#2353,#2354,#2355));
#1503=EDGE_LOOP('',(#2356,#2357,#2358,#2359));
#1504=EDGE_LOOP('',(#2360,#2361,#2362,#2363));
#1505=EDGE_LOOP('',(#2364,#2365,#2366,#2367));
#1506=EDGE_LOOP('',(#2368,#2369,#2370,#2371,#2372,#2373,#2374,#2375));
#1507=EDGE_LOOP('',(#2376,#2377,#2378,#2379));
#1508=EDGE_LOOP('',(#2380,#2381,#2382,#2383));
#1509=EDGE_LOOP('',(#2384,#2385,#2386,#2387));
#1510=EDGE_LOOP('',(#2388,#2389,#2390,#2391));
#1511=EDGE_LOOP('',(#2392,#2393,#2394,#2395,#2396,#2397,#2398,#2399));
#1512=EDGE_LOOP('',(#2400,#2401,#2402,#2403));
#1513=EDGE_LOOP('',(#2404,#2405,#2406,#2407));
#1514=EDGE_LOOP('',(#2408,#2409,#2410,#2411));
#1515=EDGE_LOOP('',(#2412,#2413,#2414,#2415));
#1516=EDGE_LOOP('',(#2416,#2417,#2418,#2419,#2420,#2421,#2422,#2423));
#1517=EDGE_LOOP('',(#2424,#2425,#2426,#2427));
#1518=EDGE_LOOP('',(#2428,#2429,#2430,#2431));
#1519=EDGE_LOOP('',(#2432,#2433,#2434,#2435));
#1520=EDGE_LOOP('',(#2436,#2437,#2438,#2439));
#1521=EDGE_LOOP('',(#2440,#2441,#2442,#2443,#2444,#2445,#2446,#2447));
#1522=EDGE_LOOP('',(#2448,#2449,#2450,#2451));
#1523=EDGE_LOOP('',(#2452,#2453,#2454,#2455));
#1524=EDGE_LOOP('',(#2456,#2457,#2458,#2459));
#1525=EDGE_LOOP('',(#2460,#2461,#2462,#2463));
#1526=EDGE_LOOP('',(#2464,#2465,#2466,#2467,#2468,#2469,#2470,#2471));
#1527=EDGE_LOOP('',(#2472,#2473,#2474,#2475));
#1528=EDGE_LOOP('',(#2476,#2477,#2478,#2479));
#1529=EDGE_LOOP('',(#2480,#2481,#2482,#2483));
#1530=EDGE_LOOP('',(#2484,#2485,#2486,#2487));
#1531=EDGE_LOOP('',(#2488,#2489,#2490,#2491,#2492,#2493,#2494,#2495));
#1532=EDGE_LOOP('',(#2496,#2497,#2498,#2499));
#1533=EDGE_LOOP('',(#2500,#2501,#2502,#2503));
#1534=EDGE_LOOP('',(#2504,#2505,#2506,#2507));
#1535=EDGE_LOOP('',(#2508,#2509,#2510,#2511));
#1536=EDGE_LOOP('',(#2512,#2513,#2514,#2515,#2516,#2517,#2518,#2519));
#1537=EDGE_LOOP('',(#2520,#2521,#2522,#2523));
#1538=EDGE_LOOP('',(#2524,#2525,#2526,#2527));
#1539=EDGE_LOOP('',(#2528,#2529,#2530,#2531));
#1540=EDGE_LOOP('',(#2532,#2533,#2534,#2535));
#1541=EDGE_LOOP('',(#2536,#2537,#2538,#2539,#2540,#2541,#2542,#2543));
#1542=EDGE_LOOP('',(#2544,#2545,#2546,#2547));
#1543=EDGE_LOOP('',(#2548,#2549,#2550,#2551));
#1544=EDGE_LOOP('',(#2552,#2553,#2554,#2555));
#1545=EDGE_LOOP('',(#2556,#2557,#2558,#2559));
#1546=EDGE_LOOP('',(#2560,#2561,#2562,#2563,#2564,#2565,#2566,#2567));
#1547=EDGE_LOOP('',(#2568,#2569,#2570,#2571));
#1548=EDGE_LOOP('',(#2572,#2573,#2574,#2575));
#1549=EDGE_LOOP('',(#2576,#2577,#2578,#2579));
#1550=EDGE_LOOP('',(#2580,#2581,#2582,#2583));
#1551=EDGE_LOOP('',(#2584,#2585,#2586,#2587,#2588,#2589,#2590,#2591));
#1552=EDGE_LOOP('',(#2592,#2593,#2594,#2595));
#1553=EDGE_LOOP('',(#2596,#2597,#2598,#2599));
#1554=EDGE_LOOP('',(#2600,#2601,#2602,#2603));
#1555=EDGE_LOOP('',(#2604,#2605,#2606,#2607));
#1556=EDGE_LOOP('',(#2608,#2609,#2610,#2611,#2612,#2613,#2614,#2615));
#1557=EDGE_LOOP('',(#2616,#2617,#2618,#2619));
#1558=EDGE_LOOP('',(#2620,#2621,#2622,#2623));
#1559=EDGE_LOOP('',(#2624,#2625,#2626,#2627));
#1560=EDGE_LOOP('',(#2628,#2629,#2630,#2631));
#1561=EDGE_LOOP('',(#2632,#2633,#2634,#2635,#2636,#2637,#2638,#2639));
#1562=EDGE_LOOP('',(#2640,#2641,#2642,#2643));
#1563=EDGE_LOOP('',(#2644,#2645,#2646,#2647));
#1564=EDGE_LOOP('',(#2648,#2649,#2650,#2651));
#1565=EDGE_LOOP('',(#2652,#2653,#2654,#2655));
#1566=EDGE_LOOP('',(#2656,#2657,#2658,#2659,#2660,#2661,#2662,#2663));
#1567=EDGE_LOOP('',(#2664,#2665,#2666,#2667));
#1568=EDGE_LOOP('',(#2668,#2669,#2670,#2671));
#1569=EDGE_LOOP('',(#2672,#2673,#2674,#2675));
#1570=EDGE_LOOP('',(#2676,#2677,#2678,#2679));
#1571=EDGE_LOOP('',(#2680,#2681,#2682,#2683,#2684,#2685,#2686,#2687));
#1572=EDGE_LOOP('',(#2688,#2689,#2690,#2691));
#1573=EDGE_LOOP('',(#2692,#2693,#2694,#2695));
#1574=EDGE_LOOP('',(#2696,#2697,#2698,#2699));
#1575=EDGE_LOOP('',(#2700,#2701,#2702,#2703));
#1576=EDGE_LOOP('',(#2704,#2705,#2706,#2707,#2708,#2709,#2710,#2711));
#1577=EDGE_LOOP('',(#2712,#2713,#2714,#2715));
#1578=EDGE_LOOP('',(#2716,#2717,#2718,#2719));
#1579=EDGE_LOOP('',(#2720,#2721,#2722,#2723));
#1580=EDGE_LOOP('',(#2724,#2725,#2726,#2727));
#1581=EDGE_LOOP('',(#2728,#2729,#2730,#2731,#2732,#2733,#2734,#2735));
#1582=EDGE_LOOP('',(#2736,#2737,#2738,#2739));
#1583=EDGE_LOOP('',(#2740,#2741,#2742,#2743));
#1584=EDGE_LOOP('',(#2744,#2745,#2746,#2747));
#1585=EDGE_LOOP('',(#2748,#2749,#2750,#2751));
#1586=EDGE_LOOP('',(#2752,#2753,#2754,#2755,#2756,#2757,#2758,#2759));
#1587=EDGE_LOOP('',(#2760,#2761,#2762,#2763));
#1588=EDGE_LOOP('',(#2764,#2765,#2766,#2767));
#1589=EDGE_LOOP('',(#2768,#2769,#2770,#2771));
#1590=EDGE_LOOP('',(#2772,#2773,#2774,#2775));
#1591=EDGE_LOOP('',(#2776,#2777,#2778,#2779,#2780,#2781,#2782,#2783));
#1592=EDGE_LOOP('',(#2784,#2785,#2786,#2787));
#1593=EDGE_LOOP('',(#2788,#2789,#2790,#2791));
#1594=EDGE_LOOP('',(#2792,#2793,#2794,#2795));
#1595=EDGE_LOOP('',(#2796,#2797,#2798,#2799));
#1596=EDGE_LOOP('',(#2800,#2801,#2802,#2803,#2804,#2805,#2806,#2807));
#1597=EDGE_LOOP('',(#2808,#2809,#2810,#2811));
#1598=EDGE_LOOP('',(#2812,#2813,#2814,#2815));
#1599=EDGE_LOOP('',(#2816,#2817,#2818,#2819));
#1600=EDGE_LOOP('',(#2820,#2821,#2822,#2823));
#1601=EDGE_LOOP('',(#2824,#2825,#2826,#2827,#2828,#2829,#2830,#2831));
#1602=EDGE_LOOP('',(#2832,#2833,#2834,#2835));
#1603=EDGE_LOOP('',(#2836,#2837,#2838,#2839));
#1604=EDGE_LOOP('',(#2840,#2841,#2842,#2843));
#1605=EDGE_LOOP('',(#2844,#2845,#2846,#2847));
#1606=EDGE_LOOP('',(#2848,#2849,#2850,#2851,#2852,#2853,#2854,#2855));
#1607=EDGE_LOOP('',(#2856,#2857,#2858,#2859));
#1608=EDGE_LOOP('',(#2860,#2861,#2862,#2863));
#1609=EDGE_LOOP('',(#2864,#2865,#2866,#2867));
#1610=EDGE_LOOP('',(#2868,#2869,#2870,#2871));
#1611=EDGE_LOOP('',(#2872,#2873,#2874,#2875,#2876,#2877,#2878,#2879));
#1612=EDGE_LOOP('',(#2880,#2881,#2882,#2883));
#1613=EDGE_LOOP('',(#2884,#2885,#2886,#2887));
#1614=EDGE_LOOP('',(#2888,#2889,#2890,#2891));
#1615=EDGE_LOOP('',(#2892,#2893,#2894,#2895));
#1616=EDGE_LOOP('',(#2896,#2897,#2898,#2899,#2900,#2901,#2902,#2903));
#1617=EDGE_LOOP('',(#2904,#2905,#2906,#2907));
#1618=EDGE_LOOP('',(#2908,#2909,#2910,#2911));
#1619=EDGE_LOOP('',(#2912,#2913,#2914,#2915));
#1620=EDGE_LOOP('',(#2916,#2917,#2918,#2919));
#1621=EDGE_LOOP('',(#2920,#2921,#2922,#2923,#2924,#2925,#2926,#2927));
#1622=EDGE_LOOP('',(#2928,#2929,#2930,#2931));
#1623=EDGE_LOOP('',(#2932,#2933,#2934,#2935));
#1624=EDGE_LOOP('',(#2936,#2937,#2938,#2939));
#1625=EDGE_LOOP('',(#2940,#2941,#2942,#2943));
#1626=EDGE_LOOP('',(#2944,#2945,#2946,#2947,#2948,#2949,#2950,#2951));
#1627=EDGE_LOOP('',(#2952,#2953,#2954,#2955));
#1628=EDGE_LOOP('',(#2956,#2957,#2958,#2959));
#1629=EDGE_LOOP('',(#2960,#2961,#2962,#2963));
#1630=EDGE_LOOP('',(#2964,#2965,#2966,#2967));
#1631=EDGE_LOOP('',(#2968,#2969,#2970,#2971,#2972,#2973,#2974,#2975));
#1632=EDGE_LOOP('',(#2976,#2977,#2978,#2979));
#1633=EDGE_LOOP('',(#2980,#2981,#2982,#2983));
#1634=EDGE_LOOP('',(#2984,#2985,#2986,#2987));
#1635=EDGE_LOOP('',(#2988,#2989,#2990,#2991));
#1636=EDGE_LOOP('',(#2992,#2993,#2994,#2995));
#1637=EDGE_LOOP('',(#2996,#2997,#2998,#2999));
#1638=EDGE_LOOP('',(#3000,#3001,#3002,#3003));
#1639=EDGE_LOOP('',(#3004,#3005,#3006,#3007));
#1640=EDGE_LOOP('',(#3008,#3009,#3010,#3011));
#1641=EDGE_LOOP('',(#3012,#3013,#3014,#3015));
#1642=EDGE_LOOP('',(#3016,#3017,#3018,#3019));
#1643=EDGE_LOOP('',(#3020,#3021,#3022,#3023));
#1644=EDGE_LOOP('',(#3024,#3025,#3026,#3027));
#1645=EDGE_LOOP('',(#3028,#3029,#3030,#3031));
#1646=EDGE_LOOP('',(#3032,#3033,#3034,#3035));
#1647=EDGE_LOOP('',(#3036,#3037,#3038,#3039));
#1648=EDGE_LOOP('',(#3040,#3041,#3042,#3043));
#1649=EDGE_LOOP('',(#3044,#3045,#3046,#3047));
#1650=EDGE_LOOP('',(#3048,#3049,#3050,#3051));
#1651=EDGE_LOOP('',(#3052,#3053,#3054,#3055));
#1652=EDGE_LOOP('',(#3056,#3057,#3058,#3059));
#1653=EDGE_LOOP('',(#3060,#3061,#3062,#3063));
#1654=EDGE_LOOP('',(#3064,#3065,#3066,#3067));
#1655=EDGE_LOOP('',(#3068,#3069,#3070,#3071));
#1656=EDGE_LOOP('',(#3072,#3073,#3074,#3075));
#1657=EDGE_LOOP('',(#3076,#3077,#3078,#3079));
#1658=EDGE_LOOP('',(#3080,#3081,#3082,#3083));
#1659=EDGE_LOOP('',(#3084,#3085,#3086,#3087));
#1660=EDGE_LOOP('',(#3088,#3089,#3090,#3091));
#1661=EDGE_LOOP('',(#3092,#3093,#3094,#3095));
#1662=EDGE_LOOP('',(#3096,#3097,#3098,#3099));
#1663=EDGE_LOOP('',(#3100,#3101,#3102,#3103));
#1664=EDGE_LOOP('',(#3104,#3105,#3106,#3107));
#1665=EDGE_LOOP('',(#3108,#3109,#3110,#3111));
#1666=EDGE_LOOP('',(#3112,#3113,#3114,#3115));
#1667=EDGE_LOOP('',(#3116,#3117,#3118,#3119));
#1668=EDGE_LOOP('',(#3120,#3121,#3122,#3123));
#1669=EDGE_LOOP('',(#3124,#3125,#3126,#3127));
#1670=EDGE_LOOP('',(#3128,#3129,#3130,#3131));
#1671=EDGE_LOOP('',(#3132,#3133,#3134,#3135));
#1672=EDGE_LOOP('',(#3136,#3137,#3138,#3139));
#1673=EDGE_LOOP('',(#3140,#3141,#3142,#3143));
#1674=EDGE_LOOP('',(#3144,#3145,#3146,#3147));
#1675=EDGE_LOOP('',(#3148,#3149,#3150,#3151));
#1676=EDGE_LOOP('',(#3152,#3153,#3154,#3155));
#1677=EDGE_LOOP('',(#3156,#3157,#3158,#3159));
#1678=EDGE_LOOP('',(#3160,#3161,#3162,#3163));
#1679=EDGE_LOOP('',(#3164,#3165,#3166,#3167));
#1680=EDGE_LOOP('',(#3168,#3169,#3170,#3171));
#1681=EDGE_LOOP('',(#3172,#3173,#3174,#3175));
#1682=EDGE_LOOP('',(#3176,#3177,#3178,#3179));
#1683=EDGE_LOOP('',(#3180,#3181,#3182,#3183));
#1684=EDGE_LOOP('',(#3184,#3185,#3186,#3187));
#1685=EDGE_LOOP('',(#3188,#3189,#3190,#3191));
#1686=EDGE_LOOP('',(#3192,#3193,#3194,#3195));
#1687=EDGE_LOOP('',(#3196,#3197,#3198,#3199));
#1688=EDGE_LOOP('',(#3200,#3201,#3202,#3203));
#1689=EDGE_LOOP('',(#3204,#3205,#3206,#3207));
#1690=EDGE_LOOP('',(#3208,#3209,#3210,#3211));
#1691=EDGE_LOOP('',(#3212,#3213,#3214,#3215));
#1692=EDGE_LOOP('',(#3216,#3217,#3218,#3219));
#1693=EDGE_LOOP('',(#3220,#3221,#3222,#3223));
#1694=EDGE_LOOP('',(#3224,#3225,#3226,#3227));
#1695=EDGE_LOOP('',(#3228,#3229,#3230,#3231));
#1696=EDGE_LOOP('',(#3232,#3233,#3234,#3235));
#1697=EDGE_LOOP('',(#3236,#3237,#3238,#3239));
#1698=EDGE_LOOP('',(#3240,#3241,#3242,#3243));
#1699=EDGE_LOOP('',(#3244,#3245,#3246,#3247));
#1700=EDGE_LOOP('',(#3248,#3249,#3250,#3251));
#1701=EDGE_LOOP('',(#3252,#3253,#3254,#3255));
#1702=EDGE_LOOP('',(#3256,#3257,#3258,#3259));
#1703=EDGE_LOOP('',(#3260,#3261,#3262,#3263));
#1704=EDGE_LOOP('',(#3264,#3265,#3266,#3267));
#1705=EDGE_LOOP('',(#3268,#3269,#3270,#3271));
#1706=EDGE_LOOP('',(#3272,#3273,#3274,#3275));
#1707=EDGE_LOOP('',(#3276,#3277,#3278,#3279));
#1708=EDGE_LOOP('',(#3280,#3281,#3282,#3283));
#1709=EDGE_LOOP('',(#3284,#3285,#3286,#3287));
#1710=EDGE_LOOP('',(#3288,#3289,#3290,#3291));
#1711=EDGE_LOOP('',(#3292,#3293,#3294,#3295));
#1712=EDGE_LOOP('',(#3296,#3297,#3298,#3299));
#1713=EDGE_LOOP('',(#3300,#3301,#3302,#3303));
#1714=EDGE_LOOP('',(#3304,#3305,#3306,#3307));
#1715=EDGE_LOOP('',(#3308,#3309,#3310,#3311));
#1716=EDGE_LOOP('',(#3312,#3313,#3314,#3315));
#1717=EDGE_LOOP('',(#3316,#3317,#3318,#3319));
#1718=EDGE_LOOP('',(#3320,#3321,#3322,#3323));
#1719=EDGE_LOOP('',(#3324,#3325,#3326,#3327));
#1720=EDGE_LOOP('',(#3328,#3329,#3330,#3331));
#1721=EDGE_LOOP('',(#3332,#3333,#3334,#3335));
#1722=EDGE_LOOP('',(#3336,#3337,#3338,#3339));
#1723=EDGE_LOOP('',(#3340,#3341,#3342,#3343));
#1724=EDGE_LOOP('',(#3344,#3345,#3346,#3347));
#1725=EDGE_LOOP('',(#3348,#3349,#3350,#3351));
#1726=EDGE_LOOP('',(#3352,#3353,#3354,#3355));
#1727=EDGE_LOOP('',(#3356,#3357,#3358,#3359));
#1728=EDGE_LOOP('',(#3360,#3361,#3362,#3363));
#1729=EDGE_LOOP('',(#3364,#3365,#3366,#3367));
#1730=EDGE_LOOP('',(#3368,#3369,#3370,#3371));
#1731=EDGE_LOOP('',(#3372,#3373,#3374,#3375));
#1732=EDGE_LOOP('',(#3376,#3377,#3378,#3379));
#1733=EDGE_LOOP('',(#3380,#3381,#3382,#3383));
#1734=EDGE_LOOP('',(#3384,#3385,#3386,#3387));
#1735=EDGE_LOOP('',(#3388,#3389,#3390,#3391));
#1736=EDGE_LOOP('',(#3392,#3393,#3394,#3395));
#1737=EDGE_LOOP('',(#3396,#3397,#3398,#3399));
#1738=EDGE_LOOP('',(#3400,#3401,#3402,#3403));
#1739=EDGE_LOOP('',(#3404,#3405,#3406,#3407));
#1740=EDGE_LOOP('',(#3408,#3409,#3410,#3411));
#1741=EDGE_LOOP('',(#3412,#3413,#3414,#3415));
#1742=EDGE_LOOP('',(#3416,#3417,#3418,#3419));
#1743=EDGE_LOOP('',(#3420,#3421,#3422,#3423));
#1744=EDGE_LOOP('',(#3424,#3425,#3426,#3427));
#1745=EDGE_LOOP('',(#3428,#3429,#3430,#3431));
#1746=EDGE_LOOP('',(#3432,#3433,#3434,#3435));
#1747=EDGE_LOOP('',(#3436,#3437,#3438,#3439));
#1748=EDGE_LOOP('',(#3440,#3441,#3442,#3443));
#1749=EDGE_LOOP('',(#3444,#3445,#3446,#3447));
#1750=EDGE_LOOP('',(#3448,#3449,#3450,#3451));
#1751=EDGE_LOOP('',(#3452,#3453,#3454,#3455));
#1752=EDGE_LOOP('',(#3456,#3457,#3458,#3459));
#1753=EDGE_LOOP('',(#3460,#3461,#3462,#3463));
#1754=EDGE_LOOP('',(#3464,#3465,#3466,#3467));
#1755=EDGE_LOOP('',(#3468,#3469,#3470,#3471));
#1756=EDGE_LOOP('',(#3472,#3473,#3474,#3475));
#1757=EDGE_LOOP('',(#3476,#3477,#3478,#3479));
#1758=EDGE_LOOP('',(#3480,#3481,#3482,#3483));
#1759=EDGE_LOOP('',(#3484,#3485,#3486,#3487));
#1760=EDGE_LOOP('',(#3488,#3489,#3490,#3491));
#1761=EDGE_LOOP('',(#3492,#3493,#3494,#3495));
#1762=EDGE_LOOP('',(#3496,#3497,#3498,#3499));
#1763=EDGE_LOOP('',(#3500,#3501,#3502,#3503));
#1764=EDGE_LOOP('',(#3504,#3505,#3506,#3507));
#1765=EDGE_LOOP('',(#3508,#3509,#3510,#3511));
#1766=EDGE_LOOP('',(#3512,#3513,#3514,#3515));
#1767=EDGE_LOOP('',(#3516,#3517,#3518,#3519));
#1768=ORIENTED_EDGE('',*,*,#4104,.F.);
#1769=ORIENTED_EDGE('',*,*,#4105,.F.);
#1770=ORIENTED_EDGE('',*,*,#4106,.T.);
#1771=ORIENTED_EDGE('',*,*,#4107,.T.);
#1772=ORIENTED_EDGE('',*,*,#4108,.F.);
#1773=ORIENTED_EDGE('',*,*,#4107,.F.);
#1774=ORIENTED_EDGE('',*,*,#4109,.T.);
#1775=ORIENTED_EDGE('',*,*,#4110,.T.);
#1776=ORIENTED_EDGE('',*,*,#4111,.F.);
#1777=ORIENTED_EDGE('',*,*,#4110,.F.);
#1778=ORIENTED_EDGE('',*,*,#4112,.T.);
#1779=ORIENTED_EDGE('',*,*,#4113,.T.);
#1780=ORIENTED_EDGE('',*,*,#4114,.F.);
#1781=ORIENTED_EDGE('',*,*,#4113,.F.);
#1782=ORIENTED_EDGE('',*,*,#4115,.T.);
#1783=ORIENTED_EDGE('',*,*,#4105,.T.);
#1784=ORIENTED_EDGE('',*,*,#4106,.F.);
#1785=ORIENTED_EDGE('',*,*,#4115,.F.);
#1786=ORIENTED_EDGE('',*,*,#4112,.F.);
#1787=ORIENTED_EDGE('',*,*,#4109,.F.);
#1788=ORIENTED_EDGE('',*,*,#4116,.F.);
#1789=ORIENTED_EDGE('',*,*,#4117,.T.);
#1790=ORIENTED_EDGE('',*,*,#4118,.F.);
#1791=ORIENTED_EDGE('',*,*,#4119,.T.);
#1792=ORIENTED_EDGE('',*,*,#4120,.F.);
#1793=ORIENTED_EDGE('',*,*,#4121,.T.);
#1794=ORIENTED_EDGE('',*,*,#4122,.F.);
#1795=ORIENTED_EDGE('',*,*,#4123,.T.);
#1796=ORIENTED_EDGE('',*,*,#4104,.T.);
#1797=ORIENTED_EDGE('',*,*,#4108,.T.);
#1798=ORIENTED_EDGE('',*,*,#4111,.T.);
#1799=ORIENTED_EDGE('',*,*,#4114,.T.);
#1800=ORIENTED_EDGE('',*,*,#4116,.T.);
#1801=ORIENTED_EDGE('',*,*,#4124,.T.);
#1802=ORIENTED_EDGE('',*,*,#4125,.T.);
#1803=ORIENTED_EDGE('',*,*,#4126,.T.);
#1804=ORIENTED_EDGE('',*,*,#4122,.T.);
#1805=ORIENTED_EDGE('',*,*,#4127,.T.);
#1806=ORIENTED_EDGE('',*,*,#4128,.T.);
#1807=ORIENTED_EDGE('',*,*,#4129,.T.);
#1808=ORIENTED_EDGE('',*,*,#4130,.T.);
#1809=ORIENTED_EDGE('',*,*,#4131,.T.);
#1810=ORIENTED_EDGE('',*,*,#4120,.T.);
#1811=ORIENTED_EDGE('',*,*,#4132,.T.);
#1812=ORIENTED_EDGE('',*,*,#4118,.T.);
#1813=ORIENTED_EDGE('',*,*,#4133,.T.);
#1814=ORIENTED_EDGE('',*,*,#4134,.T.);
#1815=ORIENTED_EDGE('',*,*,#4135,.T.);
#1816=ORIENTED_EDGE('',*,*,#4136,.F.);
#1817=ORIENTED_EDGE('',*,*,#4137,.T.);
#1818=ORIENTED_EDGE('',*,*,#4138,.F.);
#1819=ORIENTED_EDGE('',*,*,#4139,.T.);
#1820=ORIENTED_EDGE('',*,*,#4140,.F.);
#1821=ORIENTED_EDGE('',*,*,#4141,.T.);
#1822=ORIENTED_EDGE('',*,*,#4142,.F.);
#1823=ORIENTED_EDGE('',*,*,#4143,.T.);
#1824=ORIENTED_EDGE('',*,*,#4144,.F.);
#1825=ORIENTED_EDGE('',*,*,#4145,.T.);
#1826=ORIENTED_EDGE('',*,*,#4146,.F.);
#1827=ORIENTED_EDGE('',*,*,#4147,.T.);
#1828=ORIENTED_EDGE('',*,*,#4148,.F.);
#1829=ORIENTED_EDGE('',*,*,#4149,.T.);
#1830=ORIENTED_EDGE('',*,*,#4150,.F.);
#1831=ORIENTED_EDGE('',*,*,#4151,.T.);
#1832=ORIENTED_EDGE('',*,*,#4152,.F.);
#1833=ORIENTED_EDGE('',*,*,#4153,.T.);
#1834=ORIENTED_EDGE('',*,*,#4154,.F.);
#1835=ORIENTED_EDGE('',*,*,#4155,.T.);
#1836=ORIENTED_EDGE('',*,*,#4156,.F.);
#1837=ORIENTED_EDGE('',*,*,#4157,.T.);
#1838=ORIENTED_EDGE('',*,*,#4158,.F.);
#1839=ORIENTED_EDGE('',*,*,#4159,.T.);
#1840=ORIENTED_EDGE('',*,*,#4160,.F.);
#1841=ORIENTED_EDGE('',*,*,#4161,.T.);
#1842=ORIENTED_EDGE('',*,*,#4162,.F.);
#1843=ORIENTED_EDGE('',*,*,#4163,.T.);
#1844=ORIENTED_EDGE('',*,*,#4164,.F.);
#1845=ORIENTED_EDGE('',*,*,#4165,.T.);
#1846=ORIENTED_EDGE('',*,*,#4166,.F.);
#1847=ORIENTED_EDGE('',*,*,#4167,.T.);
#1848=ORIENTED_EDGE('',*,*,#4168,.F.);
#1849=ORIENTED_EDGE('',*,*,#4169,.T.);
#1850=ORIENTED_EDGE('',*,*,#4170,.F.);
#1851=ORIENTED_EDGE('',*,*,#4171,.T.);
#1852=ORIENTED_EDGE('',*,*,#4172,.F.);
#1853=ORIENTED_EDGE('',*,*,#4173,.T.);
#1854=ORIENTED_EDGE('',*,*,#4174,.F.);
#1855=ORIENTED_EDGE('',*,*,#4175,.T.);
#1856=ORIENTED_EDGE('',*,*,#4176,.F.);
#1857=ORIENTED_EDGE('',*,*,#4177,.T.);
#1858=ORIENTED_EDGE('',*,*,#4178,.F.);
#1859=ORIENTED_EDGE('',*,*,#4179,.T.);
#1860=ORIENTED_EDGE('',*,*,#4180,.F.);
#1861=ORIENTED_EDGE('',*,*,#4181,.T.);
#1862=ORIENTED_EDGE('',*,*,#4182,.F.);
#1863=ORIENTED_EDGE('',*,*,#4183,.T.);
#1864=ORIENTED_EDGE('',*,*,#4184,.F.);
#1865=ORIENTED_EDGE('',*,*,#4185,.T.);
#1866=ORIENTED_EDGE('',*,*,#4186,.F.);
#1867=ORIENTED_EDGE('',*,*,#4187,.T.);
#1868=ORIENTED_EDGE('',*,*,#4188,.F.);
#1869=ORIENTED_EDGE('',*,*,#4189,.T.);
#1870=ORIENTED_EDGE('',*,*,#4190,.F.);
#1871=ORIENTED_EDGE('',*,*,#4191,.T.);
#1872=ORIENTED_EDGE('',*,*,#4192,.F.);
#1873=ORIENTED_EDGE('',*,*,#4193,.T.);
#1874=ORIENTED_EDGE('',*,*,#4194,.F.);
#1875=ORIENTED_EDGE('',*,*,#4195,.T.);
#1876=ORIENTED_EDGE('',*,*,#4196,.F.);
#1877=ORIENTED_EDGE('',*,*,#4197,.T.);
#1878=ORIENTED_EDGE('',*,*,#4198,.F.);
#1879=ORIENTED_EDGE('',*,*,#4199,.T.);
#1880=ORIENTED_EDGE('',*,*,#4200,.F.);
#1881=ORIENTED_EDGE('',*,*,#4201,.T.);
#1882=ORIENTED_EDGE('',*,*,#4202,.F.);
#1883=ORIENTED_EDGE('',*,*,#4203,.T.);
#1884=ORIENTED_EDGE('',*,*,#4204,.F.);
#1885=ORIENTED_EDGE('',*,*,#4205,.T.);
#1886=ORIENTED_EDGE('',*,*,#4206,.F.);
#1887=ORIENTED_EDGE('',*,*,#4207,.T.);
#1888=ORIENTED_EDGE('',*,*,#4208,.F.);
#1889=ORIENTED_EDGE('',*,*,#4209,.T.);
#1890=ORIENTED_EDGE('',*,*,#4210,.F.);
#1891=ORIENTED_EDGE('',*,*,#4211,.T.);
#1892=ORIENTED_EDGE('',*,*,#4212,.F.);
#1893=ORIENTED_EDGE('',*,*,#4213,.T.);
#1894=ORIENTED_EDGE('',*,*,#4214,.F.);
#1895=ORIENTED_EDGE('',*,*,#4215,.T.);
#1896=ORIENTED_EDGE('',*,*,#4216,.F.);
#1897=ORIENTED_EDGE('',*,*,#4217,.T.);
#1898=ORIENTED_EDGE('',*,*,#4218,.F.);
#1899=ORIENTED_EDGE('',*,*,#4219,.T.);
#1900=ORIENTED_EDGE('',*,*,#4220,.F.);
#1901=ORIENTED_EDGE('',*,*,#4221,.T.);
#1902=ORIENTED_EDGE('',*,*,#4222,.F.);
#1903=ORIENTED_EDGE('',*,*,#4223,.T.);
#1904=ORIENTED_EDGE('',*,*,#4224,.F.);
#1905=ORIENTED_EDGE('',*,*,#4225,.T.);
#1906=ORIENTED_EDGE('',*,*,#4226,.F.);
#1907=ORIENTED_EDGE('',*,*,#4227,.T.);
#1908=ORIENTED_EDGE('',*,*,#4228,.F.);
#1909=ORIENTED_EDGE('',*,*,#4229,.T.);
#1910=ORIENTED_EDGE('',*,*,#4230,.F.);
#1911=ORIENTED_EDGE('',*,*,#4231,.T.);
#1912=ORIENTED_EDGE('',*,*,#4232,.F.);
#1913=ORIENTED_EDGE('',*,*,#4233,.T.);
#1914=ORIENTED_EDGE('',*,*,#4234,.F.);
#1915=ORIENTED_EDGE('',*,*,#4235,.T.);
#1916=ORIENTED_EDGE('',*,*,#4236,.F.);
#1917=ORIENTED_EDGE('',*,*,#4237,.T.);
#1918=ORIENTED_EDGE('',*,*,#4238,.F.);
#1919=ORIENTED_EDGE('',*,*,#4239,.T.);
#1920=ORIENTED_EDGE('',*,*,#4240,.F.);
#1921=ORIENTED_EDGE('',*,*,#4241,.T.);
#1922=ORIENTED_EDGE('',*,*,#4242,.F.);
#1923=ORIENTED_EDGE('',*,*,#4243,.T.);
#1924=ORIENTED_EDGE('',*,*,#4244,.F.);
#1925=ORIENTED_EDGE('',*,*,#4245,.T.);
#1926=ORIENTED_EDGE('',*,*,#4246,.F.);
#1927=ORIENTED_EDGE('',*,*,#4247,.T.);
#1928=ORIENTED_EDGE('',*,*,#4248,.F.);
#1929=ORIENTED_EDGE('',*,*,#4249,.T.);
#1930=ORIENTED_EDGE('',*,*,#4250,.F.);
#1931=ORIENTED_EDGE('',*,*,#4251,.T.);
#1932=ORIENTED_EDGE('',*,*,#4252,.F.);
#1933=ORIENTED_EDGE('',*,*,#4253,.T.);
#1934=ORIENTED_EDGE('',*,*,#4254,.F.);
#1935=ORIENTED_EDGE('',*,*,#4255,.T.);
#1936=ORIENTED_EDGE('',*,*,#4256,.F.);
#1937=ORIENTED_EDGE('',*,*,#4257,.T.);
#1938=ORIENTED_EDGE('',*,*,#4258,.F.);
#1939=ORIENTED_EDGE('',*,*,#4259,.T.);
#1940=ORIENTED_EDGE('',*,*,#4260,.F.);
#1941=ORIENTED_EDGE('',*,*,#4261,.T.);
#1942=ORIENTED_EDGE('',*,*,#4262,.F.);
#1943=ORIENTED_EDGE('',*,*,#4263,.T.);
#1944=ORIENTED_EDGE('',*,*,#4264,.F.);
#1945=ORIENTED_EDGE('',*,*,#4265,.T.);
#1946=ORIENTED_EDGE('',*,*,#4266,.F.);
#1947=ORIENTED_EDGE('',*,*,#4267,.T.);
#1948=ORIENTED_EDGE('',*,*,#4268,.F.);
#1949=ORIENTED_EDGE('',*,*,#4269,.T.);
#1950=ORIENTED_EDGE('',*,*,#4270,.F.);
#1951=ORIENTED_EDGE('',*,*,#4271,.T.);
#1952=ORIENTED_EDGE('',*,*,#4272,.F.);
#1953=ORIENTED_EDGE('',*,*,#4273,.T.);
#1954=ORIENTED_EDGE('',*,*,#4274,.F.);
#1955=ORIENTED_EDGE('',*,*,#4275,.T.);
#1956=ORIENTED_EDGE('',*,*,#4276,.F.);
#1957=ORIENTED_EDGE('',*,*,#4277,.T.);
#1958=ORIENTED_EDGE('',*,*,#4278,.F.);
#1959=ORIENTED_EDGE('',*,*,#4279,.T.);
#1960=ORIENTED_EDGE('',*,*,#4280,.F.);
#1961=ORIENTED_EDGE('',*,*,#4281,.T.);
#1962=ORIENTED_EDGE('',*,*,#4282,.F.);
#1963=ORIENTED_EDGE('',*,*,#4283,.T.);
#1964=ORIENTED_EDGE('',*,*,#4284,.F.);
#1965=ORIENTED_EDGE('',*,*,#4285,.T.);
#1966=ORIENTED_EDGE('',*,*,#4286,.F.);
#1967=ORIENTED_EDGE('',*,*,#4287,.T.);
#1968=ORIENTED_EDGE('',*,*,#4288,.F.);
#1969=ORIENTED_EDGE('',*,*,#4289,.T.);
#1970=ORIENTED_EDGE('',*,*,#4290,.F.);
#1971=ORIENTED_EDGE('',*,*,#4291,.T.);
#1972=ORIENTED_EDGE('',*,*,#4292,.F.);
#1973=ORIENTED_EDGE('',*,*,#4293,.T.);
#1974=ORIENTED_EDGE('',*,*,#4294,.F.);
#1975=ORIENTED_EDGE('',*,*,#4295,.T.);
#1976=ORIENTED_EDGE('',*,*,#4296,.F.);
#1977=ORIENTED_EDGE('',*,*,#4297,.T.);
#1978=ORIENTED_EDGE('',*,*,#4298,.F.);
#1979=ORIENTED_EDGE('',*,*,#4299,.T.);
#1980=ORIENTED_EDGE('',*,*,#4300,.F.);
#1981=ORIENTED_EDGE('',*,*,#4301,.T.);
#1982=ORIENTED_EDGE('',*,*,#4302,.F.);
#1983=ORIENTED_EDGE('',*,*,#4303,.T.);
#1984=ORIENTED_EDGE('',*,*,#4304,.F.);
#1985=ORIENTED_EDGE('',*,*,#4305,.T.);
#1986=ORIENTED_EDGE('',*,*,#4306,.F.);
#1987=ORIENTED_EDGE('',*,*,#4307,.T.);
#1988=ORIENTED_EDGE('',*,*,#4308,.F.);
#1989=ORIENTED_EDGE('',*,*,#4309,.T.);
#1990=ORIENTED_EDGE('',*,*,#4310,.F.);
#1991=ORIENTED_EDGE('',*,*,#4311,.T.);
#1992=ORIENTED_EDGE('',*,*,#4312,.F.);
#1993=ORIENTED_EDGE('',*,*,#4313,.T.);
#1994=ORIENTED_EDGE('',*,*,#4314,.F.);
#1995=ORIENTED_EDGE('',*,*,#4315,.T.);
#1996=ORIENTED_EDGE('',*,*,#4316,.F.);
#1997=ORIENTED_EDGE('',*,*,#4317,.T.);
#1998=ORIENTED_EDGE('',*,*,#4318,.F.);
#1999=ORIENTED_EDGE('',*,*,#4319,.T.);
#2000=ORIENTED_EDGE('',*,*,#4320,.F.);
#2001=ORIENTED_EDGE('',*,*,#4321,.T.);
#2002=ORIENTED_EDGE('',*,*,#4322,.F.);
#2003=ORIENTED_EDGE('',*,*,#4323,.T.);
#2004=ORIENTED_EDGE('',*,*,#4324,.F.);
#2005=ORIENTED_EDGE('',*,*,#4325,.T.);
#2006=ORIENTED_EDGE('',*,*,#4326,.F.);
#2007=ORIENTED_EDGE('',*,*,#4327,.T.);
#2008=ORIENTED_EDGE('',*,*,#4328,.F.);
#2009=ORIENTED_EDGE('',*,*,#4329,.T.);
#2010=ORIENTED_EDGE('',*,*,#4330,.F.);
#2011=ORIENTED_EDGE('',*,*,#4331,.T.);
#2012=ORIENTED_EDGE('',*,*,#4332,.F.);
#2013=ORIENTED_EDGE('',*,*,#4333,.T.);
#2014=ORIENTED_EDGE('',*,*,#4334,.F.);
#2015=ORIENTED_EDGE('',*,*,#4335,.T.);
#2016=ORIENTED_EDGE('',*,*,#4336,.F.);
#2017=ORIENTED_EDGE('',*,*,#4337,.T.);
#2018=ORIENTED_EDGE('',*,*,#4338,.F.);
#2019=ORIENTED_EDGE('',*,*,#4339,.T.);
#2020=ORIENTED_EDGE('',*,*,#4340,.F.);
#2021=ORIENTED_EDGE('',*,*,#4341,.T.);
#2022=ORIENTED_EDGE('',*,*,#4342,.F.);
#2023=ORIENTED_EDGE('',*,*,#4343,.T.);
#2024=ORIENTED_EDGE('',*,*,#4344,.F.);
#2025=ORIENTED_EDGE('',*,*,#4345,.T.);
#2026=ORIENTED_EDGE('',*,*,#4346,.F.);
#2027=ORIENTED_EDGE('',*,*,#4347,.T.);
#2028=ORIENTED_EDGE('',*,*,#4348,.F.);
#2029=ORIENTED_EDGE('',*,*,#4349,.T.);
#2030=ORIENTED_EDGE('',*,*,#4350,.F.);
#2031=ORIENTED_EDGE('',*,*,#4351,.T.);
#2032=ORIENTED_EDGE('',*,*,#4352,.F.);
#2033=ORIENTED_EDGE('',*,*,#4353,.T.);
#2034=ORIENTED_EDGE('',*,*,#4354,.F.);
#2035=ORIENTED_EDGE('',*,*,#4355,.T.);
#2036=ORIENTED_EDGE('',*,*,#4356,.F.);
#2037=ORIENTED_EDGE('',*,*,#4357,.T.);
#2038=ORIENTED_EDGE('',*,*,#4358,.F.);
#2039=ORIENTED_EDGE('',*,*,#4359,.T.);
#2040=ORIENTED_EDGE('',*,*,#4360,.F.);
#2041=ORIENTED_EDGE('',*,*,#4361,.T.);
#2042=ORIENTED_EDGE('',*,*,#4362,.F.);
#2043=ORIENTED_EDGE('',*,*,#4363,.T.);
#2044=ORIENTED_EDGE('',*,*,#4364,.F.);
#2045=ORIENTED_EDGE('',*,*,#4365,.T.);
#2046=ORIENTED_EDGE('',*,*,#4366,.F.);
#2047=ORIENTED_EDGE('',*,*,#4367,.T.);
#2048=ORIENTED_EDGE('',*,*,#4368,.F.);
#2049=ORIENTED_EDGE('',*,*,#4369,.T.);
#2050=ORIENTED_EDGE('',*,*,#4370,.F.);
#2051=ORIENTED_EDGE('',*,*,#4371,.T.);
#2052=ORIENTED_EDGE('',*,*,#4372,.F.);
#2053=ORIENTED_EDGE('',*,*,#4373,.T.);
#2054=ORIENTED_EDGE('',*,*,#4374,.F.);
#2055=ORIENTED_EDGE('',*,*,#4375,.T.);
#2056=ORIENTED_EDGE('',*,*,#4376,.F.);
#2057=ORIENTED_EDGE('',*,*,#4377,.T.);
#2058=ORIENTED_EDGE('',*,*,#4378,.F.);
#2059=ORIENTED_EDGE('',*,*,#4379,.T.);
#2060=ORIENTED_EDGE('',*,*,#4380,.F.);
#2061=ORIENTED_EDGE('',*,*,#4381,.T.);
#2062=ORIENTED_EDGE('',*,*,#4382,.F.);
#2063=ORIENTED_EDGE('',*,*,#4383,.T.);
#2064=ORIENTED_EDGE('',*,*,#4384,.F.);
#2065=ORIENTED_EDGE('',*,*,#4385,.T.);
#2066=ORIENTED_EDGE('',*,*,#4386,.F.);
#2067=ORIENTED_EDGE('',*,*,#4387,.T.);
#2068=ORIENTED_EDGE('',*,*,#4388,.F.);
#2069=ORIENTED_EDGE('',*,*,#4389,.T.);
#2070=ORIENTED_EDGE('',*,*,#4390,.F.);
#2071=ORIENTED_EDGE('',*,*,#4391,.T.);
#2072=ORIENTED_EDGE('',*,*,#4392,.F.);
#2073=ORIENTED_EDGE('',*,*,#4393,.T.);
#2074=ORIENTED_EDGE('',*,*,#4394,.F.);
#2075=ORIENTED_EDGE('',*,*,#4395,.T.);
#2076=ORIENTED_EDGE('',*,*,#4396,.F.);
#2077=ORIENTED_EDGE('',*,*,#4397,.T.);
#2078=ORIENTED_EDGE('',*,*,#4398,.F.);
#2079=ORIENTED_EDGE('',*,*,#4399,.T.);
#2080=ORIENTED_EDGE('',*,*,#4400,.F.);
#2081=ORIENTED_EDGE('',*,*,#4401,.T.);
#2082=ORIENTED_EDGE('',*,*,#4402,.F.);
#2083=ORIENTED_EDGE('',*,*,#4403,.T.);
#2084=ORIENTED_EDGE('',*,*,#4404,.F.);
#2085=ORIENTED_EDGE('',*,*,#4405,.T.);
#2086=ORIENTED_EDGE('',*,*,#4406,.F.);
#2087=ORIENTED_EDGE('',*,*,#4407,.T.);
#2088=ORIENTED_EDGE('',*,*,#4408,.F.);
#2089=ORIENTED_EDGE('',*,*,#4409,.T.);
#2090=ORIENTED_EDGE('',*,*,#4410,.F.);
#2091=ORIENTED_EDGE('',*,*,#4411,.T.);
#2092=ORIENTED_EDGE('',*,*,#4412,.F.);
#2093=ORIENTED_EDGE('',*,*,#4413,.T.);
#2094=ORIENTED_EDGE('',*,*,#4414,.F.);
#2095=ORIENTED_EDGE('',*,*,#4415,.T.);
#2096=ORIENTED_EDGE('',*,*,#4128,.F.);
#2097=ORIENTED_EDGE('',*,*,#4416,.T.);
#2098=ORIENTED_EDGE('',*,*,#4130,.F.);
#2099=ORIENTED_EDGE('',*,*,#4417,.T.);
#2100=ORIENTED_EDGE('',*,*,#4134,.F.);
#2101=ORIENTED_EDGE('',*,*,#4418,.T.);
#2102=ORIENTED_EDGE('',*,*,#4125,.F.);
#2103=ORIENTED_EDGE('',*,*,#4419,.T.);
#2104=ORIENTED_EDGE('',*,*,#4121,.F.);
#2105=ORIENTED_EDGE('',*,*,#4131,.F.);
#2106=ORIENTED_EDGE('',*,*,#4416,.F.);
#2107=ORIENTED_EDGE('',*,*,#4127,.F.);
#2108=ORIENTED_EDGE('',*,*,#4123,.F.);
#2109=ORIENTED_EDGE('',*,*,#4129,.F.);
#2110=ORIENTED_EDGE('',*,*,#4419,.F.);
#2111=ORIENTED_EDGE('',*,*,#4124,.F.);
#2112=ORIENTED_EDGE('',*,*,#4117,.F.);
#2113=ORIENTED_EDGE('',*,*,#4126,.F.);
#2114=ORIENTED_EDGE('',*,*,#4418,.F.);
#2115=ORIENTED_EDGE('',*,*,#4133,.F.);
#2116=ORIENTED_EDGE('',*,*,#4119,.F.);
#2117=ORIENTED_EDGE('',*,*,#4135,.F.);
#2118=ORIENTED_EDGE('',*,*,#4417,.F.);
#2119=ORIENTED_EDGE('',*,*,#4132,.F.);
#2120=ORIENTED_EDGE('',*,*,#4408,.T.);
#2121=ORIENTED_EDGE('',*,*,#4420,.T.);
#2122=ORIENTED_EDGE('',*,*,#4421,.T.);
#2123=ORIENTED_EDGE('',*,*,#4422,.T.);
#2124=ORIENTED_EDGE('',*,*,#4423,.T.);
#2125=ORIENTED_EDGE('',*,*,#4424,.T.);
#2126=ORIENTED_EDGE('',*,*,#4414,.T.);
#2127=ORIENTED_EDGE('',*,*,#4425,.T.);
#2128=ORIENTED_EDGE('',*,*,#4426,.T.);
#2129=ORIENTED_EDGE('',*,*,#4427,.T.);
#2130=ORIENTED_EDGE('',*,*,#4412,.T.);
#2131=ORIENTED_EDGE('',*,*,#4428,.T.);
#2132=ORIENTED_EDGE('',*,*,#4429,.T.);
#2133=ORIENTED_EDGE('',*,*,#4430,.T.);
#2134=ORIENTED_EDGE('',*,*,#4410,.T.);
#2135=ORIENTED_EDGE('',*,*,#4431,.T.);
#2136=ORIENTED_EDGE('',*,*,#4421,.F.);
#2137=ORIENTED_EDGE('',*,*,#4432,.T.);
#2138=ORIENTED_EDGE('',*,*,#4423,.F.);
#2139=ORIENTED_EDGE('',*,*,#4433,.T.);
#2140=ORIENTED_EDGE('',*,*,#4426,.F.);
#2141=ORIENTED_EDGE('',*,*,#4434,.T.);
#2142=ORIENTED_EDGE('',*,*,#4429,.F.);
#2143=ORIENTED_EDGE('',*,*,#4435,.T.);
#2144=ORIENTED_EDGE('',*,*,#4415,.F.);
#2145=ORIENTED_EDGE('',*,*,#4424,.F.);
#2146=ORIENTED_EDGE('',*,*,#4432,.F.);
#2147=ORIENTED_EDGE('',*,*,#4420,.F.);
#2148=ORIENTED_EDGE('',*,*,#4413,.F.);
#2149=ORIENTED_EDGE('',*,*,#4427,.F.);
#2150=ORIENTED_EDGE('',*,*,#4433,.F.);
#2151=ORIENTED_EDGE('',*,*,#4425,.F.);
#2152=ORIENTED_EDGE('',*,*,#4411,.F.);
#2153=ORIENTED_EDGE('',*,*,#4430,.F.);
#2154=ORIENTED_EDGE('',*,*,#4434,.F.);
#2155=ORIENTED_EDGE('',*,*,#4428,.F.);
#2156=ORIENTED_EDGE('',*,*,#4409,.F.);
#2157=ORIENTED_EDGE('',*,*,#4422,.F.);
#2158=ORIENTED_EDGE('',*,*,#4435,.F.);
#2159=ORIENTED_EDGE('',*,*,#4431,.F.);
#2160=ORIENTED_EDGE('',*,*,#4400,.T.);
#2161=ORIENTED_EDGE('',*,*,#4436,.T.);
#2162=ORIENTED_EDGE('',*,*,#4437,.T.);
#2163=ORIENTED_EDGE('',*,*,#4438,.T.);
#2164=ORIENTED_EDGE('',*,*,#4439,.T.);
#2165=ORIENTED_EDGE('',*,*,#4440,.T.);
#2166=ORIENTED_EDGE('',*,*,#4406,.T.);
#2167=ORIENTED_EDGE('',*,*,#4441,.T.);
#2168=ORIENTED_EDGE('',*,*,#4442,.T.);
#2169=ORIENTED_EDGE('',*,*,#4443,.T.);
#2170=ORIENTED_EDGE('',*,*,#4404,.T.);
#2171=ORIENTED_EDGE('',*,*,#4444,.T.);
#2172=ORIENTED_EDGE('',*,*,#4445,.T.);
#2173=ORIENTED_EDGE('',*,*,#4446,.T.);
#2174=ORIENTED_EDGE('',*,*,#4402,.T.);
#2175=ORIENTED_EDGE('',*,*,#4447,.T.);
#2176=ORIENTED_EDGE('',*,*,#4437,.F.);
#2177=ORIENTED_EDGE('',*,*,#4448,.T.);
#2178=ORIENTED_EDGE('',*,*,#4439,.F.);
#2179=ORIENTED_EDGE('',*,*,#4449,.T.);
#2180=ORIENTED_EDGE('',*,*,#4442,.F.);
#2181=ORIENTED_EDGE('',*,*,#4450,.T.);
#2182=ORIENTED_EDGE('',*,*,#4445,.F.);
#2183=ORIENTED_EDGE('',*,*,#4451,.T.);
#2184=ORIENTED_EDGE('',*,*,#4392,.T.);
#2185=ORIENTED_EDGE('',*,*,#4452,.T.);
#2186=ORIENTED_EDGE('',*,*,#4453,.T.);
#2187=ORIENTED_EDGE('',*,*,#4454,.T.);
#2188=ORIENTED_EDGE('',*,*,#4455,.T.);
#2189=ORIENTED_EDGE('',*,*,#4456,.T.);
#2190=ORIENTED_EDGE('',*,*,#4398,.T.);
#2191=ORIENTED_EDGE('',*,*,#4457,.T.);
#2192=ORIENTED_EDGE('',*,*,#4458,.T.);
#2193=ORIENTED_EDGE('',*,*,#4459,.T.);
#2194=ORIENTED_EDGE('',*,*,#4396,.T.);
#2195=ORIENTED_EDGE('',*,*,#4460,.T.);
#2196=ORIENTED_EDGE('',*,*,#4461,.T.);
#2197=ORIENTED_EDGE('',*,*,#4462,.T.);
#2198=ORIENTED_EDGE('',*,*,#4394,.T.);
#2199=ORIENTED_EDGE('',*,*,#4463,.T.);
#2200=ORIENTED_EDGE('',*,*,#4453,.F.);
#2201=ORIENTED_EDGE('',*,*,#4464,.T.);
#2202=ORIENTED_EDGE('',*,*,#4455,.F.);
#2203=ORIENTED_EDGE('',*,*,#4465,.T.);
#2204=ORIENTED_EDGE('',*,*,#4458,.F.);
#2205=ORIENTED_EDGE('',*,*,#4466,.T.);
#2206=ORIENTED_EDGE('',*,*,#4461,.F.);
#2207=ORIENTED_EDGE('',*,*,#4467,.T.);
#2208=ORIENTED_EDGE('',*,*,#4384,.T.);
#2209=ORIENTED_EDGE('',*,*,#4468,.T.);
#2210=ORIENTED_EDGE('',*,*,#4469,.T.);
#2211=ORIENTED_EDGE('',*,*,#4470,.T.);
#2212=ORIENTED_EDGE('',*,*,#4471,.T.);
#2213=ORIENTED_EDGE('',*,*,#4472,.T.);
#2214=ORIENTED_EDGE('',*,*,#4390,.T.);
#2215=ORIENTED_EDGE('',*,*,#4473,.T.);
#2216=ORIENTED_EDGE('',*,*,#4474,.T.);
#2217=ORIENTED_EDGE('',*,*,#4475,.T.);
#2218=ORIENTED_EDGE('',*,*,#4388,.T.);
#2219=ORIENTED_EDGE('',*,*,#4476,.T.);
#2220=ORIENTED_EDGE('',*,*,#4477,.T.);
#2221=ORIENTED_EDGE('',*,*,#4478,.T.);
#2222=ORIENTED_EDGE('',*,*,#4386,.T.);
#2223=ORIENTED_EDGE('',*,*,#4479,.T.);
#2224=ORIENTED_EDGE('',*,*,#4469,.F.);
#2225=ORIENTED_EDGE('',*,*,#4480,.T.);
#2226=ORIENTED_EDGE('',*,*,#4471,.F.);
#2227=ORIENTED_EDGE('',*,*,#4481,.T.);
#2228=ORIENTED_EDGE('',*,*,#4474,.F.);
#2229=ORIENTED_EDGE('',*,*,#4482,.T.);
#2230=ORIENTED_EDGE('',*,*,#4477,.F.);
#2231=ORIENTED_EDGE('',*,*,#4483,.T.);
#2232=ORIENTED_EDGE('',*,*,#4376,.T.);
#2233=ORIENTED_EDGE('',*,*,#4484,.T.);
#2234=ORIENTED_EDGE('',*,*,#4485,.T.);
#2235=ORIENTED_EDGE('',*,*,#4486,.T.);
#2236=ORIENTED_EDGE('',*,*,#4487,.T.);
#2237=ORIENTED_EDGE('',*,*,#4488,.T.);
#2238=ORIENTED_EDGE('',*,*,#4382,.T.);
#2239=ORIENTED_EDGE('',*,*,#4489,.T.);
#2240=ORIENTED_EDGE('',*,*,#4490,.T.);
#2241=ORIENTED_EDGE('',*,*,#4491,.T.);
#2242=ORIENTED_EDGE('',*,*,#4380,.T.);
#2243=ORIENTED_EDGE('',*,*,#4492,.T.);
#2244=ORIENTED_EDGE('',*,*,#4493,.T.);
#2245=ORIENTED_EDGE('',*,*,#4494,.T.);
#2246=ORIENTED_EDGE('',*,*,#4378,.T.);
#2247=ORIENTED_EDGE('',*,*,#4495,.T.);
#2248=ORIENTED_EDGE('',*,*,#4485,.F.);
#2249=ORIENTED_EDGE('',*,*,#4496,.T.);
#2250=ORIENTED_EDGE('',*,*,#4487,.F.);
#2251=ORIENTED_EDGE('',*,*,#4497,.T.);
#2252=ORIENTED_EDGE('',*,*,#4490,.F.);
#2253=ORIENTED_EDGE('',*,*,#4498,.T.);
#2254=ORIENTED_EDGE('',*,*,#4493,.F.);
#2255=ORIENTED_EDGE('',*,*,#4499,.T.);
#2256=ORIENTED_EDGE('',*,*,#4368,.T.);
#2257=ORIENTED_EDGE('',*,*,#4500,.T.);
#2258=ORIENTED_EDGE('',*,*,#4501,.T.);
#2259=ORIENTED_EDGE('',*,*,#4502,.T.);
#2260=ORIENTED_EDGE('',*,*,#4503,.T.);
#2261=ORIENTED_EDGE('',*,*,#4504,.T.);
#2262=ORIENTED_EDGE('',*,*,#4374,.T.);
#2263=ORIENTED_EDGE('',*,*,#4505,.T.);
#2264=ORIENTED_EDGE('',*,*,#4506,.T.);
#2265=ORIENTED_EDGE('',*,*,#4507,.T.);
#2266=ORIENTED_EDGE('',*,*,#4372,.T.);
#2267=ORIENTED_EDGE('',*,*,#4508,.T.);
#2268=ORIENTED_EDGE('',*,*,#4509,.T.);
#2269=ORIENTED_EDGE('',*,*,#4510,.T.);
#2270=ORIENTED_EDGE('',*,*,#4370,.T.);
#2271=ORIENTED_EDGE('',*,*,#4511,.T.);
#2272=ORIENTED_EDGE('',*,*,#4501,.F.);
#2273=ORIENTED_EDGE('',*,*,#4512,.T.);
#2274=ORIENTED_EDGE('',*,*,#4503,.F.);
#2275=ORIENTED_EDGE('',*,*,#4513,.T.);
#2276=ORIENTED_EDGE('',*,*,#4506,.F.);
#2277=ORIENTED_EDGE('',*,*,#4514,.T.);
#2278=ORIENTED_EDGE('',*,*,#4509,.F.);
#2279=ORIENTED_EDGE('',*,*,#4515,.T.);
#2280=ORIENTED_EDGE('',*,*,#4360,.T.);
#2281=ORIENTED_EDGE('',*,*,#4516,.T.);
#2282=ORIENTED_EDGE('',*,*,#4517,.T.);
#2283=ORIENTED_EDGE('',*,*,#4518,.T.);
#2284=ORIENTED_EDGE('',*,*,#4519,.T.);
#2285=ORIENTED_EDGE('',*,*,#4520,.T.);
#2286=ORIENTED_EDGE('',*,*,#4366,.T.);
#2287=ORIENTED_EDGE('',*,*,#4521,.T.);
#2288=ORIENTED_EDGE('',*,*,#4522,.T.);
#2289=ORIENTED_EDGE('',*,*,#4523,.T.);
#2290=ORIENTED_EDGE('',*,*,#4364,.T.);
#2291=ORIENTED_EDGE('',*,*,#4524,.T.);
#2292=ORIENTED_EDGE('',*,*,#4525,.T.);
#2293=ORIENTED_EDGE('',*,*,#4526,.T.);
#2294=ORIENTED_EDGE('',*,*,#4362,.T.);
#2295=ORIENTED_EDGE('',*,*,#4527,.T.);
#2296=ORIENTED_EDGE('',*,*,#4517,.F.);
#2297=ORIENTED_EDGE('',*,*,#4528,.T.);
#2298=ORIENTED_EDGE('',*,*,#4519,.F.);
#2299=ORIENTED_EDGE('',*,*,#4529,.T.);
#2300=ORIENTED_EDGE('',*,*,#4522,.F.);
#2301=ORIENTED_EDGE('',*,*,#4530,.T.);
#2302=ORIENTED_EDGE('',*,*,#4525,.F.);
#2303=ORIENTED_EDGE('',*,*,#4531,.T.);
#2304=ORIENTED_EDGE('',*,*,#4352,.T.);
#2305=ORIENTED_EDGE('',*,*,#4532,.T.);
#2306=ORIENTED_EDGE('',*,*,#4533,.T.);
#2307=ORIENTED_EDGE('',*,*,#4534,.T.);
#2308=ORIENTED_EDGE('',*,*,#4535,.T.);
#2309=ORIENTED_EDGE('',*,*,#4536,.T.);
#2310=ORIENTED_EDGE('',*,*,#4358,.T.);
#2311=ORIENTED_EDGE('',*,*,#4537,.T.);
#2312=ORIENTED_EDGE('',*,*,#4538,.T.);
#2313=ORIENTED_EDGE('',*,*,#4539,.T.);
#2314=ORIENTED_EDGE('',*,*,#4356,.T.);
#2315=ORIENTED_EDGE('',*,*,#4540,.T.);
#2316=ORIENTED_EDGE('',*,*,#4541,.T.);
#2317=ORIENTED_EDGE('',*,*,#4542,.T.);
#2318=ORIENTED_EDGE('',*,*,#4354,.T.);
#2319=ORIENTED_EDGE('',*,*,#4543,.T.);
#2320=ORIENTED_EDGE('',*,*,#4533,.F.);
#2321=ORIENTED_EDGE('',*,*,#4544,.T.);
#2322=ORIENTED_EDGE('',*,*,#4535,.F.);
#2323=ORIENTED_EDGE('',*,*,#4545,.T.);
#2324=ORIENTED_EDGE('',*,*,#4538,.F.);
#2325=ORIENTED_EDGE('',*,*,#4546,.T.);
#2326=ORIENTED_EDGE('',*,*,#4541,.F.);
#2327=ORIENTED_EDGE('',*,*,#4547,.T.);
#2328=ORIENTED_EDGE('',*,*,#4344,.T.);
#2329=ORIENTED_EDGE('',*,*,#4548,.T.);
#2330=ORIENTED_EDGE('',*,*,#4549,.T.);
#2331=ORIENTED_EDGE('',*,*,#4550,.T.);
#2332=ORIENTED_EDGE('',*,*,#4551,.T.);
#2333=ORIENTED_EDGE('',*,*,#4552,.T.);
#2334=ORIENTED_EDGE('',*,*,#4350,.T.);
#2335=ORIENTED_EDGE('',*,*,#4553,.T.);
#2336=ORIENTED_EDGE('',*,*,#4554,.T.);
#2337=ORIENTED_EDGE('',*,*,#4555,.T.);
#2338=ORIENTED_EDGE('',*,*,#4348,.T.);
#2339=ORIENTED_EDGE('',*,*,#4556,.T.);
#2340=ORIENTED_EDGE('',*,*,#4557,.T.);
#2341=ORIENTED_EDGE('',*,*,#4558,.T.);
#2342=ORIENTED_EDGE('',*,*,#4346,.T.);
#2343=ORIENTED_EDGE('',*,*,#4559,.T.);
#2344=ORIENTED_EDGE('',*,*,#4549,.F.);
#2345=ORIENTED_EDGE('',*,*,#4560,.T.);
#2346=ORIENTED_EDGE('',*,*,#4551,.F.);
#2347=ORIENTED_EDGE('',*,*,#4561,.T.);
#2348=ORIENTED_EDGE('',*,*,#4554,.F.);
#2349=ORIENTED_EDGE('',*,*,#4562,.T.);
#2350=ORIENTED_EDGE('',*,*,#4557,.F.);
#2351=ORIENTED_EDGE('',*,*,#4563,.T.);
#2352=ORIENTED_EDGE('',*,*,#4336,.T.);
#2353=ORIENTED_EDGE('',*,*,#4564,.T.);
#2354=ORIENTED_EDGE('',*,*,#4565,.T.);
#2355=ORIENTED_EDGE('',*,*,#4566,.T.);
#2356=ORIENTED_EDGE('',*,*,#4567,.T.);
#2357=ORIENTED_EDGE('',*,*,#4568,.T.);
#2358=ORIENTED_EDGE('',*,*,#4342,.T.);
#2359=ORIENTED_EDGE('',*,*,#4569,.T.);
#2360=ORIENTED_EDGE('',*,*,#4570,.T.);
#2361=ORIENTED_EDGE('',*,*,#4571,.T.);
#2362=ORIENTED_EDGE('',*,*,#4340,.T.);
#2363=ORIENTED_EDGE('',*,*,#4572,.T.);
#2364=ORIENTED_EDGE('',*,*,#4573,.T.);
#2365=ORIENTED_EDGE('',*,*,#4574,.T.);
#2366=ORIENTED_EDGE('',*,*,#4338,.T.);
#2367=ORIENTED_EDGE('',*,*,#4575,.T.);
#2368=ORIENTED_EDGE('',*,*,#4565,.F.);
#2369=ORIENTED_EDGE('',*,*,#4576,.T.);
#2370=ORIENTED_EDGE('',*,*,#4567,.F.);
#2371=ORIENTED_EDGE('',*,*,#4577,.T.);
#2372=ORIENTED_EDGE('',*,*,#4570,.F.);
#2373=ORIENTED_EDGE('',*,*,#4578,.T.);
#2374=ORIENTED_EDGE('',*,*,#4573,.F.);
#2375=ORIENTED_EDGE('',*,*,#4579,.T.);
#2376=ORIENTED_EDGE('',*,*,#4328,.T.);
#2377=ORIENTED_EDGE('',*,*,#4580,.T.);
#2378=ORIENTED_EDGE('',*,*,#4581,.T.);
#2379=ORIENTED_EDGE('',*,*,#4582,.T.);
#2380=ORIENTED_EDGE('',*,*,#4583,.T.);
#2381=ORIENTED_EDGE('',*,*,#4584,.T.);
#2382=ORIENTED_EDGE('',*,*,#4334,.T.);
#2383=ORIENTED_EDGE('',*,*,#4585,.T.);
#2384=ORIENTED_EDGE('',*,*,#4586,.T.);
#2385=ORIENTED_EDGE('',*,*,#4587,.T.);
#2386=ORIENTED_EDGE('',*,*,#4332,.T.);
#2387=ORIENTED_EDGE('',*,*,#4588,.T.);
#2388=ORIENTED_EDGE('',*,*,#4589,.T.);
#2389=ORIENTED_EDGE('',*,*,#4590,.T.);
#2390=ORIENTED_EDGE('',*,*,#4330,.T.);
#2391=ORIENTED_EDGE('',*,*,#4591,.T.);
#2392=ORIENTED_EDGE('',*,*,#4581,.F.);
#2393=ORIENTED_EDGE('',*,*,#4592,.T.);
#2394=ORIENTED_EDGE('',*,*,#4583,.F.);
#2395=ORIENTED_EDGE('',*,*,#4593,.T.);
#2396=ORIENTED_EDGE('',*,*,#4586,.F.);
#2397=ORIENTED_EDGE('',*,*,#4594,.T.);
#2398=ORIENTED_EDGE('',*,*,#4589,.F.);
#2399=ORIENTED_EDGE('',*,*,#4595,.T.);
#2400=ORIENTED_EDGE('',*,*,#4320,.T.);
#2401=ORIENTED_EDGE('',*,*,#4596,.T.);
#2402=ORIENTED_EDGE('',*,*,#4597,.T.);
#2403=ORIENTED_EDGE('',*,*,#4598,.T.);
#2404=ORIENTED_EDGE('',*,*,#4599,.T.);
#2405=ORIENTED_EDGE('',*,*,#4600,.T.);
#2406=ORIENTED_EDGE('',*,*,#4326,.T.);
#2407=ORIENTED_EDGE('',*,*,#4601,.T.);
#2408=ORIENTED_EDGE('',*,*,#4602,.T.);
#2409=ORIENTED_EDGE('',*,*,#4603,.T.);
#2410=ORIENTED_EDGE('',*,*,#4324,.T.);
#2411=ORIENTED_EDGE('',*,*,#4604,.T.);
#2412=ORIENTED_EDGE('',*,*,#4605,.T.);
#2413=ORIENTED_EDGE('',*,*,#4606,.T.);
#2414=ORIENTED_EDGE('',*,*,#4322,.T.);
#2415=ORIENTED_EDGE('',*,*,#4607,.T.);
#2416=ORIENTED_EDGE('',*,*,#4597,.F.);
#2417=ORIENTED_EDGE('',*,*,#4608,.T.);
#2418=ORIENTED_EDGE('',*,*,#4599,.F.);
#2419=ORIENTED_EDGE('',*,*,#4609,.T.);
#2420=ORIENTED_EDGE('',*,*,#4602,.F.);
#2421=ORIENTED_EDGE('',*,*,#4610,.T.);
#2422=ORIENTED_EDGE('',*,*,#4605,.F.);
#2423=ORIENTED_EDGE('',*,*,#4611,.T.);
#2424=ORIENTED_EDGE('',*,*,#4312,.T.);
#2425=ORIENTED_EDGE('',*,*,#4612,.T.);
#2426=ORIENTED_EDGE('',*,*,#4613,.T.);
#2427=ORIENTED_EDGE('',*,*,#4614,.T.);
#2428=ORIENTED_EDGE('',*,*,#4615,.T.);
#2429=ORIENTED_EDGE('',*,*,#4616,.T.);
#2430=ORIENTED_EDGE('',*,*,#4318,.T.);
#2431=ORIENTED_EDGE('',*,*,#4617,.T.);
#2432=ORIENTED_EDGE('',*,*,#4618,.T.);
#2433=ORIENTED_EDGE('',*,*,#4619,.T.);
#2434=ORIENTED_EDGE('',*,*,#4316,.T.);
#2435=ORIENTED_EDGE('',*,*,#4620,.T.);
#2436=ORIENTED_EDGE('',*,*,#4621,.T.);
#2437=ORIENTED_EDGE('',*,*,#4622,.T.);
#2438=ORIENTED_EDGE('',*,*,#4314,.T.);
#2439=ORIENTED_EDGE('',*,*,#4623,.T.);
#2440=ORIENTED_EDGE('',*,*,#4613,.F.);
#2441=ORIENTED_EDGE('',*,*,#4624,.T.);
#2442=ORIENTED_EDGE('',*,*,#4615,.F.);
#2443=ORIENTED_EDGE('',*,*,#4625,.T.);
#2444=ORIENTED_EDGE('',*,*,#4618,.F.);
#2445=ORIENTED_EDGE('',*,*,#4626,.T.);
#2446=ORIENTED_EDGE('',*,*,#4621,.F.);
#2447=ORIENTED_EDGE('',*,*,#4627,.T.);
#2448=ORIENTED_EDGE('',*,*,#4304,.T.);
#2449=ORIENTED_EDGE('',*,*,#4628,.T.);
#2450=ORIENTED_EDGE('',*,*,#4629,.T.);
#2451=ORIENTED_EDGE('',*,*,#4630,.T.);
#2452=ORIENTED_EDGE('',*,*,#4631,.T.);
#2453=ORIENTED_EDGE('',*,*,#4632,.T.);
#2454=ORIENTED_EDGE('',*,*,#4310,.T.);
#2455=ORIENTED_EDGE('',*,*,#4633,.T.);
#2456=ORIENTED_EDGE('',*,*,#4634,.T.);
#2457=ORIENTED_EDGE('',*,*,#4635,.T.);
#2458=ORIENTED_EDGE('',*,*,#4308,.T.);
#2459=ORIENTED_EDGE('',*,*,#4636,.T.);
#2460=ORIENTED_EDGE('',*,*,#4637,.T.);
#2461=ORIENTED_EDGE('',*,*,#4638,.T.);
#2462=ORIENTED_EDGE('',*,*,#4306,.T.);
#2463=ORIENTED_EDGE('',*,*,#4639,.T.);
#2464=ORIENTED_EDGE('',*,*,#4629,.F.);
#2465=ORIENTED_EDGE('',*,*,#4640,.T.);
#2466=ORIENTED_EDGE('',*,*,#4631,.F.);
#2467=ORIENTED_EDGE('',*,*,#4641,.T.);
#2468=ORIENTED_EDGE('',*,*,#4634,.F.);
#2469=ORIENTED_EDGE('',*,*,#4642,.T.);
#2470=ORIENTED_EDGE('',*,*,#4637,.F.);
#2471=ORIENTED_EDGE('',*,*,#4643,.T.);
#2472=ORIENTED_EDGE('',*,*,#4296,.T.);
#2473=ORIENTED_EDGE('',*,*,#4644,.T.);
#2474=ORIENTED_EDGE('',*,*,#4645,.T.);
#2475=ORIENTED_EDGE('',*,*,#4646,.T.);
#2476=ORIENTED_EDGE('',*,*,#4647,.T.);
#2477=ORIENTED_EDGE('',*,*,#4648,.T.);
#2478=ORIENTED_EDGE('',*,*,#4302,.T.);
#2479=ORIENTED_EDGE('',*,*,#4649,.T.);
#2480=ORIENTED_EDGE('',*,*,#4650,.T.);
#2481=ORIENTED_EDGE('',*,*,#4651,.T.);
#2482=ORIENTED_EDGE('',*,*,#4300,.T.);
#2483=ORIENTED_EDGE('',*,*,#4652,.T.);
#2484=ORIENTED_EDGE('',*,*,#4653,.T.);
#2485=ORIENTED_EDGE('',*,*,#4654,.T.);
#2486=ORIENTED_EDGE('',*,*,#4298,.T.);
#2487=ORIENTED_EDGE('',*,*,#4655,.T.);
#2488=ORIENTED_EDGE('',*,*,#4645,.F.);
#2489=ORIENTED_EDGE('',*,*,#4656,.T.);
#2490=ORIENTED_EDGE('',*,*,#4647,.F.);
#2491=ORIENTED_EDGE('',*,*,#4657,.T.);
#2492=ORIENTED_EDGE('',*,*,#4650,.F.);
#2493=ORIENTED_EDGE('',*,*,#4658,.T.);
#2494=ORIENTED_EDGE('',*,*,#4653,.F.);
#2495=ORIENTED_EDGE('',*,*,#4659,.T.);
#2496=ORIENTED_EDGE('',*,*,#4288,.T.);
#2497=ORIENTED_EDGE('',*,*,#4660,.T.);
#2498=ORIENTED_EDGE('',*,*,#4661,.T.);
#2499=ORIENTED_EDGE('',*,*,#4662,.T.);
#2500=ORIENTED_EDGE('',*,*,#4663,.T.);
#2501=ORIENTED_EDGE('',*,*,#4664,.T.);
#2502=ORIENTED_EDGE('',*,*,#4294,.T.);
#2503=ORIENTED_EDGE('',*,*,#4665,.T.);
#2504=ORIENTED_EDGE('',*,*,#4666,.T.);
#2505=ORIENTED_EDGE('',*,*,#4667,.T.);
#2506=ORIENTED_EDGE('',*,*,#4292,.T.);
#2507=ORIENTED_EDGE('',*,*,#4668,.T.);
#2508=ORIENTED_EDGE('',*,*,#4669,.T.);
#2509=ORIENTED_EDGE('',*,*,#4670,.T.);
#2510=ORIENTED_EDGE('',*,*,#4290,.T.);
#2511=ORIENTED_EDGE('',*,*,#4671,.T.);
#2512=ORIENTED_EDGE('',*,*,#4661,.F.);
#2513=ORIENTED_EDGE('',*,*,#4672,.T.);
#2514=ORIENTED_EDGE('',*,*,#4663,.F.);
#2515=ORIENTED_EDGE('',*,*,#4673,.T.);
#2516=ORIENTED_EDGE('',*,*,#4666,.F.);
#2517=ORIENTED_EDGE('',*,*,#4674,.T.);
#2518=ORIENTED_EDGE('',*,*,#4669,.F.);
#2519=ORIENTED_EDGE('',*,*,#4675,.T.);
#2520=ORIENTED_EDGE('',*,*,#4280,.T.);
#2521=ORIENTED_EDGE('',*,*,#4676,.T.);
#2522=ORIENTED_EDGE('',*,*,#4677,.T.);
#2523=ORIENTED_EDGE('',*,*,#4678,.T.);
#2524=ORIENTED_EDGE('',*,*,#4679,.T.);
#2525=ORIENTED_EDGE('',*,*,#4680,.T.);
#2526=ORIENTED_EDGE('',*,*,#4286,.T.);
#2527=ORIENTED_EDGE('',*,*,#4681,.T.);
#2528=ORIENTED_EDGE('',*,*,#4682,.T.);
#2529=ORIENTED_EDGE('',*,*,#4683,.T.);
#2530=ORIENTED_EDGE('',*,*,#4284,.T.);
#2531=ORIENTED_EDGE('',*,*,#4684,.T.);
#2532=ORIENTED_EDGE('',*,*,#4685,.T.);
#2533=ORIENTED_EDGE('',*,*,#4686,.T.);
#2534=ORIENTED_EDGE('',*,*,#4282,.T.);
#2535=ORIENTED_EDGE('',*,*,#4687,.T.);
#2536=ORIENTED_EDGE('',*,*,#4677,.F.);
#2537=ORIENTED_EDGE('',*,*,#4688,.T.);
#2538=ORIENTED_EDGE('',*,*,#4679,.F.);
#2539=ORIENTED_EDGE('',*,*,#4689,.T.);
#2540=ORIENTED_EDGE('',*,*,#4682,.F.);
#2541=ORIENTED_EDGE('',*,*,#4690,.T.);
#2542=ORIENTED_EDGE('',*,*,#4685,.F.);
#2543=ORIENTED_EDGE('',*,*,#4691,.T.);
#2544=ORIENTED_EDGE('',*,*,#4272,.T.);
#2545=ORIENTED_EDGE('',*,*,#4692,.T.);
#2546=ORIENTED_EDGE('',*,*,#4693,.T.);
#2547=ORIENTED_EDGE('',*,*,#4694,.T.);
#2548=ORIENTED_EDGE('',*,*,#4695,.T.);
#2549=ORIENTED_EDGE('',*,*,#4696,.T.);
#2550=ORIENTED_EDGE('',*,*,#4278,.T.);
#2551=ORIENTED_EDGE('',*,*,#4697,.T.);
#2552=ORIENTED_EDGE('',*,*,#4698,.T.);
#2553=ORIENTED_EDGE('',*,*,#4699,.T.);
#2554=ORIENTED_EDGE('',*,*,#4276,.T.);
#2555=ORIENTED_EDGE('',*,*,#4700,.T.);
#2556=ORIENTED_EDGE('',*,*,#4701,.T.);
#2557=ORIENTED_EDGE('',*,*,#4702,.T.);
#2558=ORIENTED_EDGE('',*,*,#4274,.T.);
#2559=ORIENTED_EDGE('',*,*,#4703,.T.);
#2560=ORIENTED_EDGE('',*,*,#4693,.F.);
#2561=ORIENTED_EDGE('',*,*,#4704,.T.);
#2562=ORIENTED_EDGE('',*,*,#4695,.F.);
#2563=ORIENTED_EDGE('',*,*,#4705,.T.);
#2564=ORIENTED_EDGE('',*,*,#4698,.F.);
#2565=ORIENTED_EDGE('',*,*,#4706,.T.);
#2566=ORIENTED_EDGE('',*,*,#4701,.F.);
#2567=ORIENTED_EDGE('',*,*,#4707,.T.);
#2568=ORIENTED_EDGE('',*,*,#4264,.T.);
#2569=ORIENTED_EDGE('',*,*,#4708,.T.);
#2570=ORIENTED_EDGE('',*,*,#4709,.T.);
#2571=ORIENTED_EDGE('',*,*,#4710,.T.);
#2572=ORIENTED_EDGE('',*,*,#4711,.T.);
#2573=ORIENTED_EDGE('',*,*,#4712,.T.);
#2574=ORIENTED_EDGE('',*,*,#4270,.T.);
#2575=ORIENTED_EDGE('',*,*,#4713,.T.);
#2576=ORIENTED_EDGE('',*,*,#4714,.T.);
#2577=ORIENTED_EDGE('',*,*,#4715,.T.);
#2578=ORIENTED_EDGE('',*,*,#4268,.T.);
#2579=ORIENTED_EDGE('',*,*,#4716,.T.);
#2580=ORIENTED_EDGE('',*,*,#4717,.T.);
#2581=ORIENTED_EDGE('',*,*,#4718,.T.);
#2582=ORIENTED_EDGE('',*,*,#4266,.T.);
#2583=ORIENTED_EDGE('',*,*,#4719,.T.);
#2584=ORIENTED_EDGE('',*,*,#4709,.F.);
#2585=ORIENTED_EDGE('',*,*,#4720,.T.);
#2586=ORIENTED_EDGE('',*,*,#4711,.F.);
#2587=ORIENTED_EDGE('',*,*,#4721,.T.);
#2588=ORIENTED_EDGE('',*,*,#4714,.F.);
#2589=ORIENTED_EDGE('',*,*,#4722,.T.);
#2590=ORIENTED_EDGE('',*,*,#4717,.F.);
#2591=ORIENTED_EDGE('',*,*,#4723,.T.);
#2592=ORIENTED_EDGE('',*,*,#4256,.T.);
#2593=ORIENTED_EDGE('',*,*,#4724,.T.);
#2594=ORIENTED_EDGE('',*,*,#4725,.T.);
#2595=ORIENTED_EDGE('',*,*,#4726,.T.);
#2596=ORIENTED_EDGE('',*,*,#4727,.T.);
#2597=ORIENTED_EDGE('',*,*,#4728,.T.);
#2598=ORIENTED_EDGE('',*,*,#4262,.T.);
#2599=ORIENTED_EDGE('',*,*,#4729,.T.);
#2600=ORIENTED_EDGE('',*,*,#4730,.T.);
#2601=ORIENTED_EDGE('',*,*,#4731,.T.);
#2602=ORIENTED_EDGE('',*,*,#4260,.T.);
#2603=ORIENTED_EDGE('',*,*,#4732,.T.);
#2604=ORIENTED_EDGE('',*,*,#4733,.T.);
#2605=ORIENTED_EDGE('',*,*,#4734,.T.);
#2606=ORIENTED_EDGE('',*,*,#4258,.T.);
#2607=ORIENTED_EDGE('',*,*,#4735,.T.);
#2608=ORIENTED_EDGE('',*,*,#4725,.F.);
#2609=ORIENTED_EDGE('',*,*,#4736,.T.);
#2610=ORIENTED_EDGE('',*,*,#4727,.F.);
#2611=ORIENTED_EDGE('',*,*,#4737,.T.);
#2612=ORIENTED_EDGE('',*,*,#4730,.F.);
#2613=ORIENTED_EDGE('',*,*,#4738,.T.);
#2614=ORIENTED_EDGE('',*,*,#4733,.F.);
#2615=ORIENTED_EDGE('',*,*,#4739,.T.);
#2616=ORIENTED_EDGE('',*,*,#4248,.T.);
#2617=ORIENTED_EDGE('',*,*,#4740,.T.);
#2618=ORIENTED_EDGE('',*,*,#4741,.T.);
#2619=ORIENTED_EDGE('',*,*,#4742,.T.);
#2620=ORIENTED_EDGE('',*,*,#4743,.T.);
#2621=ORIENTED_EDGE('',*,*,#4744,.T.);
#2622=ORIENTED_EDGE('',*,*,#4254,.T.);
#2623=ORIENTED_EDGE('',*,*,#4745,.T.);
#2624=ORIENTED_EDGE('',*,*,#4746,.T.);
#2625=ORIENTED_EDGE('',*,*,#4747,.T.);
#2626=ORIENTED_EDGE('',*,*,#4252,.T.);
#2627=ORIENTED_EDGE('',*,*,#4748,.T.);
#2628=ORIENTED_EDGE('',*,*,#4749,.T.);
#2629=ORIENTED_EDGE('',*,*,#4750,.T.);
#2630=ORIENTED_EDGE('',*,*,#4250,.T.);
#2631=ORIENTED_EDGE('',*,*,#4751,.T.);
#2632=ORIENTED_EDGE('',*,*,#4741,.F.);
#2633=ORIENTED_EDGE('',*,*,#4752,.T.);
#2634=ORIENTED_EDGE('',*,*,#4743,.F.);
#2635=ORIENTED_EDGE('',*,*,#4753,.T.);
#2636=ORIENTED_EDGE('',*,*,#4746,.F.);
#2637=ORIENTED_EDGE('',*,*,#4754,.T.);
#2638=ORIENTED_EDGE('',*,*,#4749,.F.);
#2639=ORIENTED_EDGE('',*,*,#4755,.T.);
#2640=ORIENTED_EDGE('',*,*,#4240,.T.);
#2641=ORIENTED_EDGE('',*,*,#4756,.T.);
#2642=ORIENTED_EDGE('',*,*,#4757,.T.);
#2643=ORIENTED_EDGE('',*,*,#4758,.T.);
#2644=ORIENTED_EDGE('',*,*,#4759,.T.);
#2645=ORIENTED_EDGE('',*,*,#4760,.T.);
#2646=ORIENTED_EDGE('',*,*,#4246,.T.);
#2647=ORIENTED_EDGE('',*,*,#4761,.T.);
#2648=ORIENTED_EDGE('',*,*,#4762,.T.);
#2649=ORIENTED_EDGE('',*,*,#4763,.T.);
#2650=ORIENTED_EDGE('',*,*,#4244,.T.);
#2651=ORIENTED_EDGE('',*,*,#4764,.T.);
#2652=ORIENTED_EDGE('',*,*,#4765,.T.);
#2653=ORIENTED_EDGE('',*,*,#4766,.T.);
#2654=ORIENTED_EDGE('',*,*,#4242,.T.);
#2655=ORIENTED_EDGE('',*,*,#4767,.T.);
#2656=ORIENTED_EDGE('',*,*,#4757,.F.);
#2657=ORIENTED_EDGE('',*,*,#4768,.T.);
#2658=ORIENTED_EDGE('',*,*,#4759,.F.);
#2659=ORIENTED_EDGE('',*,*,#4769,.T.);
#2660=ORIENTED_EDGE('',*,*,#4762,.F.);
#2661=ORIENTED_EDGE('',*,*,#4770,.T.);
#2662=ORIENTED_EDGE('',*,*,#4765,.F.);
#2663=ORIENTED_EDGE('',*,*,#4771,.T.);
#2664=ORIENTED_EDGE('',*,*,#4232,.T.);
#2665=ORIENTED_EDGE('',*,*,#4772,.T.);
#2666=ORIENTED_EDGE('',*,*,#4773,.T.);
#2667=ORIENTED_EDGE('',*,*,#4774,.T.);
#2668=ORIENTED_EDGE('',*,*,#4775,.T.);
#2669=ORIENTED_EDGE('',*,*,#4776,.T.);
#2670=ORIENTED_EDGE('',*,*,#4238,.T.);
#2671=ORIENTED_EDGE('',*,*,#4777,.T.);
#2672=ORIENTED_EDGE('',*,*,#4778,.T.);
#2673=ORIENTED_EDGE('',*,*,#4779,.T.);
#2674=ORIENTED_EDGE('',*,*,#4236,.T.);
#2675=ORIENTED_EDGE('',*,*,#4780,.T.);
#2676=ORIENTED_EDGE('',*,*,#4781,.T.);
#2677=ORIENTED_EDGE('',*,*,#4782,.T.);
#2678=ORIENTED_EDGE('',*,*,#4234,.T.);
#2679=ORIENTED_EDGE('',*,*,#4783,.T.);
#2680=ORIENTED_EDGE('',*,*,#4773,.F.);
#2681=ORIENTED_EDGE('',*,*,#4784,.T.);
#2682=ORIENTED_EDGE('',*,*,#4775,.F.);
#2683=ORIENTED_EDGE('',*,*,#4785,.T.);
#2684=ORIENTED_EDGE('',*,*,#4778,.F.);
#2685=ORIENTED_EDGE('',*,*,#4786,.T.);
#2686=ORIENTED_EDGE('',*,*,#4781,.F.);
#2687=ORIENTED_EDGE('',*,*,#4787,.T.);
#2688=ORIENTED_EDGE('',*,*,#4224,.T.);
#2689=ORIENTED_EDGE('',*,*,#4788,.T.);
#2690=ORIENTED_EDGE('',*,*,#4789,.T.);
#2691=ORIENTED_EDGE('',*,*,#4790,.T.);
#2692=ORIENTED_EDGE('',*,*,#4791,.T.);
#2693=ORIENTED_EDGE('',*,*,#4792,.T.);
#2694=ORIENTED_EDGE('',*,*,#4230,.T.);
#2695=ORIENTED_EDGE('',*,*,#4793,.T.);
#2696=ORIENTED_EDGE('',*,*,#4794,.T.);
#2697=ORIENTED_EDGE('',*,*,#4795,.T.);
#2698=ORIENTED_EDGE('',*,*,#4228,.T.);
#2699=ORIENTED_EDGE('',*,*,#4796,.T.);
#2700=ORIENTED_EDGE('',*,*,#4797,.T.);
#2701=ORIENTED_EDGE('',*,*,#4798,.T.);
#2702=ORIENTED_EDGE('',*,*,#4226,.T.);
#2703=ORIENTED_EDGE('',*,*,#4799,.T.);
#2704=ORIENTED_EDGE('',*,*,#4789,.F.);
#2705=ORIENTED_EDGE('',*,*,#4800,.T.);
#2706=ORIENTED_EDGE('',*,*,#4791,.F.);
#2707=ORIENTED_EDGE('',*,*,#4801,.T.);
#2708=ORIENTED_EDGE('',*,*,#4794,.F.);
#2709=ORIENTED_EDGE('',*,*,#4802,.T.);
#2710=ORIENTED_EDGE('',*,*,#4797,.F.);
#2711=ORIENTED_EDGE('',*,*,#4803,.T.);
#2712=ORIENTED_EDGE('',*,*,#4216,.T.);
#2713=ORIENTED_EDGE('',*,*,#4804,.T.);
#2714=ORIENTED_EDGE('',*,*,#4805,.T.);
#2715=ORIENTED_EDGE('',*,*,#4806,.T.);
#2716=ORIENTED_EDGE('',*,*,#4807,.T.);
#2717=ORIENTED_EDGE('',*,*,#4808,.T.);
#2718=ORIENTED_EDGE('',*,*,#4222,.T.);
#2719=ORIENTED_EDGE('',*,*,#4809,.T.);
#2720=ORIENTED_EDGE('',*,*,#4810,.T.);
#2721=ORIENTED_EDGE('',*,*,#4811,.T.);
#2722=ORIENTED_EDGE('',*,*,#4220,.T.);
#2723=ORIENTED_EDGE('',*,*,#4812,.T.);
#2724=ORIENTED_EDGE('',*,*,#4813,.T.);
#2725=ORIENTED_EDGE('',*,*,#4814,.T.);
#2726=ORIENTED_EDGE('',*,*,#4218,.T.);
#2727=ORIENTED_EDGE('',*,*,#4815,.T.);
#2728=ORIENTED_EDGE('',*,*,#4805,.F.);
#2729=ORIENTED_EDGE('',*,*,#4816,.T.);
#2730=ORIENTED_EDGE('',*,*,#4807,.F.);
#2731=ORIENTED_EDGE('',*,*,#4817,.T.);
#2732=ORIENTED_EDGE('',*,*,#4810,.F.);
#2733=ORIENTED_EDGE('',*,*,#4818,.T.);
#2734=ORIENTED_EDGE('',*,*,#4813,.F.);
#2735=ORIENTED_EDGE('',*,*,#4819,.T.);
#2736=ORIENTED_EDGE('',*,*,#4208,.T.);
#2737=ORIENTED_EDGE('',*,*,#4820,.T.);
#2738=ORIENTED_EDGE('',*,*,#4821,.T.);
#2739=ORIENTED_EDGE('',*,*,#4822,.T.);
#2740=ORIENTED_EDGE('',*,*,#4823,.T.);
#2741=ORIENTED_EDGE('',*,*,#4824,.T.);
#2742=ORIENTED_EDGE('',*,*,#4214,.T.);
#2743=ORIENTED_EDGE('',*,*,#4825,.T.);
#2744=ORIENTED_EDGE('',*,*,#4826,.T.);
#2745=ORIENTED_EDGE('',*,*,#4827,.T.);
#2746=ORIENTED_EDGE('',*,*,#4212,.T.);
#2747=ORIENTED_EDGE('',*,*,#4828,.T.);
#2748=ORIENTED_EDGE('',*,*,#4829,.T.);
#2749=ORIENTED_EDGE('',*,*,#4830,.T.);
#2750=ORIENTED_EDGE('',*,*,#4210,.T.);
#2751=ORIENTED_EDGE('',*,*,#4831,.T.);
#2752=ORIENTED_EDGE('',*,*,#4821,.F.);
#2753=ORIENTED_EDGE('',*,*,#4832,.T.);
#2754=ORIENTED_EDGE('',*,*,#4823,.F.);
#2755=ORIENTED_EDGE('',*,*,#4833,.T.);
#2756=ORIENTED_EDGE('',*,*,#4826,.F.);
#2757=ORIENTED_EDGE('',*,*,#4834,.T.);
#2758=ORIENTED_EDGE('',*,*,#4829,.F.);
#2759=ORIENTED_EDGE('',*,*,#4835,.T.);
#2760=ORIENTED_EDGE('',*,*,#4200,.T.);
#2761=ORIENTED_EDGE('',*,*,#4836,.T.);
#2762=ORIENTED_EDGE('',*,*,#4837,.T.);
#2763=ORIENTED_EDGE('',*,*,#4838,.T.);
#2764=ORIENTED_EDGE('',*,*,#4839,.T.);
#2765=ORIENTED_EDGE('',*,*,#4840,.T.);
#2766=ORIENTED_EDGE('',*,*,#4206,.T.);
#2767=ORIENTED_EDGE('',*,*,#4841,.T.);
#2768=ORIENTED_EDGE('',*,*,#4842,.T.);
#2769=ORIENTED_EDGE('',*,*,#4843,.T.);
#2770=ORIENTED_EDGE('',*,*,#4204,.T.);
#2771=ORIENTED_EDGE('',*,*,#4844,.T.);
#2772=ORIENTED_EDGE('',*,*,#4845,.T.);
#2773=ORIENTED_EDGE('',*,*,#4846,.T.);
#2774=ORIENTED_EDGE('',*,*,#4202,.T.);
#2775=ORIENTED_EDGE('',*,*,#4847,.T.);
#2776=ORIENTED_EDGE('',*,*,#4837,.F.);
#2777=ORIENTED_EDGE('',*,*,#4848,.T.);
#2778=ORIENTED_EDGE('',*,*,#4839,.F.);
#2779=ORIENTED_EDGE('',*,*,#4849,.T.);
#2780=ORIENTED_EDGE('',*,*,#4842,.F.);
#2781=ORIENTED_EDGE('',*,*,#4850,.T.);
#2782=ORIENTED_EDGE('',*,*,#4845,.F.);
#2783=ORIENTED_EDGE('',*,*,#4851,.T.);
#2784=ORIENTED_EDGE('',*,*,#4192,.T.);
#2785=ORIENTED_EDGE('',*,*,#4852,.T.);
#2786=ORIENTED_EDGE('',*,*,#4853,.T.);
#2787=ORIENTED_EDGE('',*,*,#4854,.T.);
#2788=ORIENTED_EDGE('',*,*,#4855,.T.);
#2789=ORIENTED_EDGE('',*,*,#4856,.T.);
#2790=ORIENTED_EDGE('',*,*,#4198,.T.);
#2791=ORIENTED_EDGE('',*,*,#4857,.T.);
#2792=ORIENTED_EDGE('',*,*,#4858,.T.);
#2793=ORIENTED_EDGE('',*,*,#4859,.T.);
#2794=ORIENTED_EDGE('',*,*,#4196,.T.);
#2795=ORIENTED_EDGE('',*,*,#4860,.T.);
#2796=ORIENTED_EDGE('',*,*,#4861,.T.);
#2797=ORIENTED_EDGE('',*,*,#4862,.T.);
#2798=ORIENTED_EDGE('',*,*,#4194,.T.);
#2799=ORIENTED_EDGE('',*,*,#4863,.T.);
#2800=ORIENTED_EDGE('',*,*,#4853,.F.);
#2801=ORIENTED_EDGE('',*,*,#4864,.T.);
#2802=ORIENTED_EDGE('',*,*,#4855,.F.);
#2803=ORIENTED_EDGE('',*,*,#4865,.T.);
#2804=ORIENTED_EDGE('',*,*,#4858,.F.);
#2805=ORIENTED_EDGE('',*,*,#4866,.T.);
#2806=ORIENTED_EDGE('',*,*,#4861,.F.);
#2807=ORIENTED_EDGE('',*,*,#4867,.T.);
#2808=ORIENTED_EDGE('',*,*,#4184,.T.);
#2809=ORIENTED_EDGE('',*,*,#4868,.T.);
#2810=ORIENTED_EDGE('',*,*,#4869,.T.);
#2811=ORIENTED_EDGE('',*,*,#4870,.T.);
#2812=ORIENTED_EDGE('',*,*,#4871,.T.);
#2813=ORIENTED_EDGE('',*,*,#4872,.T.);
#2814=ORIENTED_EDGE('',*,*,#4190,.T.);
#2815=ORIENTED_EDGE('',*,*,#4873,.T.);
#2816=ORIENTED_EDGE('',*,*,#4874,.T.);
#2817=ORIENTED_EDGE('',*,*,#4875,.T.);
#2818=ORIENTED_EDGE('',*,*,#4188,.T.);
#2819=ORIENTED_EDGE('',*,*,#4876,.T.);
#2820=ORIENTED_EDGE('',*,*,#4877,.T.);
#2821=ORIENTED_EDGE('',*,*,#4878,.T.);
#2822=ORIENTED_EDGE('',*,*,#4186,.T.);
#2823=ORIENTED_EDGE('',*,*,#4879,.T.);
#2824=ORIENTED_EDGE('',*,*,#4869,.F.);
#2825=ORIENTED_EDGE('',*,*,#4880,.T.);
#2826=ORIENTED_EDGE('',*,*,#4871,.F.);
#2827=ORIENTED_EDGE('',*,*,#4881,.T.);
#2828=ORIENTED_EDGE('',*,*,#4874,.F.);
#2829=ORIENTED_EDGE('',*,*,#4882,.T.);
#2830=ORIENTED_EDGE('',*,*,#4877,.F.);
#2831=ORIENTED_EDGE('',*,*,#4883,.T.);
#2832=ORIENTED_EDGE('',*,*,#4176,.T.);
#2833=ORIENTED_EDGE('',*,*,#4884,.T.);
#2834=ORIENTED_EDGE('',*,*,#4885,.T.);
#2835=ORIENTED_EDGE('',*,*,#4886,.T.);
#2836=ORIENTED_EDGE('',*,*,#4887,.T.);
#2837=ORIENTED_EDGE('',*,*,#4888,.T.);
#2838=ORIENTED_EDGE('',*,*,#4182,.T.);
#2839=ORIENTED_EDGE('',*,*,#4889,.T.);
#2840=ORIENTED_EDGE('',*,*,#4890,.T.);
#2841=ORIENTED_EDGE('',*,*,#4891,.T.);
#2842=ORIENTED_EDGE('',*,*,#4180,.T.);
#2843=ORIENTED_EDGE('',*,*,#4892,.T.);
#2844=ORIENTED_EDGE('',*,*,#4893,.T.);
#2845=ORIENTED_EDGE('',*,*,#4894,.T.);
#2846=ORIENTED_EDGE('',*,*,#4178,.T.);
#2847=ORIENTED_EDGE('',*,*,#4895,.T.);
#2848=ORIENTED_EDGE('',*,*,#4885,.F.);
#2849=ORIENTED_EDGE('',*,*,#4896,.T.);
#2850=ORIENTED_EDGE('',*,*,#4887,.F.);
#2851=ORIENTED_EDGE('',*,*,#4897,.T.);
#2852=ORIENTED_EDGE('',*,*,#4890,.F.);
#2853=ORIENTED_EDGE('',*,*,#4898,.T.);
#2854=ORIENTED_EDGE('',*,*,#4893,.F.);
#2855=ORIENTED_EDGE('',*,*,#4899,.T.);
#2856=ORIENTED_EDGE('',*,*,#4168,.T.);
#2857=ORIENTED_EDGE('',*,*,#4900,.T.);
#2858=ORIENTED_EDGE('',*,*,#4901,.T.);
#2859=ORIENTED_EDGE('',*,*,#4902,.T.);
#2860=ORIENTED_EDGE('',*,*,#4903,.T.);
#2861=ORIENTED_EDGE('',*,*,#4904,.T.);
#2862=ORIENTED_EDGE('',*,*,#4174,.T.);
#2863=ORIENTED_EDGE('',*,*,#4905,.T.);
#2864=ORIENTED_EDGE('',*,*,#4906,.T.);
#2865=ORIENTED_EDGE('',*,*,#4907,.T.);
#2866=ORIENTED_EDGE('',*,*,#4172,.T.);
#2867=ORIENTED_EDGE('',*,*,#4908,.T.);
#2868=ORIENTED_EDGE('',*,*,#4909,.T.);
#2869=ORIENTED_EDGE('',*,*,#4910,.T.);
#2870=ORIENTED_EDGE('',*,*,#4170,.T.);
#2871=ORIENTED_EDGE('',*,*,#4911,.T.);
#2872=ORIENTED_EDGE('',*,*,#4901,.F.);
#2873=ORIENTED_EDGE('',*,*,#4912,.T.);
#2874=ORIENTED_EDGE('',*,*,#4903,.F.);
#2875=ORIENTED_EDGE('',*,*,#4913,.T.);
#2876=ORIENTED_EDGE('',*,*,#4906,.F.);
#2877=ORIENTED_EDGE('',*,*,#4914,.T.);
#2878=ORIENTED_EDGE('',*,*,#4909,.F.);
#2879=ORIENTED_EDGE('',*,*,#4915,.T.);
#2880=ORIENTED_EDGE('',*,*,#4160,.T.);
#2881=ORIENTED_EDGE('',*,*,#4916,.T.);
#2882=ORIENTED_EDGE('',*,*,#4917,.T.);
#2883=ORIENTED_EDGE('',*,*,#4918,.T.);
#2884=ORIENTED_EDGE('',*,*,#4919,.T.);
#2885=ORIENTED_EDGE('',*,*,#4920,.T.);
#2886=ORIENTED_EDGE('',*,*,#4166,.T.);
#2887=ORIENTED_EDGE('',*,*,#4921,.T.);
#2888=ORIENTED_EDGE('',*,*,#4922,.T.);
#2889=ORIENTED_EDGE('',*,*,#4923,.T.);
#2890=ORIENTED_EDGE('',*,*,#4164,.T.);
#2891=ORIENTED_EDGE('',*,*,#4924,.T.);
#2892=ORIENTED_EDGE('',*,*,#4925,.T.);
#2893=ORIENTED_EDGE('',*,*,#4926,.T.);
#2894=ORIENTED_EDGE('',*,*,#4162,.T.);
#2895=ORIENTED_EDGE('',*,*,#4927,.T.);
#2896=ORIENTED_EDGE('',*,*,#4917,.F.);
#2897=ORIENTED_EDGE('',*,*,#4928,.T.);
#2898=ORIENTED_EDGE('',*,*,#4919,.F.);
#2899=ORIENTED_EDGE('',*,*,#4929,.T.);
#2900=ORIENTED_EDGE('',*,*,#4922,.F.);
#2901=ORIENTED_EDGE('',*,*,#4930,.T.);
#2902=ORIENTED_EDGE('',*,*,#4925,.F.);
#2903=ORIENTED_EDGE('',*,*,#4931,.T.);
#2904=ORIENTED_EDGE('',*,*,#4152,.T.);
#2905=ORIENTED_EDGE('',*,*,#4932,.T.);
#2906=ORIENTED_EDGE('',*,*,#4933,.T.);
#2907=ORIENTED_EDGE('',*,*,#4934,.T.);
#2908=ORIENTED_EDGE('',*,*,#4935,.T.);
#2909=ORIENTED_EDGE('',*,*,#4936,.T.);
#2910=ORIENTED_EDGE('',*,*,#4158,.T.);
#2911=ORIENTED_EDGE('',*,*,#4937,.T.);
#2912=ORIENTED_EDGE('',*,*,#4938,.T.);
#2913=ORIENTED_EDGE('',*,*,#4939,.T.);
#2914=ORIENTED_EDGE('',*,*,#4156,.T.);
#2915=ORIENTED_EDGE('',*,*,#4940,.T.);
#2916=ORIENTED_EDGE('',*,*,#4941,.T.);
#2917=ORIENTED_EDGE('',*,*,#4942,.T.);
#2918=ORIENTED_EDGE('',*,*,#4154,.T.);
#2919=ORIENTED_EDGE('',*,*,#4943,.T.);
#2920=ORIENTED_EDGE('',*,*,#4933,.F.);
#2921=ORIENTED_EDGE('',*,*,#4944,.T.);
#2922=ORIENTED_EDGE('',*,*,#4935,.F.);
#2923=ORIENTED_EDGE('',*,*,#4945,.T.);
#2924=ORIENTED_EDGE('',*,*,#4938,.F.);
#2925=ORIENTED_EDGE('',*,*,#4946,.T.);
#2926=ORIENTED_EDGE('',*,*,#4941,.F.);
#2927=ORIENTED_EDGE('',*,*,#4947,.T.);
#2928=ORIENTED_EDGE('',*,*,#4144,.T.);
#2929=ORIENTED_EDGE('',*,*,#4948,.T.);
#2930=ORIENTED_EDGE('',*,*,#4949,.T.);
#2931=ORIENTED_EDGE('',*,*,#4950,.T.);
#2932=ORIENTED_EDGE('',*,*,#4951,.T.);
#2933=ORIENTED_EDGE('',*,*,#4952,.T.);
#2934=ORIENTED_EDGE('',*,*,#4150,.T.);
#2935=ORIENTED_EDGE('',*,*,#4953,.T.);
#2936=ORIENTED_EDGE('',*,*,#4954,.T.);
#2937=ORIENTED_EDGE('',*,*,#4955,.T.);
#2938=ORIENTED_EDGE('',*,*,#4148,.T.);
#2939=ORIENTED_EDGE('',*,*,#4956,.T.);
#2940=ORIENTED_EDGE('',*,*,#4957,.T.);
#2941=ORIENTED_EDGE('',*,*,#4958,.T.);
#2942=ORIENTED_EDGE('',*,*,#4146,.T.);
#2943=ORIENTED_EDGE('',*,*,#4959,.T.);
#2944=ORIENTED_EDGE('',*,*,#4949,.F.);
#2945=ORIENTED_EDGE('',*,*,#4960,.T.);
#2946=ORIENTED_EDGE('',*,*,#4951,.F.);
#2947=ORIENTED_EDGE('',*,*,#4961,.T.);
#2948=ORIENTED_EDGE('',*,*,#4954,.F.);
#2949=ORIENTED_EDGE('',*,*,#4962,.T.);
#2950=ORIENTED_EDGE('',*,*,#4957,.F.);
#2951=ORIENTED_EDGE('',*,*,#4963,.T.);
#2952=ORIENTED_EDGE('',*,*,#4136,.T.);
#2953=ORIENTED_EDGE('',*,*,#4964,.T.);
#2954=ORIENTED_EDGE('',*,*,#4965,.T.);
#2955=ORIENTED_EDGE('',*,*,#4966,.T.);
#2956=ORIENTED_EDGE('',*,*,#4967,.T.);
#2957=ORIENTED_EDGE('',*,*,#4968,.T.);
#2958=ORIENTED_EDGE('',*,*,#4142,.T.);
#2959=ORIENTED_EDGE('',*,*,#4969,.T.);
#2960=ORIENTED_EDGE('',*,*,#4970,.T.);
#2961=ORIENTED_EDGE('',*,*,#4971,.T.);
#2962=ORIENTED_EDGE('',*,*,#4140,.T.);
#2963=ORIENTED_EDGE('',*,*,#4972,.T.);
#2964=ORIENTED_EDGE('',*,*,#4973,.T.);
#2965=ORIENTED_EDGE('',*,*,#4974,.T.);
#2966=ORIENTED_EDGE('',*,*,#4138,.T.);
#2967=ORIENTED_EDGE('',*,*,#4975,.T.);
#2968=ORIENTED_EDGE('',*,*,#4965,.F.);
#2969=ORIENTED_EDGE('',*,*,#4976,.T.);
#2970=ORIENTED_EDGE('',*,*,#4967,.F.);
#2971=ORIENTED_EDGE('',*,*,#4977,.T.);
#2972=ORIENTED_EDGE('',*,*,#4970,.F.);
#2973=ORIENTED_EDGE('',*,*,#4978,.T.);
#2974=ORIENTED_EDGE('',*,*,#4973,.F.);
#2975=ORIENTED_EDGE('',*,*,#4979,.T.);
#2976=ORIENTED_EDGE('',*,*,#4399,.F.);
#2977=ORIENTED_EDGE('',*,*,#4456,.F.);
#2978=ORIENTED_EDGE('',*,*,#4464,.F.);
#2979=ORIENTED_EDGE('',*,*,#4452,.F.);
#2980=ORIENTED_EDGE('',*,*,#4231,.F.);
#2981=ORIENTED_EDGE('',*,*,#4792,.F.);
#2982=ORIENTED_EDGE('',*,*,#4800,.F.);
#2983=ORIENTED_EDGE('',*,*,#4788,.F.);
#2984=ORIENTED_EDGE('',*,*,#4223,.F.);
#2985=ORIENTED_EDGE('',*,*,#4808,.F.);
#2986=ORIENTED_EDGE('',*,*,#4816,.F.);
#2987=ORIENTED_EDGE('',*,*,#4804,.F.);
#2988=ORIENTED_EDGE('',*,*,#4215,.F.);
#2989=ORIENTED_EDGE('',*,*,#4824,.F.);
#2990=ORIENTED_EDGE('',*,*,#4832,.F.);
#2991=ORIENTED_EDGE('',*,*,#4820,.F.);
#2992=ORIENTED_EDGE('',*,*,#4207,.F.);
#2993=ORIENTED_EDGE('',*,*,#4840,.F.);
#2994=ORIENTED_EDGE('',*,*,#4848,.F.);
#2995=ORIENTED_EDGE('',*,*,#4836,.F.);
#2996=ORIENTED_EDGE('',*,*,#4263,.F.);
#2997=ORIENTED_EDGE('',*,*,#4728,.F.);
#2998=ORIENTED_EDGE('',*,*,#4736,.F.);
#2999=ORIENTED_EDGE('',*,*,#4724,.F.);
#3000=ORIENTED_EDGE('',*,*,#4255,.F.);
#3001=ORIENTED_EDGE('',*,*,#4744,.F.);
#3002=ORIENTED_EDGE('',*,*,#4752,.F.);
#3003=ORIENTED_EDGE('',*,*,#4740,.F.);
#3004=ORIENTED_EDGE('',*,*,#4247,.F.);
#3005=ORIENTED_EDGE('',*,*,#4760,.F.);
#3006=ORIENTED_EDGE('',*,*,#4768,.F.);
#3007=ORIENTED_EDGE('',*,*,#4756,.F.);
#3008=ORIENTED_EDGE('',*,*,#4239,.F.);
#3009=ORIENTED_EDGE('',*,*,#4776,.F.);
#3010=ORIENTED_EDGE('',*,*,#4784,.F.);
#3011=ORIENTED_EDGE('',*,*,#4772,.F.);
#3012=ORIENTED_EDGE('',*,*,#4167,.F.);
#3013=ORIENTED_EDGE('',*,*,#4920,.F.);
#3014=ORIENTED_EDGE('',*,*,#4928,.F.);
#3015=ORIENTED_EDGE('',*,*,#4916,.F.);
#3016=ORIENTED_EDGE('',*,*,#4159,.F.);
#3017=ORIENTED_EDGE('',*,*,#4936,.F.);
#3018=ORIENTED_EDGE('',*,*,#4944,.F.);
#3019=ORIENTED_EDGE('',*,*,#4932,.F.);
#3020=ORIENTED_EDGE('',*,*,#4151,.F.);
#3021=ORIENTED_EDGE('',*,*,#4952,.F.);
#3022=ORIENTED_EDGE('',*,*,#4960,.F.);
#3023=ORIENTED_EDGE('',*,*,#4948,.F.);
#3024=ORIENTED_EDGE('',*,*,#4143,.F.);
#3025=ORIENTED_EDGE('',*,*,#4968,.F.);
#3026=ORIENTED_EDGE('',*,*,#4976,.F.);
#3027=ORIENTED_EDGE('',*,*,#4964,.F.);
#3028=ORIENTED_EDGE('',*,*,#4199,.F.);
#3029=ORIENTED_EDGE('',*,*,#4856,.F.);
#3030=ORIENTED_EDGE('',*,*,#4864,.F.);
#3031=ORIENTED_EDGE('',*,*,#4852,.F.);
#3032=ORIENTED_EDGE('',*,*,#4191,.F.);
#3033=ORIENTED_EDGE('',*,*,#4872,.F.);
#3034=ORIENTED_EDGE('',*,*,#4880,.F.);
#3035=ORIENTED_EDGE('',*,*,#4868,.F.);
#3036=ORIENTED_EDGE('',*,*,#4183,.F.);
#3037=ORIENTED_EDGE('',*,*,#4888,.F.);
#3038=ORIENTED_EDGE('',*,*,#4896,.F.);
#3039=ORIENTED_EDGE('',*,*,#4884,.F.);
#3040=ORIENTED_EDGE('',*,*,#4175,.F.);
#3041=ORIENTED_EDGE('',*,*,#4904,.F.);
#3042=ORIENTED_EDGE('',*,*,#4912,.F.);
#3043=ORIENTED_EDGE('',*,*,#4900,.F.);
#3044=ORIENTED_EDGE('',*,*,#4335,.F.);
#3045=ORIENTED_EDGE('',*,*,#4584,.F.);
#3046=ORIENTED_EDGE('',*,*,#4592,.F.);
#3047=ORIENTED_EDGE('',*,*,#4580,.F.);
#3048=ORIENTED_EDGE('',*,*,#4343,.F.);
#3049=ORIENTED_EDGE('',*,*,#4568,.F.);
#3050=ORIENTED_EDGE('',*,*,#4576,.F.);
#3051=ORIENTED_EDGE('',*,*,#4564,.F.);
#3052=ORIENTED_EDGE('',*,*,#4351,.F.);
#3053=ORIENTED_EDGE('',*,*,#4552,.F.);
#3054=ORIENTED_EDGE('',*,*,#4560,.F.);
#3055=ORIENTED_EDGE('',*,*,#4548,.F.);
#3056=ORIENTED_EDGE('',*,*,#4359,.F.);
#3057=ORIENTED_EDGE('',*,*,#4536,.F.);
#3058=ORIENTED_EDGE('',*,*,#4544,.F.);
#3059=ORIENTED_EDGE('',*,*,#4532,.F.);
#3060=ORIENTED_EDGE('',*,*,#4367,.F.);
#3061=ORIENTED_EDGE('',*,*,#4520,.F.);
#3062=ORIENTED_EDGE('',*,*,#4528,.F.);
#3063=ORIENTED_EDGE('',*,*,#4516,.F.);
#3064=ORIENTED_EDGE('',*,*,#4375,.F.);
#3065=ORIENTED_EDGE('',*,*,#4504,.F.);
#3066=ORIENTED_EDGE('',*,*,#4512,.F.);
#3067=ORIENTED_EDGE('',*,*,#4500,.F.);
#3068=ORIENTED_EDGE('',*,*,#4383,.F.);
#3069=ORIENTED_EDGE('',*,*,#4488,.F.);
#3070=ORIENTED_EDGE('',*,*,#4496,.F.);
#3071=ORIENTED_EDGE('',*,*,#4484,.F.);
#3072=ORIENTED_EDGE('',*,*,#4391,.F.);
#3073=ORIENTED_EDGE('',*,*,#4472,.F.);
#3074=ORIENTED_EDGE('',*,*,#4480,.F.);
#3075=ORIENTED_EDGE('',*,*,#4468,.F.);
#3076=ORIENTED_EDGE('',*,*,#4303,.F.);
#3077=ORIENTED_EDGE('',*,*,#4648,.F.);
#3078=ORIENTED_EDGE('',*,*,#4656,.F.);
#3079=ORIENTED_EDGE('',*,*,#4644,.F.);
#3080=ORIENTED_EDGE('',*,*,#4311,.F.);
#3081=ORIENTED_EDGE('',*,*,#4632,.F.);
#3082=ORIENTED_EDGE('',*,*,#4640,.F.);
#3083=ORIENTED_EDGE('',*,*,#4628,.F.);
#3084=ORIENTED_EDGE('',*,*,#4319,.F.);
#3085=ORIENTED_EDGE('',*,*,#4616,.F.);
#3086=ORIENTED_EDGE('',*,*,#4624,.F.);
#3087=ORIENTED_EDGE('',*,*,#4612,.F.);
#3088=ORIENTED_EDGE('',*,*,#4327,.F.);
#3089=ORIENTED_EDGE('',*,*,#4600,.F.);
#3090=ORIENTED_EDGE('',*,*,#4608,.F.);
#3091=ORIENTED_EDGE('',*,*,#4596,.F.);
#3092=ORIENTED_EDGE('',*,*,#4295,.F.);
#3093=ORIENTED_EDGE('',*,*,#4664,.F.);
#3094=ORIENTED_EDGE('',*,*,#4672,.F.);
#3095=ORIENTED_EDGE('',*,*,#4660,.F.);
#3096=ORIENTED_EDGE('',*,*,#4287,.F.);
#3097=ORIENTED_EDGE('',*,*,#4680,.F.);
#3098=ORIENTED_EDGE('',*,*,#4688,.F.);
#3099=ORIENTED_EDGE('',*,*,#4676,.F.);
#3100=ORIENTED_EDGE('',*,*,#4279,.F.);
#3101=ORIENTED_EDGE('',*,*,#4696,.F.);
#3102=ORIENTED_EDGE('',*,*,#4704,.F.);
#3103=ORIENTED_EDGE('',*,*,#4692,.F.);
#3104=ORIENTED_EDGE('',*,*,#4271,.F.);
#3105=ORIENTED_EDGE('',*,*,#4712,.F.);
#3106=ORIENTED_EDGE('',*,*,#4720,.F.);
#3107=ORIENTED_EDGE('',*,*,#4708,.F.);
#3108=ORIENTED_EDGE('',*,*,#4407,.F.);
#3109=ORIENTED_EDGE('',*,*,#4440,.F.);
#3110=ORIENTED_EDGE('',*,*,#4448,.F.);
#3111=ORIENTED_EDGE('',*,*,#4436,.F.);
#3112=ORIENTED_EDGE('',*,*,#4397,.F.);
#3113=ORIENTED_EDGE('',*,*,#4459,.F.);
#3114=ORIENTED_EDGE('',*,*,#4465,.F.);
#3115=ORIENTED_EDGE('',*,*,#4457,.F.);
#3116=ORIENTED_EDGE('',*,*,#4229,.F.);
#3117=ORIENTED_EDGE('',*,*,#4795,.F.);
#3118=ORIENTED_EDGE('',*,*,#4801,.F.);
#3119=ORIENTED_EDGE('',*,*,#4793,.F.);
#3120=ORIENTED_EDGE('',*,*,#4221,.F.);
#3121=ORIENTED_EDGE('',*,*,#4811,.F.);
#3122=ORIENTED_EDGE('',*,*,#4817,.F.);
#3123=ORIENTED_EDGE('',*,*,#4809,.F.);
#3124=ORIENTED_EDGE('',*,*,#4213,.F.);
#3125=ORIENTED_EDGE('',*,*,#4827,.F.);
#3126=ORIENTED_EDGE('',*,*,#4833,.F.);
#3127=ORIENTED_EDGE('',*,*,#4825,.F.);
#3128=ORIENTED_EDGE('',*,*,#4205,.F.);
#3129=ORIENTED_EDGE('',*,*,#4843,.F.);
#3130=ORIENTED_EDGE('',*,*,#4849,.F.);
#3131=ORIENTED_EDGE('',*,*,#4841,.F.);
#3132=ORIENTED_EDGE('',*,*,#4261,.F.);
#3133=ORIENTED_EDGE('',*,*,#4731,.F.);
#3134=ORIENTED_EDGE('',*,*,#4737,.F.);
#3135=ORIENTED_EDGE('',*,*,#4729,.F.);
#3136=ORIENTED_EDGE('',*,*,#4253,.F.);
#3137=ORIENTED_EDGE('',*,*,#4747,.F.);
#3138=ORIENTED_EDGE('',*,*,#4753,.F.);
#3139=ORIENTED_EDGE('',*,*,#4745,.F.);
#3140=ORIENTED_EDGE('',*,*,#4245,.F.);
#3141=ORIENTED_EDGE('',*,*,#4763,.F.);
#3142=ORIENTED_EDGE('',*,*,#4769,.F.);
#3143=ORIENTED_EDGE('',*,*,#4761,.F.);
#3144=ORIENTED_EDGE('',*,*,#4237,.F.);
#3145=ORIENTED_EDGE('',*,*,#4779,.F.);
#3146=ORIENTED_EDGE('',*,*,#4785,.F.);
#3147=ORIENTED_EDGE('',*,*,#4777,.F.);
#3148=ORIENTED_EDGE('',*,*,#4165,.F.);
#3149=ORIENTED_EDGE('',*,*,#4923,.F.);
#3150=ORIENTED_EDGE('',*,*,#4929,.F.);
#3151=ORIENTED_EDGE('',*,*,#4921,.F.);
#3152=ORIENTED_EDGE('',*,*,#4157,.F.);
#3153=ORIENTED_EDGE('',*,*,#4939,.F.);
#3154=ORIENTED_EDGE('',*,*,#4945,.F.);
#3155=ORIENTED_EDGE('',*,*,#4937,.F.);
#3156=ORIENTED_EDGE('',*,*,#4149,.F.);
#3157=ORIENTED_EDGE('',*,*,#4955,.F.);
#3158=ORIENTED_EDGE('',*,*,#4961,.F.);
#3159=ORIENTED_EDGE('',*,*,#4953,.F.);
#3160=ORIENTED_EDGE('',*,*,#4141,.F.);
#3161=ORIENTED_EDGE('',*,*,#4971,.F.);
#3162=ORIENTED_EDGE('',*,*,#4977,.F.);
#3163=ORIENTED_EDGE('',*,*,#4969,.F.);
#3164=ORIENTED_EDGE('',*,*,#4197,.F.);
#3165=ORIENTED_EDGE('',*,*,#4859,.F.);
#3166=ORIENTED_EDGE('',*,*,#4865,.F.);
#3167=ORIENTED_EDGE('',*,*,#4857,.F.);
#3168=ORIENTED_EDGE('',*,*,#4189,.F.);
#3169=ORIENTED_EDGE('',*,*,#4875,.F.);
#3170=ORIENTED_EDGE('',*,*,#4881,.F.);
#3171=ORIENTED_EDGE('',*,*,#4873,.F.);
#3172=ORIENTED_EDGE('',*,*,#4181,.F.);
#3173=ORIENTED_EDGE('',*,*,#4891,.F.);
#3174=ORIENTED_EDGE('',*,*,#4897,.F.);
#3175=ORIENTED_EDGE('',*,*,#4889,.F.);
#3176=ORIENTED_EDGE('',*,*,#4173,.F.);
#3177=ORIENTED_EDGE('',*,*,#4907,.F.);
#3178=ORIENTED_EDGE('',*,*,#4913,.F.);
#3179=ORIENTED_EDGE('',*,*,#4905,.F.);
#3180=ORIENTED_EDGE('',*,*,#4333,.F.);
#3181=ORIENTED_EDGE('',*,*,#4587,.F.);
#3182=ORIENTED_EDGE('',*,*,#4593,.F.);
#3183=ORIENTED_EDGE('',*,*,#4585,.F.);
#3184=ORIENTED_EDGE('',*,*,#4341,.F.);
#3185=ORIENTED_EDGE('',*,*,#4571,.F.);
#3186=ORIENTED_EDGE('',*,*,#4577,.F.);
#3187=ORIENTED_EDGE('',*,*,#4569,.F.);
#3188=ORIENTED_EDGE('',*,*,#4349,.F.);
#3189=ORIENTED_EDGE('',*,*,#4555,.F.);
#3190=ORIENTED_EDGE('',*,*,#4561,.F.);
#3191=ORIENTED_EDGE('',*,*,#4553,.F.);
#3192=ORIENTED_EDGE('',*,*,#4357,.F.);
#3193=ORIENTED_EDGE('',*,*,#4539,.F.);
#3194=ORIENTED_EDGE('',*,*,#4545,.F.);
#3195=ORIENTED_EDGE('',*,*,#4537,.F.);
#3196=ORIENTED_EDGE('',*,*,#4365,.F.);
#3197=ORIENTED_EDGE('',*,*,#4523,.F.);
#3198=ORIENTED_EDGE('',*,*,#4529,.F.);
#3199=ORIENTED_EDGE('',*,*,#4521,.F.);
#3200=ORIENTED_EDGE('',*,*,#4373,.F.);
#3201=ORIENTED_EDGE('',*,*,#4507,.F.);
#3202=ORIENTED_EDGE('',*,*,#4513,.F.);
#3203=ORIENTED_EDGE('',*,*,#4505,.F.);
#3204=ORIENTED_EDGE('',*,*,#4381,.F.);
#3205=ORIENTED_EDGE('',*,*,#4491,.F.);
#3206=ORIENTED_EDGE('',*,*,#4497,.F.);
#3207=ORIENTED_EDGE('',*,*,#4489,.F.);
#3208=ORIENTED_EDGE('',*,*,#4389,.F.);
#3209=ORIENTED_EDGE('',*,*,#4475,.F.);
#3210=ORIENTED_EDGE('',*,*,#4481,.F.);
#3211=ORIENTED_EDGE('',*,*,#4473,.F.);
#3212=ORIENTED_EDGE('',*,*,#4301,.F.);
#3213=ORIENTED_EDGE('',*,*,#4651,.F.);
#3214=ORIENTED_EDGE('',*,*,#4657,.F.);
#3215=ORIENTED_EDGE('',*,*,#4649,.F.);
#3216=ORIENTED_EDGE('',*,*,#4309,.F.);
#3217=ORIENTED_EDGE('',*,*,#4635,.F.);
#3218=ORIENTED_EDGE('',*,*,#4641,.F.);
#3219=ORIENTED_EDGE('',*,*,#4633,.F.);
#3220=ORIENTED_EDGE('',*,*,#4317,.F.);
#3221=ORIENTED_EDGE('',*,*,#4619,.F.);
#3222=ORIENTED_EDGE('',*,*,#4625,.F.);
#3223=ORIENTED_EDGE('',*,*,#4617,.F.);
#3224=ORIENTED_EDGE('',*,*,#4325,.F.);
#3225=ORIENTED_EDGE('',*,*,#4603,.F.);
#3226=ORIENTED_EDGE('',*,*,#4609,.F.);
#3227=ORIENTED_EDGE('',*,*,#4601,.F.);
#3228=ORIENTED_EDGE('',*,*,#4293,.F.);
#3229=ORIENTED_EDGE('',*,*,#4667,.F.);
#3230=ORIENTED_EDGE('',*,*,#4673,.F.);
#3231=ORIENTED_EDGE('',*,*,#4665,.F.);
#3232=ORIENTED_EDGE('',*,*,#4285,.F.);
#3233=ORIENTED_EDGE('',*,*,#4683,.F.);
#3234=ORIENTED_EDGE('',*,*,#4689,.F.);
#3235=ORIENTED_EDGE('',*,*,#4681,.F.);
#3236=ORIENTED_EDGE('',*,*,#4277,.F.);
#3237=ORIENTED_EDGE('',*,*,#4699,.F.);
#3238=ORIENTED_EDGE('',*,*,#4705,.F.);
#3239=ORIENTED_EDGE('',*,*,#4697,.F.);
#3240=ORIENTED_EDGE('',*,*,#4269,.F.);
#3241=ORIENTED_EDGE('',*,*,#4715,.F.);
#3242=ORIENTED_EDGE('',*,*,#4721,.F.);
#3243=ORIENTED_EDGE('',*,*,#4713,.F.);
#3244=ORIENTED_EDGE('',*,*,#4405,.F.);
#3245=ORIENTED_EDGE('',*,*,#4443,.F.);
#3246=ORIENTED_EDGE('',*,*,#4449,.F.);
#3247=ORIENTED_EDGE('',*,*,#4441,.F.);
#3248=ORIENTED_EDGE('',*,*,#4395,.F.);
#3249=ORIENTED_EDGE('',*,*,#4462,.F.);
#3250=ORIENTED_EDGE('',*,*,#4466,.F.);
#3251=ORIENTED_EDGE('',*,*,#4460,.F.);
#3252=ORIENTED_EDGE('',*,*,#4227,.F.);
#3253=ORIENTED_EDGE('',*,*,#4798,.F.);
#3254=ORIENTED_EDGE('',*,*,#4802,.F.);
#3255=ORIENTED_EDGE('',*,*,#4796,.F.);
#3256=ORIENTED_EDGE('',*,*,#4219,.F.);
#3257=ORIENTED_EDGE('',*,*,#4814,.F.);
#3258=ORIENTED_EDGE('',*,*,#4818,.F.);
#3259=ORIENTED_EDGE('',*,*,#4812,.F.);
#3260=ORIENTED_EDGE('',*,*,#4211,.F.);
#3261=ORIENTED_EDGE('',*,*,#4830,.F.);
#3262=ORIENTED_EDGE('',*,*,#4834,.F.);
#3263=ORIENTED_EDGE('',*,*,#4828,.F.);
#3264=ORIENTED_EDGE('',*,*,#4203,.F.);
#3265=ORIENTED_EDGE('',*,*,#4846,.F.);
#3266=ORIENTED_EDGE('',*,*,#4850,.F.);
#3267=ORIENTED_EDGE('',*,*,#4844,.F.);
#3268=ORIENTED_EDGE('',*,*,#4259,.F.);
#3269=ORIENTED_EDGE('',*,*,#4734,.F.);
#3270=ORIENTED_EDGE('',*,*,#4738,.F.);
#3271=ORIENTED_EDGE('',*,*,#4732,.F.);
#3272=ORIENTED_EDGE('',*,*,#4251,.F.);
#3273=ORIENTED_EDGE('',*,*,#4750,.F.);
#3274=ORIENTED_EDGE('',*,*,#4754,.F.);
#3275=ORIENTED_EDGE('',*,*,#4748,.F.);
#3276=ORIENTED_EDGE('',*,*,#4243,.F.);
#3277=ORIENTED_EDGE('',*,*,#4766,.F.);
#3278=ORIENTED_EDGE('',*,*,#4770,.F.);
#3279=ORIENTED_EDGE('',*,*,#4764,.F.);
#3280=ORIENTED_EDGE('',*,*,#4235,.F.);
#3281=ORIENTED_EDGE('',*,*,#4782,.F.);
#3282=ORIENTED_EDGE('',*,*,#4786,.F.);
#3283=ORIENTED_EDGE('',*,*,#4780,.F.);
#3284=ORIENTED_EDGE('',*,*,#4163,.F.);
#3285=ORIENTED_EDGE('',*,*,#4926,.F.);
#3286=ORIENTED_EDGE('',*,*,#4930,.F.);
#3287=ORIENTED_EDGE('',*,*,#4924,.F.);
#3288=ORIENTED_EDGE('',*,*,#4155,.F.);
#3289=ORIENTED_EDGE('',*,*,#4942,.F.);
#3290=ORIENTED_EDGE('',*,*,#4946,.F.);
#3291=ORIENTED_EDGE('',*,*,#4940,.F.);
#3292=ORIENTED_EDGE('',*,*,#4147,.F.);
#3293=ORIENTED_EDGE('',*,*,#4958,.F.);
#3294=ORIENTED_EDGE('',*,*,#4962,.F.);
#3295=ORIENTED_EDGE('',*,*,#4956,.F.);
#3296=ORIENTED_EDGE('',*,*,#4139,.F.);
#3297=ORIENTED_EDGE('',*,*,#4974,.F.);
#3298=ORIENTED_EDGE('',*,*,#4978,.F.);
#3299=ORIENTED_EDGE('',*,*,#4972,.F.);
#3300=ORIENTED_EDGE('',*,*,#4195,.F.);
#3301=ORIENTED_EDGE('',*,*,#4862,.F.);
#3302=ORIENTED_EDGE('',*,*,#4866,.F.);
#3303=ORIENTED_EDGE('',*,*,#4860,.F.);
#3304=ORIENTED_EDGE('',*,*,#4187,.F.);
#3305=ORIENTED_EDGE('',*,*,#4878,.F.);
#3306=ORIENTED_EDGE('',*,*,#4882,.F.);
#3307=ORIENTED_EDGE('',*,*,#4876,.F.);
#3308=ORIENTED_EDGE('',*,*,#4179,.F.);
#3309=ORIENTED_EDGE('',*,*,#4894,.F.);
#3310=ORIENTED_EDGE('',*,*,#4898,.F.);
#3311=ORIENTED_EDGE('',*,*,#4892,.F.);
#3312=ORIENTED_EDGE('',*,*,#4171,.F.);
#3313=ORIENTED_EDGE('',*,*,#4910,.F.);
#3314=ORIENTED_EDGE('',*,*,#4914,.F.);
#3315=ORIENTED_EDGE('',*,*,#4908,.F.);
#3316=ORIENTED_EDGE('',*,*,#4331,.F.);
#3317=ORIENTED_EDGE('',*,*,#4590,.F.);
#3318=ORIENTED_EDGE('',*,*,#4594,.F.);
#3319=ORIENTED_EDGE('',*,*,#4588,.F.);
#3320=ORIENTED_EDGE('',*,*,#4339,.F.);
#3321=ORIENTED_EDGE('',*,*,#4574,.F.);
#3322=ORIENTED_EDGE('',*,*,#4578,.F.);
#3323=ORIENTED_EDGE('',*,*,#4572,.F.);
#3324=ORIENTED_EDGE('',*,*,#4347,.F.);
#3325=ORIENTED_EDGE('',*,*,#4558,.F.);
#3326=ORIENTED_EDGE('',*,*,#4562,.F.);
#3327=ORIENTED_EDGE('',*,*,#4556,.F.);
#3328=ORIENTED_EDGE('',*,*,#4355,.F.);
#3329=ORIENTED_EDGE('',*,*,#4542,.F.);
#3330=ORIENTED_EDGE('',*,*,#4546,.F.);
#3331=ORIENTED_EDGE('',*,*,#4540,.F.);
#3332=ORIENTED_EDGE('',*,*,#4363,.F.);
#3333=ORIENTED_EDGE('',*,*,#4526,.F.);
#3334=ORIENTED_EDGE('',*,*,#4530,.F.);
#3335=ORIENTED_EDGE('',*,*,#4524,.F.);
#3336=ORIENTED_EDGE('',*,*,#4371,.F.);
#3337=ORIENTED_EDGE('',*,*,#4510,.F.);
#3338=ORIENTED_EDGE('',*,*,#4514,.F.);
#3339=ORIENTED_EDGE('',*,*,#4508,.F.);
#3340=ORIENTED_EDGE('',*,*,#4379,.F.);
#3341=ORIENTED_EDGE('',*,*,#4494,.F.);
#3342=ORIENTED_EDGE('',*,*,#4498,.F.);
#3343=ORIENTED_EDGE('',*,*,#4492,.F.);
#3344=ORIENTED_EDGE('',*,*,#4387,.F.);
#3345=ORIENTED_EDGE('',*,*,#4478,.F.);
#3346=ORIENTED_EDGE('',*,*,#4482,.F.);
#3347=ORIENTED_EDGE('',*,*,#4476,.F.);
#3348=ORIENTED_EDGE('',*,*,#4299,.F.);
#3349=ORIENTED_EDGE('',*,*,#4654,.F.);
#3350=ORIENTED_EDGE('',*,*,#4658,.F.);
#3351=ORIENTED_EDGE('',*,*,#4652,.F.);
#3352=ORIENTED_EDGE('',*,*,#4307,.F.);
#3353=ORIENTED_EDGE('',*,*,#4638,.F.);
#3354=ORIENTED_EDGE('',*,*,#4642,.F.);
#3355=ORIENTED_EDGE('',*,*,#4636,.F.);
#3356=ORIENTED_EDGE('',*,*,#4315,.F.);
#3357=ORIENTED_EDGE('',*,*,#4622,.F.);
#3358=ORIENTED_EDGE('',*,*,#4626,.F.);
#3359=ORIENTED_EDGE('',*,*,#4620,.F.);
#3360=ORIENTED_EDGE('',*,*,#4323,.F.);
#3361=ORIENTED_EDGE('',*,*,#4606,.F.);
#3362=ORIENTED_EDGE('',*,*,#4610,.F.);
#3363=ORIENTED_EDGE('',*,*,#4604,.F.);
#3364=ORIENTED_EDGE('',*,*,#4291,.F.);
#3365=ORIENTED_EDGE('',*,*,#4670,.F.);
#3366=ORIENTED_EDGE('',*,*,#4674,.F.);
#3367=ORIENTED_EDGE('',*,*,#4668,.F.);
#3368=ORIENTED_EDGE('',*,*,#4283,.F.);
#3369=ORIENTED_EDGE('',*,*,#4686,.F.);
#3370=ORIENTED_EDGE('',*,*,#4690,.F.);
#3371=ORIENTED_EDGE('',*,*,#4684,.F.);
#3372=ORIENTED_EDGE('',*,*,#4275,.F.);
#3373=ORIENTED_EDGE('',*,*,#4702,.F.);
#3374=ORIENTED_EDGE('',*,*,#4706,.F.);
#3375=ORIENTED_EDGE('',*,*,#4700,.F.);
#3376=ORIENTED_EDGE('',*,*,#4267,.F.);
#3377=ORIENTED_EDGE('',*,*,#4718,.F.);
#3378=ORIENTED_EDGE('',*,*,#4722,.F.);
#3379=ORIENTED_EDGE('',*,*,#4716,.F.);
#3380=ORIENTED_EDGE('',*,*,#4403,.F.);
#3381=ORIENTED_EDGE('',*,*,#4446,.F.);
#3382=ORIENTED_EDGE('',*,*,#4450,.F.);
#3383=ORIENTED_EDGE('',*,*,#4444,.F.);
#3384=ORIENTED_EDGE('',*,*,#4393,.F.);
#3385=ORIENTED_EDGE('',*,*,#4454,.F.);
#3386=ORIENTED_EDGE('',*,*,#4467,.F.);
#3387=ORIENTED_EDGE('',*,*,#4463,.F.);
#3388=ORIENTED_EDGE('',*,*,#4225,.F.);
#3389=ORIENTED_EDGE('',*,*,#4790,.F.);
#3390=ORIENTED_EDGE('',*,*,#4803,.F.);
#3391=ORIENTED_EDGE('',*,*,#4799,.F.);
#3392=ORIENTED_EDGE('',*,*,#4217,.F.);
#3393=ORIENTED_EDGE('',*,*,#4806,.F.);
#3394=ORIENTED_EDGE('',*,*,#4819,.F.);
#3395=ORIENTED_EDGE('',*,*,#4815,.F.);
#3396=ORIENTED_EDGE('',*,*,#4209,.F.);
#3397=ORIENTED_EDGE('',*,*,#4822,.F.);
#3398=ORIENTED_EDGE('',*,*,#4835,.F.);
#3399=ORIENTED_EDGE('',*,*,#4831,.F.);
#3400=ORIENTED_EDGE('',*,*,#4201,.F.);
#3401=ORIENTED_EDGE('',*,*,#4838,.F.);
#3402=ORIENTED_EDGE('',*,*,#4851,.F.);
#3403=ORIENTED_EDGE('',*,*,#4847,.F.);
#3404=ORIENTED_EDGE('',*,*,#4257,.F.);
#3405=ORIENTED_EDGE('',*,*,#4726,.F.);
#3406=ORIENTED_EDGE('',*,*,#4739,.F.);
#3407=ORIENTED_EDGE('',*,*,#4735,.F.);
#3408=ORIENTED_EDGE('',*,*,#4249,.F.);
#3409=ORIENTED_EDGE('',*,*,#4742,.F.);
#3410=ORIENTED_EDGE('',*,*,#4755,.F.);
#3411=ORIENTED_EDGE('',*,*,#4751,.F.);
#3412=ORIENTED_EDGE('',*,*,#4241,.F.);
#3413=ORIENTED_EDGE('',*,*,#4758,.F.);
#3414=ORIENTED_EDGE('',*,*,#4771,.F.);
#3415=ORIENTED_EDGE('',*,*,#4767,.F.);
#3416=ORIENTED_EDGE('',*,*,#4233,.F.);
#3417=ORIENTED_EDGE('',*,*,#4774,.F.);
#3418=ORIENTED_EDGE('',*,*,#4787,.F.);
#3419=ORIENTED_EDGE('',*,*,#4783,.F.);
#3420=ORIENTED_EDGE('',*,*,#4161,.F.);
#3421=ORIENTED_EDGE('',*,*,#4918,.F.);
#3422=ORIENTED_EDGE('',*,*,#4931,.F.);
#3423=ORIENTED_EDGE('',*,*,#4927,.F.);
#3424=ORIENTED_EDGE('',*,*,#4153,.F.);
#3425=ORIENTED_EDGE('',*,*,#4934,.F.);
#3426=ORIENTED_EDGE('',*,*,#4947,.F.);
#3427=ORIENTED_EDGE('',*,*,#4943,.F.);
#3428=ORIENTED_EDGE('',*,*,#4145,.F.);
#3429=ORIENTED_EDGE('',*,*,#4950,.F.);
#3430=ORIENTED_EDGE('',*,*,#4963,.F.);
#3431=ORIENTED_EDGE('',*,*,#4959,.F.);
#3432=ORIENTED_EDGE('',*,*,#4137,.F.);
#3433=ORIENTED_EDGE('',*,*,#4966,.F.);
#3434=ORIENTED_EDGE('',*,*,#4979,.F.);
#3435=ORIENTED_EDGE('',*,*,#4975,.F.);
#3436=ORIENTED_EDGE('',*,*,#4193,.F.);
#3437=ORIENTED_EDGE('',*,*,#4854,.F.);
#3438=ORIENTED_EDGE('',*,*,#4867,.F.);
#3439=ORIENTED_EDGE('',*,*,#4863,.F.);
#3440=ORIENTED_EDGE('',*,*,#4185,.F.);
#3441=ORIENTED_EDGE('',*,*,#4870,.F.);
#3442=ORIENTED_EDGE('',*,*,#4883,.F.);
#3443=ORIENTED_EDGE('',*,*,#4879,.F.);
#3444=ORIENTED_EDGE('',*,*,#4177,.F.);
#3445=ORIENTED_EDGE('',*,*,#4886,.F.);
#3446=ORIENTED_EDGE('',*,*,#4899,.F.);
#3447=ORIENTED_EDGE('',*,*,#4895,.F.);
#3448=ORIENTED_EDGE('',*,*,#4169,.F.);
#3449=ORIENTED_EDGE('',*,*,#4902,.F.);
#3450=ORIENTED_EDGE('',*,*,#4915,.F.);
#3451=ORIENTED_EDGE('',*,*,#4911,.F.);
#3452=ORIENTED_EDGE('',*,*,#4329,.F.);
#3453=ORIENTED_EDGE('',*,*,#4582,.F.);
#3454=ORIENTED_EDGE('',*,*,#4595,.F.);
#3455=ORIENTED_EDGE('',*,*,#4591,.F.);
#3456=ORIENTED_EDGE('',*,*,#4337,.F.);
#3457=ORIENTED_EDGE('',*,*,#4566,.F.);
#3458=ORIENTED_EDGE('',*,*,#4579,.F.);
#3459=ORIENTED_EDGE('',*,*,#4575,.F.);
#3460=ORIENTED_EDGE('',*,*,#4345,.F.);
#3461=ORIENTED_EDGE('',*,*,#4550,.F.);
#3462=ORIENTED_EDGE('',*,*,#4563,.F.);
#3463=ORIENTED_EDGE('',*,*,#4559,.F.);
#3464=ORIENTED_EDGE('',*,*,#4353,.F.);
#3465=ORIENTED_EDGE('',*,*,#4534,.F.);
#3466=ORIENTED_EDGE('',*,*,#4547,.F.);
#3467=ORIENTED_EDGE('',*,*,#4543,.F.);
#3468=ORIENTED_EDGE('',*,*,#4361,.F.);
#3469=ORIENTED_EDGE('',*,*,#4518,.F.);
#3470=ORIENTED_EDGE('',*,*,#4531,.F.);
#3471=ORIENTED_EDGE('',*,*,#4527,.F.);
#3472=ORIENTED_EDGE('',*,*,#4369,.F.);
#3473=ORIENTED_EDGE('',*,*,#4502,.F.);
#3474=ORIENTED_EDGE('',*,*,#4515,.F.);
#3475=ORIENTED_EDGE('',*,*,#4511,.F.);
#3476=ORIENTED_EDGE('',*,*,#4377,.F.);
#3477=ORIENTED_EDGE('',*,*,#4486,.F.);
#3478=ORIENTED_EDGE('',*,*,#4499,.F.);
#3479=ORIENTED_EDGE('',*,*,#4495,.F.);
#3480=ORIENTED_EDGE('',*,*,#4385,.F.);
#3481=ORIENTED_EDGE('',*,*,#4470,.F.);
#3482=ORIENTED_EDGE('',*,*,#4483,.F.);
#3483=ORIENTED_EDGE('',*,*,#4479,.F.);
#3484=ORIENTED_EDGE('',*,*,#4297,.F.);
#3485=ORIENTED_EDGE('',*,*,#4646,.F.);
#3486=ORIENTED_EDGE('',*,*,#4659,.F.);
#3487=ORIENTED_EDGE('',*,*,#4655,.F.);
#3488=ORIENTED_EDGE('',*,*,#4305,.F.);
#3489=ORIENTED_EDGE('',*,*,#4630,.F.);
#3490=ORIENTED_EDGE('',*,*,#4643,.F.);
#3491=ORIENTED_EDGE('',*,*,#4639,.F.);
#3492=ORIENTED_EDGE('',*,*,#4313,.F.);
#3493=ORIENTED_EDGE('',*,*,#4614,.F.);
#3494=ORIENTED_EDGE('',*,*,#4627,.F.);
#3495=ORIENTED_EDGE('',*,*,#4623,.F.);
#3496=ORIENTED_EDGE('',*,*,#4321,.F.);
#3497=ORIENTED_EDGE('',*,*,#4598,.F.);
#3498=ORIENTED_EDGE('',*,*,#4611,.F.);
#3499=ORIENTED_EDGE('',*,*,#4607,.F.);
#3500=ORIENTED_EDGE('',*,*,#4289,.F.);
#3501=ORIENTED_EDGE('',*,*,#4662,.F.);
#3502=ORIENTED_EDGE('',*,*,#4675,.F.);
#3503=ORIENTED_EDGE('',*,*,#4671,.F.);
#3504=ORIENTED_EDGE('',*,*,#4281,.F.);
#3505=ORIENTED_EDGE('',*,*,#4678,.F.);
#3506=ORIENTED_EDGE('',*,*,#4691,.F.);
#3507=ORIENTED_EDGE('',*,*,#4687,.F.);
#3508=ORIENTED_EDGE('',*,*,#4273,.F.);
#3509=ORIENTED_EDGE('',*,*,#4694,.F.);
#3510=ORIENTED_EDGE('',*,*,#4707,.F.);
#3511=ORIENTED_EDGE('',*,*,#4703,.F.);
#3512=ORIENTED_EDGE('',*,*,#4265,.F.);
#3513=ORIENTED_EDGE('',*,*,#4710,.F.);
#3514=ORIENTED_EDGE('',*,*,#4723,.F.);
#3515=ORIENTED_EDGE('',*,*,#4719,.F.);
#3516=ORIENTED_EDGE('',*,*,#4401,.F.);
#3517=ORIENTED_EDGE('',*,*,#4438,.F.);
#3518=ORIENTED_EDGE('',*,*,#4451,.F.);
#3519=ORIENTED_EDGE('',*,*,#4447,.F.);
#3520=VERTEX_POINT('',#8603);
#3521=VERTEX_POINT('',#8604);
#3522=VERTEX_POINT('',#8606);
#3523=VERTEX_POINT('',#8608);
#3524=VERTEX_POINT('',#8612);
#3525=VERTEX_POINT('',#8614);
#3526=VERTEX_POINT('',#8618);
#3527=VERTEX_POINT('',#8620);
#3528=VERTEX_POINT('',#8628);
#3529=VERTEX_POINT('',#8629);
#3530=VERTEX_POINT('',#8631);
#3531=VERTEX_POINT('',#8633);
#3532=VERTEX_POINT('',#8635);
#3533=VERTEX_POINT('',#8637);
#3534=VERTEX_POINT('',#8639);
#3535=VERTEX_POINT('',#8641);
#3536=VERTEX_POINT('',#8645);
#3537=VERTEX_POINT('',#8647);
#3538=VERTEX_POINT('',#8651);
#3539=VERTEX_POINT('',#8653);
#3540=VERTEX_POINT('',#8657);
#3541=VERTEX_POINT('',#8658);
#3542=VERTEX_POINT('',#8663);
#3543=VERTEX_POINT('',#8665);
#3544=VERTEX_POINT('',#8669);
#3545=VERTEX_POINT('',#8670);
#3546=VERTEX_POINT('',#8672);
#3547=VERTEX_POINT('',#8674);
#3548=VERTEX_POINT('',#8676);
#3549=VERTEX_POINT('',#8678);
#3550=VERTEX_POINT('',#8680);
#3551=VERTEX_POINT('',#8682);
#3552=VERTEX_POINT('',#8685);
#3553=VERTEX_POINT('',#8686);
#3554=VERTEX_POINT('',#8688);
#3555=VERTEX_POINT('',#8690);
#3556=VERTEX_POINT('',#8692);
#3557=VERTEX_POINT('',#8694);
#3558=VERTEX_POINT('',#8696);
#3559=VERTEX_POINT('',#8698);
#3560=VERTEX_POINT('',#8701);
#3561=VERTEX_POINT('',#8702);
#3562=VERTEX_POINT('',#8704);
#3563=VERTEX_POINT('',#8706);
#3564=VERTEX_POINT('',#8708);
#3565=VERTEX_POINT('',#8710);
#3566=VERTEX_POINT('',#8712);
#3567=VERTEX_POINT('',#8714);
#3568=VERTEX_POINT('',#8717);
#3569=VERTEX_POINT('',#8718);
#3570=VERTEX_POINT('',#8720);
#3571=VERTEX_POINT('',#8722);
#3572=VERTEX_POINT('',#8724);
#3573=VERTEX_POINT('',#8726);
#3574=VERTEX_POINT('',#8728);
#3575=VERTEX_POINT('',#8730);
#3576=VERTEX_POINT('',#8733);
#3577=VERTEX_POINT('',#8734);
#3578=VERTEX_POINT('',#8736);
#3579=VERTEX_POINT('',#8738);
#3580=VERTEX_POINT('',#8740);
#3581=VERTEX_POINT('',#8742);
#3582=VERTEX_POINT('',#8744);
#3583=VERTEX_POINT('',#8746);
#3584=VERTEX_POINT('',#8749);
#3585=VERTEX_POINT('',#8750);
#3586=VERTEX_POINT('',#8752);
#3587=VERTEX_POINT('',#8754);
#3588=VERTEX_POINT('',#8756);
#3589=VERTEX_POINT('',#8758);
#3590=VERTEX_POINT('',#8760);
#3591=VERTEX_POINT('',#8762);
#3592=VERTEX_POINT('',#8765);
#3593=VERTEX_POINT('',#8766);
#3594=VERTEX_POINT('',#8768);
#3595=VERTEX_POINT('',#8770);
#3596=VERTEX_POINT('',#8772);
#3597=VERTEX_POINT('',#8774);
#3598=VERTEX_POINT('',#8776);
#3599=VERTEX_POINT('',#8778);
#3600=VERTEX_POINT('',#8781);
#3601=VERTEX_POINT('',#8782);
#3602=VERTEX_POINT('',#8784);
#3603=VERTEX_POINT('',#8786);
#3604=VERTEX_POINT('',#8788);
#3605=VERTEX_POINT('',#8790);
#3606=VERTEX_POINT('',#8792);
#3607=VERTEX_POINT('',#8794);
#3608=VERTEX_POINT('',#8797);
#3609=VERTEX_POINT('',#8798);
#3610=VERTEX_POINT('',#8800);
#3611=VERTEX_POINT('',#8802);
#3612=VERTEX_POINT('',#8804);
#3613=VERTEX_POINT('',#8806);
#3614=VERTEX_POINT('',#8808);
#3615=VERTEX_POINT('',#8810);
#3616=VERTEX_POINT('',#8813);
#3617=VERTEX_POINT('',#8814);
#3618=VERTEX_POINT('',#8816);
#3619=VERTEX_POINT('',#8818);
#3620=VERTEX_POINT('',#8820);
#3621=VERTEX_POINT('',#8822);
#3622=VERTEX_POINT('',#8824);
#3623=VERTEX_POINT('',#8826);
#3624=VERTEX_POINT('',#8829);
#3625=VERTEX_POINT('',#8830);
#3626=VERTEX_POINT('',#8832);
#3627=VERTEX_POINT('',#8834);
#3628=VERTEX_POINT('',#8836);
#3629=VERTEX_POINT('',#8838);
#3630=VERTEX_POINT('',#8840);
#3631=VERTEX_POINT('',#8842);
#3632=VERTEX_POINT('',#8845);
#3633=VERTEX_POINT('',#8846);
#3634=VERTEX_POINT('',#8848);
#3635=VERTEX_POINT('',#8850);
#3636=VERTEX_POINT('',#8852);
#3637=VERTEX_POINT('',#8854);
#3638=VERTEX_POINT('',#8856);
#3639=VERTEX_POINT('',#8858);
#3640=VERTEX_POINT('',#8861);
#3641=VERTEX_POINT('',#8862);
#3642=VERTEX_POINT('',#8864);
#3643=VERTEX_POINT('',#8866);
#3644=VERTEX_POINT('',#8868);
#3645=VERTEX_POINT('',#8870);
#3646=VERTEX_POINT('',#8872);
#3647=VERTEX_POINT('',#8874);
#3648=VERTEX_POINT('',#8877);
#3649=VERTEX_POINT('',#8878);
#3650=VERTEX_POINT('',#8880);
#3651=VERTEX_POINT('',#8882);
#3652=VERTEX_POINT('',#8884);
#3653=VERTEX_POINT('',#8886);
#3654=VERTEX_POINT('',#8888);
#3655=VERTEX_POINT('',#8890);
#3656=VERTEX_POINT('',#8893);
#3657=VERTEX_POINT('',#8894);
#3658=VERTEX_POINT('',#8896);
#3659=VERTEX_POINT('',#8898);
#3660=VERTEX_POINT('',#8900);
#3661=VERTEX_POINT('',#8902);
#3662=VERTEX_POINT('',#8904);
#3663=VERTEX_POINT('',#8906);
#3664=VERTEX_POINT('',#8909);
#3665=VERTEX_POINT('',#8910);
#3666=VERTEX_POINT('',#8912);
#3667=VERTEX_POINT('',#8914);
#3668=VERTEX_POINT('',#8916);
#3669=VERTEX_POINT('',#8918);
#3670=VERTEX_POINT('',#8920);
#3671=VERTEX_POINT('',#8922);
#3672=VERTEX_POINT('',#8925);
#3673=VERTEX_POINT('',#8926);
#3674=VERTEX_POINT('',#8928);
#3675=VERTEX_POINT('',#8930);
#3676=VERTEX_POINT('',#8932);
#3677=VERTEX_POINT('',#8934);
#3678=VERTEX_POINT('',#8936);
#3679=VERTEX_POINT('',#8938);
#3680=VERTEX_POINT('',#8941);
#3681=VERTEX_POINT('',#8942);
#3682=VERTEX_POINT('',#8944);
#3683=VERTEX_POINT('',#8946);
#3684=VERTEX_POINT('',#8948);
#3685=VERTEX_POINT('',#8950);
#3686=VERTEX_POINT('',#8952);
#3687=VERTEX_POINT('',#8954);
#3688=VERTEX_POINT('',#8957);
#3689=VERTEX_POINT('',#8958);
#3690=VERTEX_POINT('',#8960);
#3691=VERTEX_POINT('',#8962);
#3692=VERTEX_POINT('',#8964);
#3693=VERTEX_POINT('',#8966);
#3694=VERTEX_POINT('',#8968);
#3695=VERTEX_POINT('',#8970);
#3696=VERTEX_POINT('',#8973);
#3697=VERTEX_POINT('',#8974);
#3698=VERTEX_POINT('',#8976);
#3699=VERTEX_POINT('',#8978);
#3700=VERTEX_POINT('',#8980);
#3701=VERTEX_POINT('',#8982);
#3702=VERTEX_POINT('',#8984);
#3703=VERTEX_POINT('',#8986);
#3704=VERTEX_POINT('',#8989);
#3705=VERTEX_POINT('',#8990);
#3706=VERTEX_POINT('',#8992);
#3707=VERTEX_POINT('',#8994);
#3708=VERTEX_POINT('',#8996);
#3709=VERTEX_POINT('',#8998);
#3710=VERTEX_POINT('',#9000);
#3711=VERTEX_POINT('',#9002);
#3712=VERTEX_POINT('',#9005);
#3713=VERTEX_POINT('',#9006);
#3714=VERTEX_POINT('',#9008);
#3715=VERTEX_POINT('',#9010);
#3716=VERTEX_POINT('',#9012);
#3717=VERTEX_POINT('',#9014);
#3718=VERTEX_POINT('',#9016);
#3719=VERTEX_POINT('',#9018);
#3720=VERTEX_POINT('',#9021);
#3721=VERTEX_POINT('',#9022);
#3722=VERTEX_POINT('',#9024);
#3723=VERTEX_POINT('',#9026);
#3724=VERTEX_POINT('',#9028);
#3725=VERTEX_POINT('',#9030);
#3726=VERTEX_POINT('',#9032);
#3727=VERTEX_POINT('',#9034);
#3728=VERTEX_POINT('',#9037);
#3729=VERTEX_POINT('',#9038);
#3730=VERTEX_POINT('',#9040);
#3731=VERTEX_POINT('',#9042);
#3732=VERTEX_POINT('',#9044);
#3733=VERTEX_POINT('',#9046);
#3734=VERTEX_POINT('',#9048);
#3735=VERTEX_POINT('',#9050);
#3736=VERTEX_POINT('',#9053);
#3737=VERTEX_POINT('',#9054);
#3738=VERTEX_POINT('',#9056);
#3739=VERTEX_POINT('',#9058);
#3740=VERTEX_POINT('',#9060);
#3741=VERTEX_POINT('',#9062);
#3742=VERTEX_POINT('',#9064);
#3743=VERTEX_POINT('',#9066);
#3744=VERTEX_POINT('',#9069);
#3745=VERTEX_POINT('',#9070);
#3746=VERTEX_POINT('',#9072);
#3747=VERTEX_POINT('',#9074);
#3748=VERTEX_POINT('',#9076);
#3749=VERTEX_POINT('',#9078);
#3750=VERTEX_POINT('',#9080);
#3751=VERTEX_POINT('',#9082);
#3752=VERTEX_POINT('',#9085);
#3753=VERTEX_POINT('',#9086);
#3754=VERTEX_POINT('',#9088);
#3755=VERTEX_POINT('',#9090);
#3756=VERTEX_POINT('',#9092);
#3757=VERTEX_POINT('',#9094);
#3758=VERTEX_POINT('',#9096);
#3759=VERTEX_POINT('',#9098);
#3760=VERTEX_POINT('',#9101);
#3761=VERTEX_POINT('',#9102);
#3762=VERTEX_POINT('',#9104);
#3763=VERTEX_POINT('',#9106);
#3764=VERTEX_POINT('',#9108);
#3765=VERTEX_POINT('',#9110);
#3766=VERTEX_POINT('',#9112);
#3767=VERTEX_POINT('',#9114);
#3768=VERTEX_POINT('',#9117);
#3769=VERTEX_POINT('',#9118);
#3770=VERTEX_POINT('',#9120);
#3771=VERTEX_POINT('',#9122);
#3772=VERTEX_POINT('',#9124);
#3773=VERTEX_POINT('',#9126);
#3774=VERTEX_POINT('',#9128);
#3775=VERTEX_POINT('',#9130);
#3776=VERTEX_POINT('',#9133);
#3777=VERTEX_POINT('',#9134);
#3778=VERTEX_POINT('',#9136);
#3779=VERTEX_POINT('',#9138);
#3780=VERTEX_POINT('',#9140);
#3781=VERTEX_POINT('',#9142);
#3782=VERTEX_POINT('',#9144);
#3783=VERTEX_POINT('',#9146);
#3784=VERTEX_POINT('',#9149);
#3785=VERTEX_POINT('',#9150);
#3786=VERTEX_POINT('',#9152);
#3787=VERTEX_POINT('',#9154);
#3788=VERTEX_POINT('',#9156);
#3789=VERTEX_POINT('',#9158);
#3790=VERTEX_POINT('',#9160);
#3791=VERTEX_POINT('',#9162);
#3792=VERTEX_POINT('',#9165);
#3793=VERTEX_POINT('',#9166);
#3794=VERTEX_POINT('',#9168);
#3795=VERTEX_POINT('',#9170);
#3796=VERTEX_POINT('',#9172);
#3797=VERTEX_POINT('',#9174);
#3798=VERTEX_POINT('',#9176);
#3799=VERTEX_POINT('',#9178);
#3800=VERTEX_POINT('',#9181);
#3801=VERTEX_POINT('',#9182);
#3802=VERTEX_POINT('',#9184);
#3803=VERTEX_POINT('',#9186);
#3804=VERTEX_POINT('',#9188);
#3805=VERTEX_POINT('',#9190);
#3806=VERTEX_POINT('',#9192);
#3807=VERTEX_POINT('',#9194);
#3808=VERTEX_POINT('',#9197);
#3809=VERTEX_POINT('',#9198);
#3810=VERTEX_POINT('',#9200);
#3811=VERTEX_POINT('',#9202);
#3812=VERTEX_POINT('',#9204);
#3813=VERTEX_POINT('',#9206);
#3814=VERTEX_POINT('',#9208);
#3815=VERTEX_POINT('',#9210);
#3816=VERTEX_POINT('',#9213);
#3817=VERTEX_POINT('',#9214);
#3818=VERTEX_POINT('',#9216);
#3819=VERTEX_POINT('',#9218);
#3820=VERTEX_POINT('',#9220);
#3821=VERTEX_POINT('',#9222);
#3822=VERTEX_POINT('',#9224);
#3823=VERTEX_POINT('',#9226);
#3824=VERTEX_POINT('',#9238);
#3825=VERTEX_POINT('',#9240);
#3826=VERTEX_POINT('',#9244);
#3827=VERTEX_POINT('',#9245);
#3828=VERTEX_POINT('',#9250);
#3829=VERTEX_POINT('',#9251);
#3830=VERTEX_POINT('',#9256);
#3831=VERTEX_POINT('',#9257);
#3832=VERTEX_POINT('',#9271);
#3833=VERTEX_POINT('',#9273);
#3834=VERTEX_POINT('',#9277);
#3835=VERTEX_POINT('',#9278);
#3836=VERTEX_POINT('',#9283);
#3837=VERTEX_POINT('',#9284);
#3838=VERTEX_POINT('',#9289);
#3839=VERTEX_POINT('',#9290);
#3840=VERTEX_POINT('',#9300);
#3841=VERTEX_POINT('',#9302);
#3842=VERTEX_POINT('',#9306);
#3843=VERTEX_POINT('',#9307);
#3844=VERTEX_POINT('',#9312);
#3845=VERTEX_POINT('',#9313);
#3846=VERTEX_POINT('',#9318);
#3847=VERTEX_POINT('',#9319);
#3848=VERTEX_POINT('',#9329);
#3849=VERTEX_POINT('',#9331);
#3850=VERTEX_POINT('',#9335);
#3851=VERTEX_POINT('',#9336);
#3852=VERTEX_POINT('',#9341);
#3853=VERTEX_POINT('',#9342);
#3854=VERTEX_POINT('',#9347);
#3855=VERTEX_POINT('',#9348);
#3856=VERTEX_POINT('',#9358);
#3857=VERTEX_POINT('',#9360);
#3858=VERTEX_POINT('',#9364);
#3859=VERTEX_POINT('',#9365);
#3860=VERTEX_POINT('',#9370);
#3861=VERTEX_POINT('',#9371);
#3862=VERTEX_POINT('',#9376);
#3863=VERTEX_POINT('',#9377);
#3864=VERTEX_POINT('',#9387);
#3865=VERTEX_POINT('',#9389);
#3866=VERTEX_POINT('',#9393);
#3867=VERTEX_POINT('',#9394);
#3868=VERTEX_POINT('',#9399);
#3869=VERTEX_POINT('',#9400);
#3870=VERTEX_POINT('',#9405);
#3871=VERTEX_POINT('',#9406);
#3872=VERTEX_POINT('',#9416);
#3873=VERTEX_POINT('',#9418);
#3874=VERTEX_POINT('',#9422);
#3875=VERTEX_POINT('',#9423);
#3876=VERTEX_POINT('',#9428);
#3877=VERTEX_POINT('',#9429);
#3878=VERTEX_POINT('',#9434);
#3879=VERTEX_POINT('',#9435);
#3880=VERTEX_POINT('',#9445);
#3881=VERTEX_POINT('',#9447);
#3882=VERTEX_POINT('',#9451);
#3883=VERTEX_POINT('',#9452);
#3884=VERTEX_POINT('',#9457);
#3885=VERTEX_POINT('',#9458);
#3886=VERTEX_POINT('',#9463);
#3887=VERTEX_POINT('',#9464);
#3888=VERTEX_POINT('',#9474);
#3889=VERTEX_POINT('',#9476);
#3890=VERTEX_POINT('',#9480);
#3891=VERTEX_POINT('',#9481);
#3892=VERTEX_POINT('',#9486);
#3893=VERTEX_POINT('',#9487);
#3894=VERTEX_POINT('',#9492);
#3895=VERTEX_POINT('',#9493);
#3896=VERTEX_POINT('',#9503);
#3897=VERTEX_POINT('',#9505);
#3898=VERTEX_POINT('',#9509);
#3899=VERTEX_POINT('',#9510);
#3900=VERTEX_POINT('',#9515);
#3901=VERTEX_POINT('',#9516);
#3902=VERTEX_POINT('',#9521);
#3903=VERTEX_POINT('',#9522);
#3904=VERTEX_POINT('',#9532);
#3905=VERTEX_POINT('',#9534);
#3906=VERTEX_POINT('',#9538);
#3907=VERTEX_POINT('',#9539);
#3908=VERTEX_POINT('',#9544);
#3909=VERTEX_POINT('',#9545);
#3910=VERTEX_POINT('',#9550);
#3911=VERTEX_POINT('',#9551);
#3912=VERTEX_POINT('',#9561);
#3913=VERTEX_POINT('',#9563);
#3914=VERTEX_POINT('',#9567);
#3915=VERTEX_POINT('',#9568);
#3916=VERTEX_POINT('',#9573);
#3917=VERTEX_POINT('',#9574);
#3918=VERTEX_POINT('',#9579);
#3919=VERTEX_POINT('',#9580);
#3920=VERTEX_POINT('',#9590);
#3921=VERTEX_POINT('',#9592);
#3922=VERTEX_POINT('',#9596);
#3923=VERTEX_POINT('',#9597);
#3924=VERTEX_POINT('',#9602);
#3925=VERTEX_POINT('',#9603);
#3926=VERTEX_POINT('',#9608);
#3927=VERTEX_POINT('',#9609);
#3928=VERTEX_POINT('',#9619);
#3929=VERTEX_POINT('',#9621);
#3930=VERTEX_POINT('',#9625);
#3931=VERTEX_POINT('',#9626);
#3932=VERTEX_POINT('',#9631);
#3933=VERTEX_POINT('',#9632);
#3934=VERTEX_POINT('',#9637);
#3935=VERTEX_POINT('',#9638);
#3936=VERTEX_POINT('',#9648);
#3937=VERTEX_POINT('',#9650);
#3938=VERTEX_POINT('',#9654);
#3939=VERTEX_POINT('',#9655);
#3940=VERTEX_POINT('',#9660);
#3941=VERTEX_POINT('',#9661);
#3942=VERTEX_POINT('',#9666);
#3943=VERTEX_POINT('',#9667);
#3944=VERTEX_POINT('',#9677);
#3945=VERTEX_POINT('',#9679);
#3946=VERTEX_POINT('',#9683);
#3947=VERTEX_POINT('',#9684);
#3948=VERTEX_POINT('',#9689);
#3949=VERTEX_POINT('',#9690);
#3950=VERTEX_POINT('',#9695);
#3951=VERTEX_POINT('',#9696);
#3952=VERTEX_POINT('',#9706);
#3953=VERTEX_POINT('',#9708);
#3954=VERTEX_POINT('',#9712);
#3955=VERTEX_POINT('',#9713);
#3956=VERTEX_POINT('',#9718);
#3957=VERTEX_POINT('',#9719);
#3958=VERTEX_POINT('',#9724);
#3959=VERTEX_POINT('',#9725);
#3960=VERTEX_POINT('',#9735);
#3961=VERTEX_POINT('',#9737);
#3962=VERTEX_POINT('',#9741);
#3963=VERTEX_POINT('',#9742);
#3964=VERTEX_POINT('',#9747);
#3965=VERTEX_POINT('',#9748);
#3966=VERTEX_POINT('',#9753);
#3967=VERTEX_POINT('',#9754);
#3968=VERTEX_POINT('',#9764);
#3969=VERTEX_POINT('',#9766);
#3970=VERTEX_POINT('',#9770);
#3971=VERTEX_POINT('',#9771);
#3972=VERTEX_POINT('',#9776);
#3973=VERTEX_POINT('',#9777);
#3974=VERTEX_POINT('',#9782);
#3975=VERTEX_POINT('',#9783);
#3976=VERTEX_POINT('',#9793);
#3977=VERTEX_POINT('',#9795);
#3978=VERTEX_POINT('',#9799);
#3979=VERTEX_POINT('',#9800);
#3980=VERTEX_POINT('',#9805);
#3981=VERTEX_POINT('',#9806);
#3982=VERTEX_POINT('',#9811);
#3983=VERTEX_POINT('',#9812);
#3984=VERTEX_POINT('',#9822);
#3985=VERTEX_POINT('',#9824);
#3986=VERTEX_POINT('',#9828);
#3987=VERTEX_POINT('',#9829);
#3988=VERTEX_POINT('',#9834);
#3989=VERTEX_POINT('',#9835);
#3990=VERTEX_POINT('',#9840);
#3991=VERTEX_POINT('',#9841);
#3992=VERTEX_POINT('',#9851);
#3993=VERTEX_POINT('',#9853);
#3994=VERTEX_POINT('',#9857);
#3995=VERTEX_POINT('',#9858);
#3996=VERTEX_POINT('',#9863);
#3997=VERTEX_POINT('',#9864);
#3998=VERTEX_POINT('',#9869);
#3999=VERTEX_POINT('',#9870);
#4000=VERTEX_POINT('',#9880);
#4001=VERTEX_POINT('',#9882);
#4002=VERTEX_POINT('',#9886);
#4003=VERTEX_POINT('',#9887);
#4004=VERTEX_POINT('',#9892);
#4005=VERTEX_POINT('',#9893);
#4006=VERTEX_POINT('',#9898);
#4007=VERTEX_POINT('',#9899);
#4008=VERTEX_POINT('',#9909);
#4009=VERTEX_POINT('',#9911);
#4010=VERTEX_POINT('',#9915);
#4011=VERTEX_POINT('',#9916);
#4012=VERTEX_POINT('',#9921);
#4013=VERTEX_POINT('',#9922);
#4014=VERTEX_POINT('',#9927);
#4015=VERTEX_POINT('',#9928);
#4016=VERTEX_POINT('',#9938);
#4017=VERTEX_POINT('',#9940);
#4018=VERTEX_POINT('',#9944);
#4019=VERTEX_POINT('',#9945);
#4020=VERTEX_POINT('',#9950);
#4021=VERTEX_POINT('',#9951);
#4022=VERTEX_POINT('',#9956);
#4023=VERTEX_POINT('',#9957);
#4024=VERTEX_POINT('',#9967);
#4025=VERTEX_POINT('',#9969);
#4026=VERTEX_POINT('',#9973);
#4027=VERTEX_POINT('',#9974);
#4028=VERTEX_POINT('',#9979);
#4029=VERTEX_POINT('',#9980);
#4030=VERTEX_POINT('',#9985);
#4031=VERTEX_POINT('',#9986);
#4032=VERTEX_POINT('',#9996);
#4033=VERTEX_POINT('',#9998);
#4034=VERTEX_POINT('',#10002);
#4035=VERTEX_POINT('',#10003);
#4036=VERTEX_POINT('',#10008);
#4037=VERTEX_POINT('',#10009);
#4038=VERTEX_POINT('',#10014);
#4039=VERTEX_POINT('',#10015);
#4040=VERTEX_POINT('',#10025);
#4041=VERTEX_POINT('',#10027);
#4042=VERTEX_POINT('',#10031);
#4043=VERTEX_POINT('',#10032);
#4044=VERTEX_POINT('',#10037);
#4045=VERTEX_POINT('',#10038);
#4046=VERTEX_POINT('',#10043);
#4047=VERTEX_POINT('',#10044);
#4048=VERTEX_POINT('',#10054);
#4049=VERTEX_POINT('',#10056);
#4050=VERTEX_POINT('',#10060);
#4051=VERTEX_POINT('',#10061);
#4052=VERTEX_POINT('',#10066);
#4053=VERTEX_POINT('',#10067);
#4054=VERTEX_POINT('',#10072);
#4055=VERTEX_POINT('',#10073);
#4056=VERTEX_POINT('',#10083);
#4057=VERTEX_POINT('',#10085);
#4058=VERTEX_POINT('',#10089);
#4059=VERTEX_POINT('',#10090);
#4060=VERTEX_POINT('',#10095);
#4061=VERTEX_POINT('',#10096);
#4062=VERTEX_POINT('',#10101);
#4063=VERTEX_POINT('',#10102);
#4064=VERTEX_POINT('',#10112);
#4065=VERTEX_POINT('',#10114);
#4066=VERTEX_POINT('',#10118);
#4067=VERTEX_POINT('',#10119);
#4068=VERTEX_POINT('',#10124);
#4069=VERTEX_POINT('',#10125);
#4070=VERTEX_POINT('',#10130);
#4071=VERTEX_POINT('',#10131);
#4072=VERTEX_POINT('',#10141);
#4073=VERTEX_POINT('',#10143);
#4074=VERTEX_POINT('',#10147);
#4075=VERTEX_POINT('',#10148);
#4076=VERTEX_POINT('',#10153);
#4077=VERTEX_POINT('',#10154);
#4078=VERTEX_POINT('',#10159);
#4079=VERTEX_POINT('',#10160);
#4080=VERTEX_POINT('',#10170);
#4081=VERTEX_POINT('',#10172);
#4082=VERTEX_POINT('',#10176);
#4083=VERTEX_POINT('',#10177);
#4084=VERTEX_POINT('',#10182);
#4085=VERTEX_POINT('',#10183);
#4086=VERTEX_POINT('',#10188);
#4087=VERTEX_POINT('',#10189);
#4088=VERTEX_POINT('',#10199);
#4089=VERTEX_POINT('',#10201);
#4090=VERTEX_POINT('',#10205);
#4091=VERTEX_POINT('',#10206);
#4092=VERTEX_POINT('',#10211);
#4093=VERTEX_POINT('',#10212);
#4094=VERTEX_POINT('',#10217);
#4095=VERTEX_POINT('',#10218);
#4096=VERTEX_POINT('',#10228);
#4097=VERTEX_POINT('',#10230);
#4098=VERTEX_POINT('',#10234);
#4099=VERTEX_POINT('',#10235);
#4100=VERTEX_POINT('',#10240);
#4101=VERTEX_POINT('',#10241);
#4102=VERTEX_POINT('',#10246);
#4103=VERTEX_POINT('',#10247);
#4104=EDGE_CURVE('',#3520,#3521,#4980,.T.);
#4105=EDGE_CURVE('',#3522,#3520,#4981,.T.);
#4106=EDGE_CURVE('',#3522,#3523,#4982,.T.);
#4107=EDGE_CURVE('',#3523,#3521,#4983,.T.);
#4108=EDGE_CURVE('',#3521,#3524,#4984,.T.);
#4109=EDGE_CURVE('',#3523,#3525,#4985,.T.);
#4110=EDGE_CURVE('',#3525,#3524,#4986,.T.);
#4111=EDGE_CURVE('',#3524,#3526,#4987,.T.);
#4112=EDGE_CURVE('',#3525,#3527,#4988,.T.);
#4113=EDGE_CURVE('',#3527,#3526,#4989,.T.);
#4114=EDGE_CURVE('',#3526,#3520,#4990,.T.);
#4115=EDGE_CURVE('',#3527,#3522,#4991,.T.);
#4116=EDGE_CURVE('',#3528,#3529,#4992,.T.);
#4117=EDGE_CURVE('',#3528,#3530,#270,.T.);
#4118=EDGE_CURVE('',#3531,#3530,#4993,.T.);
#4119=EDGE_CURVE('',#3531,#3532,#271,.T.);
#4120=EDGE_CURVE('',#3533,#3532,#4994,.T.);
#4121=EDGE_CURVE('',#3533,#3534,#272,.T.);
#4122=EDGE_CURVE('',#3535,#3534,#4995,.T.);
#4123=EDGE_CURVE('',#3535,#3529,#273,.T.);
#4124=EDGE_CURVE('',#3529,#3536,#4996,.T.);
#4125=EDGE_CURVE('',#3536,#3537,#4997,.T.);
#4126=EDGE_CURVE('',#3537,#3528,#4998,.T.);
#4127=EDGE_CURVE('',#3534,#3538,#4999,.T.);
#4128=EDGE_CURVE('',#3538,#3539,#5000,.T.);
#4129=EDGE_CURVE('',#3539,#3535,#5001,.T.);
#4130=EDGE_CURVE('',#3540,#3541,#5002,.T.);
#4131=EDGE_CURVE('',#3541,#3533,#5003,.T.);
#4132=EDGE_CURVE('',#3532,#3540,#5004,.T.);
#4133=EDGE_CURVE('',#3530,#3542,#5005,.T.);
#4134=EDGE_CURVE('',#3542,#3543,#5006,.T.);
#4135=EDGE_CURVE('',#3543,#3531,#5007,.T.);
#4136=EDGE_CURVE('',#3544,#3545,#5008,.T.);
#4137=EDGE_CURVE('',#3544,#3546,#274,.T.);
#4138=EDGE_CURVE('',#3547,#3546,#5009,.T.);
#4139=EDGE_CURVE('',#3547,#3548,#275,.T.);
#4140=EDGE_CURVE('',#3549,#3548,#5010,.T.);
#4141=EDGE_CURVE('',#3549,#3550,#276,.T.);
#4142=EDGE_CURVE('',#3551,#3550,#5011,.T.);
#4143=EDGE_CURVE('',#3551,#3545,#277,.T.);
#4144=EDGE_CURVE('',#3552,#3553,#5012,.T.);
#4145=EDGE_CURVE('',#3552,#3554,#278,.T.);
#4146=EDGE_CURVE('',#3555,#3554,#5013,.T.);
#4147=EDGE_CURVE('',#3555,#3556,#279,.T.);
#4148=EDGE_CURVE('',#3557,#3556,#5014,.T.);
#4149=EDGE_CURVE('',#3557,#3558,#280,.T.);
#4150=EDGE_CURVE('',#3559,#3558,#5015,.T.);
#4151=EDGE_CURVE('',#3559,#3553,#281,.T.);
#4152=EDGE_CURVE('',#3560,#3561,#5016,.T.);
#4153=EDGE_CURVE('',#3560,#3562,#282,.T.);
#4154=EDGE_CURVE('',#3563,#3562,#5017,.T.);
#4155=EDGE_CURVE('',#3563,#3564,#283,.T.);
#4156=EDGE_CURVE('',#3565,#3564,#5018,.T.);
#4157=EDGE_CURVE('',#3565,#3566,#284,.T.);
#4158=EDGE_CURVE('',#3567,#3566,#5019,.T.);
#4159=EDGE_CURVE('',#3567,#3561,#285,.T.);
#4160=EDGE_CURVE('',#3568,#3569,#5020,.T.);
#4161=EDGE_CURVE('',#3568,#3570,#286,.T.);
#4162=EDGE_CURVE('',#3571,#3570,#5021,.T.);
#4163=EDGE_CURVE('',#3571,#3572,#287,.T.);
#4164=EDGE_CURVE('',#3573,#3572,#5022,.T.);
#4165=EDGE_CURVE('',#3573,#3574,#288,.T.);
#4166=EDGE_CURVE('',#3575,#3574,#5023,.T.);
#4167=EDGE_CURVE('',#3575,#3569,#289,.T.);
#4168=EDGE_CURVE('',#3576,#3577,#5024,.T.);
#4169=EDGE_CURVE('',#3576,#3578,#290,.T.);
#4170=EDGE_CURVE('',#3579,#3578,#5025,.T.);
#4171=EDGE_CURVE('',#3579,#3580,#291,.T.);
#4172=EDGE_CURVE('',#3581,#3580,#5026,.T.);
#4173=EDGE_CURVE('',#3581,#3582,#292,.T.);
#4174=EDGE_CURVE('',#3583,#3582,#5027,.T.);
#4175=EDGE_CURVE('',#3583,#3577,#293,.T.);
#4176=EDGE_CURVE('',#3584,#3585,#5028,.T.);
#4177=EDGE_CURVE('',#3584,#3586,#294,.T.);
#4178=EDGE_CURVE('',#3587,#3586,#5029,.T.);
#4179=EDGE_CURVE('',#3587,#3588,#295,.T.);
#4180=EDGE_CURVE('',#3589,#3588,#5030,.T.);
#4181=EDGE_CURVE('',#3589,#3590,#296,.T.);
#4182=EDGE_CURVE('',#3591,#3590,#5031,.T.);
#4183=EDGE_CURVE('',#3591,#3585,#297,.T.);
#4184=EDGE_CURVE('',#3592,#3593,#5032,.T.);
#4185=EDGE_CURVE('',#3592,#3594,#298,.T.);
#4186=EDGE_CURVE('',#3595,#3594,#5033,.T.);
#4187=EDGE_CURVE('',#3595,#3596,#299,.T.);
#4188=EDGE_CURVE('',#3597,#3596,#5034,.T.);
#4189=EDGE_CURVE('',#3597,#3598,#300,.T.);
#4190=EDGE_CURVE('',#3599,#3598,#5035,.T.);
#4191=EDGE_CURVE('',#3599,#3593,#301,.T.);
#4192=EDGE_CURVE('',#3600,#3601,#5036,.T.);
#4193=EDGE_CURVE('',#3600,#3602,#302,.T.);
#4194=EDGE_CURVE('',#3603,#3602,#5037,.T.);
#4195=EDGE_CURVE('',#3603,#3604,#303,.T.);
#4196=EDGE_CURVE('',#3605,#3604,#5038,.T.);
#4197=EDGE_CURVE('',#3605,#3606,#304,.T.);
#4198=EDGE_CURVE('',#3607,#3606,#5039,.T.);
#4199=EDGE_CURVE('',#3607,#3601,#305,.T.);
#4200=EDGE_CURVE('',#3608,#3609,#5040,.T.);
#4201=EDGE_CURVE('',#3608,#3610,#306,.T.);
#4202=EDGE_CURVE('',#3611,#3610,#5041,.T.);
#4203=EDGE_CURVE('',#3611,#3612,#307,.T.);
#4204=EDGE_CURVE('',#3613,#3612,#5042,.T.);
#4205=EDGE_CURVE('',#3613,#3614,#308,.T.);
#4206=EDGE_CURVE('',#3615,#3614,#5043,.T.);
#4207=EDGE_CURVE('',#3615,#3609,#309,.T.);
#4208=EDGE_CURVE('',#3616,#3617,#5044,.T.);
#4209=EDGE_CURVE('',#3616,#3618,#310,.T.);
#4210=EDGE_CURVE('',#3619,#3618,#5045,.T.);
#4211=EDGE_CURVE('',#3619,#3620,#311,.T.);
#4212=EDGE_CURVE('',#3621,#3620,#5046,.T.);
#4213=EDGE_CURVE('',#3621,#3622,#312,.T.);
#4214=EDGE_CURVE('',#3623,#3622,#5047,.T.);
#4215=EDGE_CURVE('',#3623,#3617,#313,.T.);
#4216=EDGE_CURVE('',#3624,#3625,#5048,.T.);
#4217=EDGE_CURVE('',#3624,#3626,#314,.T.);
#4218=EDGE_CURVE('',#3627,#3626,#5049,.T.);
#4219=EDGE_CURVE('',#3627,#3628,#315,.T.);
#4220=EDGE_CURVE('',#3629,#3628,#5050,.T.);
#4221=EDGE_CURVE('',#3629,#3630,#316,.T.);
#4222=EDGE_CURVE('',#3631,#3630,#5051,.T.);
#4223=EDGE_CURVE('',#3631,#3625,#317,.T.);
#4224=EDGE_CURVE('',#3632,#3633,#5052,.T.);
#4225=EDGE_CURVE('',#3632,#3634,#318,.T.);
#4226=EDGE_CURVE('',#3635,#3634,#5053,.T.);
#4227=EDGE_CURVE('',#3635,#3636,#319,.T.);
#4228=EDGE_CURVE('',#3637,#3636,#5054,.T.);
#4229=EDGE_CURVE('',#3637,#3638,#320,.T.);
#4230=EDGE_CURVE('',#3639,#3638,#5055,.T.);
#4231=EDGE_CURVE('',#3639,#3633,#321,.T.);
#4232=EDGE_CURVE('',#3640,#3641,#5056,.T.);
#4233=EDGE_CURVE('',#3640,#3642,#322,.T.);
#4234=EDGE_CURVE('',#3643,#3642,#5057,.T.);
#4235=EDGE_CURVE('',#3643,#3644,#323,.T.);
#4236=EDGE_CURVE('',#3645,#3644,#5058,.T.);
#4237=EDGE_CURVE('',#3645,#3646,#324,.T.);
#4238=EDGE_CURVE('',#3647,#3646,#5059,.T.);
#4239=EDGE_CURVE('',#3647,#3641,#325,.T.);
#4240=EDGE_CURVE('',#3648,#3649,#5060,.T.);
#4241=EDGE_CURVE('',#3648,#3650,#326,.T.);
#4242=EDGE_CURVE('',#3651,#3650,#5061,.T.);
#4243=EDGE_CURVE('',#3651,#3652,#327,.T.);
#4244=EDGE_CURVE('',#3653,#3652,#5062,.T.);
#4245=EDGE_CURVE('',#3653,#3654,#328,.T.);
#4246=EDGE_CURVE('',#3655,#3654,#5063,.T.);
#4247=EDGE_CURVE('',#3655,#3649,#329,.T.);
#4248=EDGE_CURVE('',#3656,#3657,#5064,.T.);
#4249=EDGE_CURVE('',#3656,#3658,#330,.T.);
#4250=EDGE_CURVE('',#3659,#3658,#5065,.T.);
#4251=EDGE_CURVE('',#3659,#3660,#331,.T.);
#4252=EDGE_CURVE('',#3661,#3660,#5066,.T.);
#4253=EDGE_CURVE('',#3661,#3662,#332,.T.);
#4254=EDGE_CURVE('',#3663,#3662,#5067,.T.);
#4255=EDGE_CURVE('',#3663,#3657,#333,.T.);
#4256=EDGE_CURVE('',#3664,#3665,#5068,.T.);
#4257=EDGE_CURVE('',#3664,#3666,#334,.T.);
#4258=EDGE_CURVE('',#3667,#3666,#5069,.T.);
#4259=EDGE_CURVE('',#3667,#3668,#335,.T.);
#4260=EDGE_CURVE('',#3669,#3668,#5070,.T.);
#4261=EDGE_CURVE('',#3669,#3670,#336,.T.);
#4262=EDGE_CURVE('',#3671,#3670,#5071,.T.);
#4263=EDGE_CURVE('',#3671,#3665,#337,.T.);
#4264=EDGE_CURVE('',#3672,#3673,#5072,.T.);
#4265=EDGE_CURVE('',#3672,#3674,#338,.T.);
#4266=EDGE_CURVE('',#3675,#3674,#5073,.T.);
#4267=EDGE_CURVE('',#3675,#3676,#339,.T.);
#4268=EDGE_CURVE('',#3677,#3676,#5074,.T.);
#4269=EDGE_CURVE('',#3677,#3678,#340,.T.);
#4270=EDGE_CURVE('',#3679,#3678,#5075,.T.);
#4271=EDGE_CURVE('',#3679,#3673,#341,.T.);
#4272=EDGE_CURVE('',#3680,#3681,#5076,.T.);
#4273=EDGE_CURVE('',#3680,#3682,#342,.T.);
#4274=EDGE_CURVE('',#3683,#3682,#5077,.T.);
#4275=EDGE_CURVE('',#3683,#3684,#343,.T.);
#4276=EDGE_CURVE('',#3685,#3684,#5078,.T.);
#4277=EDGE_CURVE('',#3685,#3686,#344,.T.);
#4278=EDGE_CURVE('',#3687,#3686,#5079,.T.);
#4279=EDGE_CURVE('',#3687,#3681,#345,.T.);
#4280=EDGE_CURVE('',#3688,#3689,#5080,.T.);
#4281=EDGE_CURVE('',#3688,#3690,#346,.T.);
#4282=EDGE_CURVE('',#3691,#3690,#5081,.T.);
#4283=EDGE_CURVE('',#3691,#3692,#347,.T.);
#4284=EDGE_CURVE('',#3693,#3692,#5082,.T.);
#4285=EDGE_CURVE('',#3693,#3694,#348,.T.);
#4286=EDGE_CURVE('',#3695,#3694,#5083,.T.);
#4287=EDGE_CURVE('',#3695,#3689,#349,.T.);
#4288=EDGE_CURVE('',#3696,#3697,#5084,.T.);
#4289=EDGE_CURVE('',#3696,#3698,#350,.T.);
#4290=EDGE_CURVE('',#3699,#3698,#5085,.T.);
#4291=EDGE_CURVE('',#3699,#3700,#351,.T.);
#4292=EDGE_CURVE('',#3701,#3700,#5086,.T.);
#4293=EDGE_CURVE('',#3701,#3702,#352,.T.);
#4294=EDGE_CURVE('',#3703,#3702,#5087,.T.);
#4295=EDGE_CURVE('',#3703,#3697,#353,.T.);
#4296=EDGE_CURVE('',#3704,#3705,#5088,.T.);
#4297=EDGE_CURVE('',#3704,#3706,#354,.T.);
#4298=EDGE_CURVE('',#3707,#3706,#5089,.T.);
#4299=EDGE_CURVE('',#3707,#3708,#355,.T.);
#4300=EDGE_CURVE('',#3709,#3708,#5090,.T.);
#4301=EDGE_CURVE('',#3709,#3710,#356,.T.);
#4302=EDGE_CURVE('',#3711,#3710,#5091,.T.);
#4303=EDGE_CURVE('',#3711,#3705,#357,.T.);
#4304=EDGE_CURVE('',#3712,#3713,#5092,.T.);
#4305=EDGE_CURVE('',#3712,#3714,#358,.T.);
#4306=EDGE_CURVE('',#3715,#3714,#5093,.T.);
#4307=EDGE_CURVE('',#3715,#3716,#359,.T.);
#4308=EDGE_CURVE('',#3717,#3716,#5094,.T.);
#4309=EDGE_CURVE('',#3717,#3718,#360,.T.);
#4310=EDGE_CURVE('',#3719,#3718,#5095,.T.);
#4311=EDGE_CURVE('',#3719,#3713,#361,.T.);
#4312=EDGE_CURVE('',#3720,#3721,#5096,.T.);
#4313=EDGE_CURVE('',#3720,#3722,#362,.T.);
#4314=EDGE_CURVE('',#3723,#3722,#5097,.T.);
#4315=EDGE_CURVE('',#3723,#3724,#363,.T.);
#4316=EDGE_CURVE('',#3725,#3724,#5098,.T.);
#4317=EDGE_CURVE('',#3725,#3726,#364,.T.);
#4318=EDGE_CURVE('',#3727,#3726,#5099,.T.);
#4319=EDGE_CURVE('',#3727,#3721,#365,.T.);
#4320=EDGE_CURVE('',#3728,#3729,#5100,.T.);
#4321=EDGE_CURVE('',#3728,#3730,#366,.T.);
#4322=EDGE_CURVE('',#3731,#3730,#5101,.T.);
#4323=EDGE_CURVE('',#3731,#3732,#367,.T.);
#4324=EDGE_CURVE('',#3733,#3732,#5102,.T.);
#4325=EDGE_CURVE('',#3733,#3734,#368,.T.);
#4326=EDGE_CURVE('',#3735,#3734,#5103,.T.);
#4327=EDGE_CURVE('',#3735,#3729,#369,.T.);
#4328=EDGE_CURVE('',#3736,#3737,#5104,.T.);
#4329=EDGE_CURVE('',#3736,#3738,#370,.T.);
#4330=EDGE_CURVE('',#3739,#3738,#5105,.T.);
#4331=EDGE_CURVE('',#3739,#3740,#371,.T.);
#4332=EDGE_CURVE('',#3741,#3740,#5106,.T.);
#4333=EDGE_CURVE('',#3741,#3742,#372,.T.);
#4334=EDGE_CURVE('',#3743,#3742,#5107,.T.);
#4335=EDGE_CURVE('',#3743,#3737,#373,.T.);
#4336=EDGE_CURVE('',#3744,#3745,#5108,.T.);
#4337=EDGE_CURVE('',#3744,#3746,#374,.T.);
#4338=EDGE_CURVE('',#3747,#3746,#5109,.T.);
#4339=EDGE_CURVE('',#3747,#3748,#375,.T.);
#4340=EDGE_CURVE('',#3749,#3748,#5110,.T.);
#4341=EDGE_CURVE('',#3749,#3750,#376,.T.);
#4342=EDGE_CURVE('',#3751,#3750,#5111,.T.);
#4343=EDGE_CURVE('',#3751,#3745,#377,.T.);
#4344=EDGE_CURVE('',#3752,#3753,#5112,.T.);
#4345=EDGE_CURVE('',#3752,#3754,#378,.T.);
#4346=EDGE_CURVE('',#3755,#3754,#5113,.T.);
#4347=EDGE_CURVE('',#3755,#3756,#379,.T.);
#4348=EDGE_CURVE('',#3757,#3756,#5114,.T.);
#4349=EDGE_CURVE('',#3757,#3758,#380,.T.);
#4350=EDGE_CURVE('',#3759,#3758,#5115,.T.);
#4351=EDGE_CURVE('',#3759,#3753,#381,.T.);
#4352=EDGE_CURVE('',#3760,#3761,#5116,.T.);
#4353=EDGE_CURVE('',#3760,#3762,#382,.T.);
#4354=EDGE_CURVE('',#3763,#3762,#5117,.T.);
#4355=EDGE_CURVE('',#3763,#3764,#383,.T.);
#4356=EDGE_CURVE('',#3765,#3764,#5118,.T.);
#4357=EDGE_CURVE('',#3765,#3766,#384,.T.);
#4358=EDGE_CURVE('',#3767,#3766,#5119,.T.);
#4359=EDGE_CURVE('',#3767,#3761,#385,.T.);
#4360=EDGE_CURVE('',#3768,#3769,#5120,.T.);
#4361=EDGE_CURVE('',#3768,#3770,#386,.T.);
#4362=EDGE_CURVE('',#3771,#3770,#5121,.T.);
#4363=EDGE_CURVE('',#3771,#3772,#387,.T.);
#4364=EDGE_CURVE('',#3773,#3772,#5122,.T.);
#4365=EDGE_CURVE('',#3773,#3774,#388,.T.);
#4366=EDGE_CURVE('',#3775,#3774,#5123,.T.);
#4367=EDGE_CURVE('',#3775,#3769,#389,.T.);
#4368=EDGE_CURVE('',#3776,#3777,#5124,.T.);
#4369=EDGE_CURVE('',#3776,#3778,#390,.T.);
#4370=EDGE_CURVE('',#3779,#3778,#5125,.T.);
#4371=EDGE_CURVE('',#3779,#3780,#391,.T.);
#4372=EDGE_CURVE('',#3781,#3780,#5126,.T.);
#4373=EDGE_CURVE('',#3781,#3782,#392,.T.);
#4374=EDGE_CURVE('',#3783,#3782,#5127,.T.);
#4375=EDGE_CURVE('',#3783,#3777,#393,.T.);
#4376=EDGE_CURVE('',#3784,#3785,#5128,.T.);
#4377=EDGE_CURVE('',#3784,#3786,#394,.T.);
#4378=EDGE_CURVE('',#3787,#3786,#5129,.T.);
#4379=EDGE_CURVE('',#3787,#3788,#395,.T.);
#4380=EDGE_CURVE('',#3789,#3788,#5130,.T.);
#4381=EDGE_CURVE('',#3789,#3790,#396,.T.);
#4382=EDGE_CURVE('',#3791,#3790,#5131,.T.);
#4383=EDGE_CURVE('',#3791,#3785,#397,.T.);
#4384=EDGE_CURVE('',#3792,#3793,#5132,.T.);
#4385=EDGE_CURVE('',#3792,#3794,#398,.T.);
#4386=EDGE_CURVE('',#3795,#3794,#5133,.T.);
#4387=EDGE_CURVE('',#3795,#3796,#399,.T.);
#4388=EDGE_CURVE('',#3797,#3796,#5134,.T.);
#4389=EDGE_CURVE('',#3797,#3798,#400,.T.);
#4390=EDGE_CURVE('',#3799,#3798,#5135,.T.);
#4391=EDGE_CURVE('',#3799,#3793,#401,.T.);
#4392=EDGE_CURVE('',#3800,#3801,#5136,.T.);
#4393=EDGE_CURVE('',#3800,#3802,#402,.T.);
#4394=EDGE_CURVE('',#3803,#3802,#5137,.T.);
#4395=EDGE_CURVE('',#3803,#3804,#403,.T.);
#4396=EDGE_CURVE('',#3805,#3804,#5138,.T.);
#4397=EDGE_CURVE('',#3805,#3806,#404,.T.);
#4398=EDGE_CURVE('',#3807,#3806,#5139,.T.);
#4399=EDGE_CURVE('',#3807,#3801,#405,.T.);
#4400=EDGE_CURVE('',#3808,#3809,#5140,.T.);
#4401=EDGE_CURVE('',#3808,#3810,#406,.T.);
#4402=EDGE_CURVE('',#3811,#3810,#5141,.T.);
#4403=EDGE_CURVE('',#3811,#3812,#407,.T.);
#4404=EDGE_CURVE('',#3813,#3812,#5142,.T.);
#4405=EDGE_CURVE('',#3813,#3814,#408,.T.);
#4406=EDGE_CURVE('',#3815,#3814,#5143,.T.);
#4407=EDGE_CURVE('',#3815,#3809,#409,.T.);
#4408=EDGE_CURVE('',#3816,#3817,#5144,.T.);
#4409=EDGE_CURVE('',#3816,#3818,#410,.T.);
#4410=EDGE_CURVE('',#3819,#3818,#5145,.T.);
#4411=EDGE_CURVE('',#3819,#3820,#411,.T.);
#4412=EDGE_CURVE('',#3821,#3820,#5146,.T.);
#4413=EDGE_CURVE('',#3821,#3822,#412,.T.);
#4414=EDGE_CURVE('',#3823,#3822,#5147,.T.);
#4415=EDGE_CURVE('',#3823,#3817,#413,.T.);
#4416=EDGE_CURVE('',#3538,#3541,#414,.T.);
#4417=EDGE_CURVE('',#3540,#3543,#415,.T.);
#4418=EDGE_CURVE('',#3542,#3537,#416,.T.);
#4419=EDGE_CURVE('',#3536,#3539,#417,.T.);
#4420=EDGE_CURVE('',#3817,#3824,#5148,.T.);
#4421=EDGE_CURVE('',#3824,#3825,#5149,.T.);
#4422=EDGE_CURVE('',#3825,#3816,#5150,.T.);
#4423=EDGE_CURVE('',#3826,#3827,#5151,.T.);
#4424=EDGE_CURVE('',#3827,#3823,#5152,.T.);
#4425=EDGE_CURVE('',#3822,#3826,#5153,.T.);
#4426=EDGE_CURVE('',#3828,#3829,#5154,.T.);
#4427=EDGE_CURVE('',#3829,#3821,#5155,.T.);
#4428=EDGE_CURVE('',#3820,#3828,#5156,.T.);
#4429=EDGE_CURVE('',#3830,#3831,#5157,.T.);
#4430=EDGE_CURVE('',#3831,#3819,#5158,.T.);
#4431=EDGE_CURVE('',#3818,#3830,#5159,.T.);
#4432=EDGE_CURVE('',#3824,#3827,#418,.T.);
#4433=EDGE_CURVE('',#3826,#3829,#419,.T.);
#4434=EDGE_CURVE('',#3828,#3831,#420,.T.);
#4435=EDGE_CURVE('',#3830,#3825,#421,.T.);
#4436=EDGE_CURVE('',#3809,#3832,#5160,.T.);
#4437=EDGE_CURVE('',#3832,#3833,#5161,.T.);
#4438=EDGE_CURVE('',#3833,#3808,#5162,.T.);
#4439=EDGE_CURVE('',#3834,#3835,#5163,.T.);
#4440=EDGE_CURVE('',#3835,#3815,#5164,.T.);
#4441=EDGE_CURVE('',#3814,#3834,#5165,.T.);
#4442=EDGE_CURVE('',#3836,#3837,#5166,.T.);
#4443=EDGE_CURVE('',#3837,#3813,#5167,.T.);
#4444=EDGE_CURVE('',#3812,#3836,#5168,.T.);
#4445=EDGE_CURVE('',#3838,#3839,#5169,.T.);
#4446=EDGE_CURVE('',#3839,#3811,#5170,.T.);
#4447=EDGE_CURVE('',#3810,#3838,#5171,.T.);
#4448=EDGE_CURVE('',#3832,#3835,#422,.T.);
#4449=EDGE_CURVE('',#3834,#3837,#423,.T.);
#4450=EDGE_CURVE('',#3836,#3839,#424,.T.);
#4451=EDGE_CURVE('',#3838,#3833,#425,.T.);
#4452=EDGE_CURVE('',#3801,#3840,#5172,.T.);
#4453=EDGE_CURVE('',#3840,#3841,#5173,.T.);
#4454=EDGE_CURVE('',#3841,#3800,#5174,.T.);
#4455=EDGE_CURVE('',#3842,#3843,#5175,.T.);
#4456=EDGE_CURVE('',#3843,#3807,#5176,.T.);
#4457=EDGE_CURVE('',#3806,#3842,#5177,.T.);
#4458=EDGE_CURVE('',#3844,#3845,#5178,.T.);
#4459=EDGE_CURVE('',#3845,#3805,#5179,.T.);
#4460=EDGE_CURVE('',#3804,#3844,#5180,.T.);
#4461=EDGE_CURVE('',#3846,#3847,#5181,.T.);
#4462=EDGE_CURVE('',#3847,#3803,#5182,.T.);
#4463=EDGE_CURVE('',#3802,#3846,#5183,.T.);
#4464=EDGE_CURVE('',#3840,#3843,#426,.T.);
#4465=EDGE_CURVE('',#3842,#3845,#427,.T.);
#4466=EDGE_CURVE('',#3844,#3847,#428,.T.);
#4467=EDGE_CURVE('',#3846,#3841,#429,.T.);
#4468=EDGE_CURVE('',#3793,#3848,#5184,.T.);
#4469=EDGE_CURVE('',#3848,#3849,#5185,.T.);
#4470=EDGE_CURVE('',#3849,#3792,#5186,.T.);
#4471=EDGE_CURVE('',#3850,#3851,#5187,.T.);
#4472=EDGE_CURVE('',#3851,#3799,#5188,.T.);
#4473=EDGE_CURVE('',#3798,#3850,#5189,.T.);
#4474=EDGE_CURVE('',#3852,#3853,#5190,.T.);
#4475=EDGE_CURVE('',#3853,#3797,#5191,.T.);
#4476=EDGE_CURVE('',#3796,#3852,#5192,.T.);
#4477=EDGE_CURVE('',#3854,#3855,#5193,.T.);
#4478=EDGE_CURVE('',#3855,#3795,#5194,.T.);
#4479=EDGE_CURVE('',#3794,#3854,#5195,.T.);
#4480=EDGE_CURVE('',#3848,#3851,#430,.T.);
#4481=EDGE_CURVE('',#3850,#3853,#431,.T.);
#4482=EDGE_CURVE('',#3852,#3855,#432,.T.);
#4483=EDGE_CURVE('',#3854,#3849,#433,.T.);
#4484=EDGE_CURVE('',#3785,#3856,#5196,.T.);
#4485=EDGE_CURVE('',#3856,#3857,#5197,.T.);
#4486=EDGE_CURVE('',#3857,#3784,#5198,.T.);
#4487=EDGE_CURVE('',#3858,#3859,#5199,.T.);
#4488=EDGE_CURVE('',#3859,#3791,#5200,.T.);
#4489=EDGE_CURVE('',#3790,#3858,#5201,.T.);
#4490=EDGE_CURVE('',#3860,#3861,#5202,.T.);
#4491=EDGE_CURVE('',#3861,#3789,#5203,.T.);
#4492=EDGE_CURVE('',#3788,#3860,#5204,.T.);
#4493=EDGE_CURVE('',#3862,#3863,#5205,.T.);
#4494=EDGE_CURVE('',#3863,#3787,#5206,.T.);
#4495=EDGE_CURVE('',#3786,#3862,#5207,.T.);
#4496=EDGE_CURVE('',#3856,#3859,#434,.T.);
#4497=EDGE_CURVE('',#3858,#3861,#435,.T.);
#4498=EDGE_CURVE('',#3860,#3863,#436,.T.);
#4499=EDGE_CURVE('',#3862,#3857,#437,.T.);
#4500=EDGE_CURVE('',#3777,#3864,#5208,.T.);
#4501=EDGE_CURVE('',#3864,#3865,#5209,.T.);
#4502=EDGE_CURVE('',#3865,#3776,#5210,.T.);
#4503=EDGE_CURVE('',#3866,#3867,#5211,.T.);
#4504=EDGE_CURVE('',#3867,#3783,#5212,.T.);
#4505=EDGE_CURVE('',#3782,#3866,#5213,.T.);
#4506=EDGE_CURVE('',#3868,#3869,#5214,.T.);
#4507=EDGE_CURVE('',#3869,#3781,#5215,.T.);
#4508=EDGE_CURVE('',#3780,#3868,#5216,.T.);
#4509=EDGE_CURVE('',#3870,#3871,#5217,.T.);
#4510=EDGE_CURVE('',#3871,#3779,#5218,.T.);
#4511=EDGE_CURVE('',#3778,#3870,#5219,.T.);
#4512=EDGE_CURVE('',#3864,#3867,#438,.T.);
#4513=EDGE_CURVE('',#3866,#3869,#439,.T.);
#4514=EDGE_CURVE('',#3868,#3871,#440,.T.);
#4515=EDGE_CURVE('',#3870,#3865,#441,.T.);
#4516=EDGE_CURVE('',#3769,#3872,#5220,.T.);
#4517=EDGE_CURVE('',#3872,#3873,#5221,.T.);
#4518=EDGE_CURVE('',#3873,#3768,#5222,.T.);
#4519=EDGE_CURVE('',#3874,#3875,#5223,.T.);
#4520=EDGE_CURVE('',#3875,#3775,#5224,.T.);
#4521=EDGE_CURVE('',#3774,#3874,#5225,.T.);
#4522=EDGE_CURVE('',#3876,#3877,#5226,.T.);
#4523=EDGE_CURVE('',#3877,#3773,#5227,.T.);
#4524=EDGE_CURVE('',#3772,#3876,#5228,.T.);
#4525=EDGE_CURVE('',#3878,#3879,#5229,.T.);
#4526=EDGE_CURVE('',#3879,#3771,#5230,.T.);
#4527=EDGE_CURVE('',#3770,#3878,#5231,.T.);
#4528=EDGE_CURVE('',#3872,#3875,#442,.T.);
#4529=EDGE_CURVE('',#3874,#3877,#443,.T.);
#4530=EDGE_CURVE('',#3876,#3879,#444,.T.);
#4531=EDGE_CURVE('',#3878,#3873,#445,.T.);
#4532=EDGE_CURVE('',#3761,#3880,#5232,.T.);
#4533=EDGE_CURVE('',#3880,#3881,#5233,.T.);
#4534=EDGE_CURVE('',#3881,#3760,#5234,.T.);
#4535=EDGE_CURVE('',#3882,#3883,#5235,.T.);
#4536=EDGE_CURVE('',#3883,#3767,#5236,.T.);
#4537=EDGE_CURVE('',#3766,#3882,#5237,.T.);
#4538=EDGE_CURVE('',#3884,#3885,#5238,.T.);
#4539=EDGE_CURVE('',#3885,#3765,#5239,.T.);
#4540=EDGE_CURVE('',#3764,#3884,#5240,.T.);
#4541=EDGE_CURVE('',#3886,#3887,#5241,.T.);
#4542=EDGE_CURVE('',#3887,#3763,#5242,.T.);
#4543=EDGE_CURVE('',#3762,#3886,#5243,.T.);
#4544=EDGE_CURVE('',#3880,#3883,#446,.T.);
#4545=EDGE_CURVE('',#3882,#3885,#447,.T.);
#4546=EDGE_CURVE('',#3884,#3887,#448,.T.);
#4547=EDGE_CURVE('',#3886,#3881,#449,.T.);
#4548=EDGE_CURVE('',#3753,#3888,#5244,.T.);
#4549=EDGE_CURVE('',#3888,#3889,#5245,.T.);
#4550=EDGE_CURVE('',#3889,#3752,#5246,.T.);
#4551=EDGE_CURVE('',#3890,#3891,#5247,.T.);
#4552=EDGE_CURVE('',#3891,#3759,#5248,.T.);
#4553=EDGE_CURVE('',#3758,#3890,#5249,.T.);
#4554=EDGE_CURVE('',#3892,#3893,#5250,.T.);
#4555=EDGE_CURVE('',#3893,#3757,#5251,.T.);
#4556=EDGE_CURVE('',#3756,#3892,#5252,.T.);
#4557=EDGE_CURVE('',#3894,#3895,#5253,.T.);
#4558=EDGE_CURVE('',#3895,#3755,#5254,.T.);
#4559=EDGE_CURVE('',#3754,#3894,#5255,.T.);
#4560=EDGE_CURVE('',#3888,#3891,#450,.T.);
#4561=EDGE_CURVE('',#3890,#3893,#451,.T.);
#4562=EDGE_CURVE('',#3892,#3895,#452,.T.);
#4563=EDGE_CURVE('',#3894,#3889,#453,.T.);
#4564=EDGE_CURVE('',#3745,#3896,#5256,.T.);
#4565=EDGE_CURVE('',#3896,#3897,#5257,.T.);
#4566=EDGE_CURVE('',#3897,#3744,#5258,.T.);
#4567=EDGE_CURVE('',#3898,#3899,#5259,.T.);
#4568=EDGE_CURVE('',#3899,#3751,#5260,.T.);
#4569=EDGE_CURVE('',#3750,#3898,#5261,.T.);
#4570=EDGE_CURVE('',#3900,#3901,#5262,.T.);
#4571=EDGE_CURVE('',#3901,#3749,#5263,.T.);
#4572=EDGE_CURVE('',#3748,#3900,#5264,.T.);
#4573=EDGE_CURVE('',#3902,#3903,#5265,.T.);
#4574=EDGE_CURVE('',#3903,#3747,#5266,.T.);
#4575=EDGE_CURVE('',#3746,#3902,#5267,.T.);
#4576=EDGE_CURVE('',#3896,#3899,#454,.T.);
#4577=EDGE_CURVE('',#3898,#3901,#455,.T.);
#4578=EDGE_CURVE('',#3900,#3903,#456,.T.);
#4579=EDGE_CURVE('',#3902,#3897,#457,.T.);
#4580=EDGE_CURVE('',#3737,#3904,#5268,.T.);
#4581=EDGE_CURVE('',#3904,#3905,#5269,.T.);
#4582=EDGE_CURVE('',#3905,#3736,#5270,.T.);
#4583=EDGE_CURVE('',#3906,#3907,#5271,.T.);
#4584=EDGE_CURVE('',#3907,#3743,#5272,.T.);
#4585=EDGE_CURVE('',#3742,#3906,#5273,.T.);
#4586=EDGE_CURVE('',#3908,#3909,#5274,.T.);
#4587=EDGE_CURVE('',#3909,#3741,#5275,.T.);
#4588=EDGE_CURVE('',#3740,#3908,#5276,.T.);
#4589=EDGE_CURVE('',#3910,#3911,#5277,.T.);
#4590=EDGE_CURVE('',#3911,#3739,#5278,.T.);
#4591=EDGE_CURVE('',#3738,#3910,#5279,.T.);
#4592=EDGE_CURVE('',#3904,#3907,#458,.T.);
#4593=EDGE_CURVE('',#3906,#3909,#459,.T.);
#4594=EDGE_CURVE('',#3908,#3911,#460,.T.);
#4595=EDGE_CURVE('',#3910,#3905,#461,.T.);
#4596=EDGE_CURVE('',#3729,#3912,#5280,.T.);
#4597=EDGE_CURVE('',#3912,#3913,#5281,.T.);
#4598=EDGE_CURVE('',#3913,#3728,#5282,.T.);
#4599=EDGE_CURVE('',#3914,#3915,#5283,.T.);
#4600=EDGE_CURVE('',#3915,#3735,#5284,.T.);
#4601=EDGE_CURVE('',#3734,#3914,#5285,.T.);
#4602=EDGE_CURVE('',#3916,#3917,#5286,.T.);
#4603=EDGE_CURVE('',#3917,#3733,#5287,.T.);
#4604=EDGE_CURVE('',#3732,#3916,#5288,.T.);
#4605=EDGE_CURVE('',#3918,#3919,#5289,.T.);
#4606=EDGE_CURVE('',#3919,#3731,#5290,.T.);
#4607=EDGE_CURVE('',#3730,#3918,#5291,.T.);
#4608=EDGE_CURVE('',#3912,#3915,#462,.T.);
#4609=EDGE_CURVE('',#3914,#3917,#463,.T.);
#4610=EDGE_CURVE('',#3916,#3919,#464,.T.);
#4611=EDGE_CURVE('',#3918,#3913,#465,.T.);
#4612=EDGE_CURVE('',#3721,#3920,#5292,.T.);
#4613=EDGE_CURVE('',#3920,#3921,#5293,.T.);
#4614=EDGE_CURVE('',#3921,#3720,#5294,.T.);
#4615=EDGE_CURVE('',#3922,#3923,#5295,.T.);
#4616=EDGE_CURVE('',#3923,#3727,#5296,.T.);
#4617=EDGE_CURVE('',#3726,#3922,#5297,.T.);
#4618=EDGE_CURVE('',#3924,#3925,#5298,.T.);
#4619=EDGE_CURVE('',#3925,#3725,#5299,.T.);
#4620=EDGE_CURVE('',#3724,#3924,#5300,.T.);
#4621=EDGE_CURVE('',#3926,#3927,#5301,.T.);
#4622=EDGE_CURVE('',#3927,#3723,#5302,.T.);
#4623=EDGE_CURVE('',#3722,#3926,#5303,.T.);
#4624=EDGE_CURVE('',#3920,#3923,#466,.T.);
#4625=EDGE_CURVE('',#3922,#3925,#467,.T.);
#4626=EDGE_CURVE('',#3924,#3927,#468,.T.);
#4627=EDGE_CURVE('',#3926,#3921,#469,.T.);
#4628=EDGE_CURVE('',#3713,#3928,#5304,.T.);
#4629=EDGE_CURVE('',#3928,#3929,#5305,.T.);
#4630=EDGE_CURVE('',#3929,#3712,#5306,.T.);
#4631=EDGE_CURVE('',#3930,#3931,#5307,.T.);
#4632=EDGE_CURVE('',#3931,#3719,#5308,.T.);
#4633=EDGE_CURVE('',#3718,#3930,#5309,.T.);
#4634=EDGE_CURVE('',#3932,#3933,#5310,.T.);
#4635=EDGE_CURVE('',#3933,#3717,#5311,.T.);
#4636=EDGE_CURVE('',#3716,#3932,#5312,.T.);
#4637=EDGE_CURVE('',#3934,#3935,#5313,.T.);
#4638=EDGE_CURVE('',#3935,#3715,#5314,.T.);
#4639=EDGE_CURVE('',#3714,#3934,#5315,.T.);
#4640=EDGE_CURVE('',#3928,#3931,#470,.T.);
#4641=EDGE_CURVE('',#3930,#3933,#471,.T.);
#4642=EDGE_CURVE('',#3932,#3935,#472,.T.);
#4643=EDGE_CURVE('',#3934,#3929,#473,.T.);
#4644=EDGE_CURVE('',#3705,#3936,#5316,.T.);
#4645=EDGE_CURVE('',#3936,#3937,#5317,.T.);
#4646=EDGE_CURVE('',#3937,#3704,#5318,.T.);
#4647=EDGE_CURVE('',#3938,#3939,#5319,.T.);
#4648=EDGE_CURVE('',#3939,#3711,#5320,.T.);
#4649=EDGE_CURVE('',#3710,#3938,#5321,.T.);
#4650=EDGE_CURVE('',#3940,#3941,#5322,.T.);
#4651=EDGE_CURVE('',#3941,#3709,#5323,.T.);
#4652=EDGE_CURVE('',#3708,#3940,#5324,.T.);
#4653=EDGE_CURVE('',#3942,#3943,#5325,.T.);
#4654=EDGE_CURVE('',#3943,#3707,#5326,.T.);
#4655=EDGE_CURVE('',#3706,#3942,#5327,.T.);
#4656=EDGE_CURVE('',#3936,#3939,#474,.T.);
#4657=EDGE_CURVE('',#3938,#3941,#475,.T.);
#4658=EDGE_CURVE('',#3940,#3943,#476,.T.);
#4659=EDGE_CURVE('',#3942,#3937,#477,.T.);
#4660=EDGE_CURVE('',#3697,#3944,#5328,.T.);
#4661=EDGE_CURVE('',#3944,#3945,#5329,.T.);
#4662=EDGE_CURVE('',#3945,#3696,#5330,.T.);
#4663=EDGE_CURVE('',#3946,#3947,#5331,.T.);
#4664=EDGE_CURVE('',#3947,#3703,#5332,.T.);
#4665=EDGE_CURVE('',#3702,#3946,#5333,.T.);
#4666=EDGE_CURVE('',#3948,#3949,#5334,.T.);
#4667=EDGE_CURVE('',#3949,#3701,#5335,.T.);
#4668=EDGE_CURVE('',#3700,#3948,#5336,.T.);
#4669=EDGE_CURVE('',#3950,#3951,#5337,.T.);
#4670=EDGE_CURVE('',#3951,#3699,#5338,.T.);
#4671=EDGE_CURVE('',#3698,#3950,#5339,.T.);
#4672=EDGE_CURVE('',#3944,#3947,#478,.T.);
#4673=EDGE_CURVE('',#3946,#3949,#479,.T.);
#4674=EDGE_CURVE('',#3948,#3951,#480,.T.);
#4675=EDGE_CURVE('',#3950,#3945,#481,.T.);
#4676=EDGE_CURVE('',#3689,#3952,#5340,.T.);
#4677=EDGE_CURVE('',#3952,#3953,#5341,.T.);
#4678=EDGE_CURVE('',#3953,#3688,#5342,.T.);
#4679=EDGE_CURVE('',#3954,#3955,#5343,.T.);
#4680=EDGE_CURVE('',#3955,#3695,#5344,.T.);
#4681=EDGE_CURVE('',#3694,#3954,#5345,.T.);
#4682=EDGE_CURVE('',#3956,#3957,#5346,.T.);
#4683=EDGE_CURVE('',#3957,#3693,#5347,.T.);
#4684=EDGE_CURVE('',#3692,#3956,#5348,.T.);
#4685=EDGE_CURVE('',#3958,#3959,#5349,.T.);
#4686=EDGE_CURVE('',#3959,#3691,#5350,.T.);
#4687=EDGE_CURVE('',#3690,#3958,#5351,.T.);
#4688=EDGE_CURVE('',#3952,#3955,#482,.T.);
#4689=EDGE_CURVE('',#3954,#3957,#483,.T.);
#4690=EDGE_CURVE('',#3956,#3959,#484,.T.);
#4691=EDGE_CURVE('',#3958,#3953,#485,.T.);
#4692=EDGE_CURVE('',#3681,#3960,#5352,.T.);
#4693=EDGE_CURVE('',#3960,#3961,#5353,.T.);
#4694=EDGE_CURVE('',#3961,#3680,#5354,.T.);
#4695=EDGE_CURVE('',#3962,#3963,#5355,.T.);
#4696=EDGE_CURVE('',#3963,#3687,#5356,.T.);
#4697=EDGE_CURVE('',#3686,#3962,#5357,.T.);
#4698=EDGE_CURVE('',#3964,#3965,#5358,.T.);
#4699=EDGE_CURVE('',#3965,#3685,#5359,.T.);
#4700=EDGE_CURVE('',#3684,#3964,#5360,.T.);
#4701=EDGE_CURVE('',#3966,#3967,#5361,.T.);
#4702=EDGE_CURVE('',#3967,#3683,#5362,.T.);
#4703=EDGE_CURVE('',#3682,#3966,#5363,.T.);
#4704=EDGE_CURVE('',#3960,#3963,#486,.T.);
#4705=EDGE_CURVE('',#3962,#3965,#487,.T.);
#4706=EDGE_CURVE('',#3964,#3967,#488,.T.);
#4707=EDGE_CURVE('',#3966,#3961,#489,.T.);
#4708=EDGE_CURVE('',#3673,#3968,#5364,.T.);
#4709=EDGE_CURVE('',#3968,#3969,#5365,.T.);
#4710=EDGE_CURVE('',#3969,#3672,#5366,.T.);
#4711=EDGE_CURVE('',#3970,#3971,#5367,.T.);
#4712=EDGE_CURVE('',#3971,#3679,#5368,.T.);
#4713=EDGE_CURVE('',#3678,#3970,#5369,.T.);
#4714=EDGE_CURVE('',#3972,#3973,#5370,.T.);
#4715=EDGE_CURVE('',#3973,#3677,#5371,.T.);
#4716=EDGE_CURVE('',#3676,#3972,#5372,.T.);
#4717=EDGE_CURVE('',#3974,#3975,#5373,.T.);
#4718=EDGE_CURVE('',#3975,#3675,#5374,.T.);
#4719=EDGE_CURVE('',#3674,#3974,#5375,.T.);
#4720=EDGE_CURVE('',#3968,#3971,#490,.T.);
#4721=EDGE_CURVE('',#3970,#3973,#491,.T.);
#4722=EDGE_CURVE('',#3972,#3975,#492,.T.);
#4723=EDGE_CURVE('',#3974,#3969,#493,.T.);
#4724=EDGE_CURVE('',#3665,#3976,#5376,.T.);
#4725=EDGE_CURVE('',#3976,#3977,#5377,.T.);
#4726=EDGE_CURVE('',#3977,#3664,#5378,.T.);
#4727=EDGE_CURVE('',#3978,#3979,#5379,.T.);
#4728=EDGE_CURVE('',#3979,#3671,#5380,.T.);
#4729=EDGE_CURVE('',#3670,#3978,#5381,.T.);
#4730=EDGE_CURVE('',#3980,#3981,#5382,.T.);
#4731=EDGE_CURVE('',#3981,#3669,#5383,.T.);
#4732=EDGE_CURVE('',#3668,#3980,#5384,.T.);
#4733=EDGE_CURVE('',#3982,#3983,#5385,.T.);
#4734=EDGE_CURVE('',#3983,#3667,#5386,.T.);
#4735=EDGE_CURVE('',#3666,#3982,#5387,.T.);
#4736=EDGE_CURVE('',#3976,#3979,#494,.T.);
#4737=EDGE_CURVE('',#3978,#3981,#495,.T.);
#4738=EDGE_CURVE('',#3980,#3983,#496,.T.);
#4739=EDGE_CURVE('',#3982,#3977,#497,.T.);
#4740=EDGE_CURVE('',#3657,#3984,#5388,.T.);
#4741=EDGE_CURVE('',#3984,#3985,#5389,.T.);
#4742=EDGE_CURVE('',#3985,#3656,#5390,.T.);
#4743=EDGE_CURVE('',#3986,#3987,#5391,.T.);
#4744=EDGE_CURVE('',#3987,#3663,#5392,.T.);
#4745=EDGE_CURVE('',#3662,#3986,#5393,.T.);
#4746=EDGE_CURVE('',#3988,#3989,#5394,.T.);
#4747=EDGE_CURVE('',#3989,#3661,#5395,.T.);
#4748=EDGE_CURVE('',#3660,#3988,#5396,.T.);
#4749=EDGE_CURVE('',#3990,#3991,#5397,.T.);
#4750=EDGE_CURVE('',#3991,#3659,#5398,.T.);
#4751=EDGE_CURVE('',#3658,#3990,#5399,.T.);
#4752=EDGE_CURVE('',#3984,#3987,#498,.T.);
#4753=EDGE_CURVE('',#3986,#3989,#499,.T.);
#4754=EDGE_CURVE('',#3988,#3991,#500,.T.);
#4755=EDGE_CURVE('',#3990,#3985,#501,.T.);
#4756=EDGE_CURVE('',#3649,#3992,#5400,.T.);
#4757=EDGE_CURVE('',#3992,#3993,#5401,.T.);
#4758=EDGE_CURVE('',#3993,#3648,#5402,.T.);
#4759=EDGE_CURVE('',#3994,#3995,#5403,.T.);
#4760=EDGE_CURVE('',#3995,#3655,#5404,.T.);
#4761=EDGE_CURVE('',#3654,#3994,#5405,.T.);
#4762=EDGE_CURVE('',#3996,#3997,#5406,.T.);
#4763=EDGE_CURVE('',#3997,#3653,#5407,.T.);
#4764=EDGE_CURVE('',#3652,#3996,#5408,.T.);
#4765=EDGE_CURVE('',#3998,#3999,#5409,.T.);
#4766=EDGE_CURVE('',#3999,#3651,#5410,.T.);
#4767=EDGE_CURVE('',#3650,#3998,#5411,.T.);
#4768=EDGE_CURVE('',#3992,#3995,#502,.T.);
#4769=EDGE_CURVE('',#3994,#3997,#503,.T.);
#4770=EDGE_CURVE('',#3996,#3999,#504,.T.);
#4771=EDGE_CURVE('',#3998,#3993,#505,.T.);
#4772=EDGE_CURVE('',#3641,#4000,#5412,.T.);
#4773=EDGE_CURVE('',#4000,#4001,#5413,.T.);
#4774=EDGE_CURVE('',#4001,#3640,#5414,.T.);
#4775=EDGE_CURVE('',#4002,#4003,#5415,.T.);
#4776=EDGE_CURVE('',#4003,#3647,#5416,.T.);
#4777=EDGE_CURVE('',#3646,#4002,#5417,.T.);
#4778=EDGE_CURVE('',#4004,#4005,#5418,.T.);
#4779=EDGE_CURVE('',#4005,#3645,#5419,.T.);
#4780=EDGE_CURVE('',#3644,#4004,#5420,.T.);
#4781=EDGE_CURVE('',#4006,#4007,#5421,.T.);
#4782=EDGE_CURVE('',#4007,#3643,#5422,.T.);
#4783=EDGE_CURVE('',#3642,#4006,#5423,.T.);
#4784=EDGE_CURVE('',#4000,#4003,#506,.T.);
#4785=EDGE_CURVE('',#4002,#4005,#507,.T.);
#4786=EDGE_CURVE('',#4004,#4007,#508,.T.);
#4787=EDGE_CURVE('',#4006,#4001,#509,.T.);
#4788=EDGE_CURVE('',#3633,#4008,#5424,.T.);
#4789=EDGE_CURVE('',#4008,#4009,#5425,.T.);
#4790=EDGE_CURVE('',#4009,#3632,#5426,.T.);
#4791=EDGE_CURVE('',#4010,#4011,#5427,.T.);
#4792=EDGE_CURVE('',#4011,#3639,#5428,.T.);
#4793=EDGE_CURVE('',#3638,#4010,#5429,.T.);
#4794=EDGE_CURVE('',#4012,#4013,#5430,.T.);
#4795=EDGE_CURVE('',#4013,#3637,#5431,.T.);
#4796=EDGE_CURVE('',#3636,#4012,#5432,.T.);
#4797=EDGE_CURVE('',#4014,#4015,#5433,.T.);
#4798=EDGE_CURVE('',#4015,#3635,#5434,.T.);
#4799=EDGE_CURVE('',#3634,#4014,#5435,.T.);
#4800=EDGE_CURVE('',#4008,#4011,#510,.T.);
#4801=EDGE_CURVE('',#4010,#4013,#511,.T.);
#4802=EDGE_CURVE('',#4012,#4015,#512,.T.);
#4803=EDGE_CURVE('',#4014,#4009,#513,.T.);
#4804=EDGE_CURVE('',#3625,#4016,#5436,.T.);
#4805=EDGE_CURVE('',#4016,#4017,#5437,.T.);
#4806=EDGE_CURVE('',#4017,#3624,#5438,.T.);
#4807=EDGE_CURVE('',#4018,#4019,#5439,.T.);
#4808=EDGE_CURVE('',#4019,#3631,#5440,.T.);
#4809=EDGE_CURVE('',#3630,#4018,#5441,.T.);
#4810=EDGE_CURVE('',#4020,#4021,#5442,.T.);
#4811=EDGE_CURVE('',#4021,#3629,#5443,.T.);
#4812=EDGE_CURVE('',#3628,#4020,#5444,.T.);
#4813=EDGE_CURVE('',#4022,#4023,#5445,.T.);
#4814=EDGE_CURVE('',#4023,#3627,#5446,.T.);
#4815=EDGE_CURVE('',#3626,#4022,#5447,.T.);
#4816=EDGE_CURVE('',#4016,#4019,#514,.T.);
#4817=EDGE_CURVE('',#4018,#4021,#515,.T.);
#4818=EDGE_CURVE('',#4020,#4023,#516,.T.);
#4819=EDGE_CURVE('',#4022,#4017,#517,.T.);
#4820=EDGE_CURVE('',#3617,#4024,#5448,.T.);
#4821=EDGE_CURVE('',#4024,#4025,#5449,.T.);
#4822=EDGE_CURVE('',#4025,#3616,#5450,.T.);
#4823=EDGE_CURVE('',#4026,#4027,#5451,.T.);
#4824=EDGE_CURVE('',#4027,#3623,#5452,.T.);
#4825=EDGE_CURVE('',#3622,#4026,#5453,.T.);
#4826=EDGE_CURVE('',#4028,#4029,#5454,.T.);
#4827=EDGE_CURVE('',#4029,#3621,#5455,.T.);
#4828=EDGE_CURVE('',#3620,#4028,#5456,.T.);
#4829=EDGE_CURVE('',#4030,#4031,#5457,.T.);
#4830=EDGE_CURVE('',#4031,#3619,#5458,.T.);
#4831=EDGE_CURVE('',#3618,#4030,#5459,.T.);
#4832=EDGE_CURVE('',#4024,#4027,#518,.T.);
#4833=EDGE_CURVE('',#4026,#4029,#519,.T.);
#4834=EDGE_CURVE('',#4028,#4031,#520,.T.);
#4835=EDGE_CURVE('',#4030,#4025,#521,.T.);
#4836=EDGE_CURVE('',#3609,#4032,#5460,.T.);
#4837=EDGE_CURVE('',#4032,#4033,#5461,.T.);
#4838=EDGE_CURVE('',#4033,#3608,#5462,.T.);
#4839=EDGE_CURVE('',#4034,#4035,#5463,.T.);
#4840=EDGE_CURVE('',#4035,#3615,#5464,.T.);
#4841=EDGE_CURVE('',#3614,#4034,#5465,.T.);
#4842=EDGE_CURVE('',#4036,#4037,#5466,.T.);
#4843=EDGE_CURVE('',#4037,#3613,#5467,.T.);
#4844=EDGE_CURVE('',#3612,#4036,#5468,.T.);
#4845=EDGE_CURVE('',#4038,#4039,#5469,.T.);
#4846=EDGE_CURVE('',#4039,#3611,#5470,.T.);
#4847=EDGE_CURVE('',#3610,#4038,#5471,.T.);
#4848=EDGE_CURVE('',#4032,#4035,#522,.T.);
#4849=EDGE_CURVE('',#4034,#4037,#523,.T.);
#4850=EDGE_CURVE('',#4036,#4039,#524,.T.);
#4851=EDGE_CURVE('',#4038,#4033,#525,.T.);
#4852=EDGE_CURVE('',#3601,#4040,#5472,.T.);
#4853=EDGE_CURVE('',#4040,#4041,#5473,.T.);
#4854=EDGE_CURVE('',#4041,#3600,#5474,.T.);
#4855=EDGE_CURVE('',#4042,#4043,#5475,.T.);
#4856=EDGE_CURVE('',#4043,#3607,#5476,.T.);
#4857=EDGE_CURVE('',#3606,#4042,#5477,.T.);
#4858=EDGE_CURVE('',#4044,#4045,#5478,.T.);
#4859=EDGE_CURVE('',#4045,#3605,#5479,.T.);
#4860=EDGE_CURVE('',#3604,#4044,#5480,.T.);
#4861=EDGE_CURVE('',#4046,#4047,#5481,.T.);
#4862=EDGE_CURVE('',#4047,#3603,#5482,.T.);
#4863=EDGE_CURVE('',#3602,#4046,#5483,.T.);
#4864=EDGE_CURVE('',#4040,#4043,#526,.T.);
#4865=EDGE_CURVE('',#4042,#4045,#527,.T.);
#4866=EDGE_CURVE('',#4044,#4047,#528,.T.);
#4867=EDGE_CURVE('',#4046,#4041,#529,.T.);
#4868=EDGE_CURVE('',#3593,#4048,#5484,.T.);
#4869=EDGE_CURVE('',#4048,#4049,#5485,.T.);
#4870=EDGE_CURVE('',#4049,#3592,#5486,.T.);
#4871=EDGE_CURVE('',#4050,#4051,#5487,.T.);
#4872=EDGE_CURVE('',#4051,#3599,#5488,.T.);
#4873=EDGE_CURVE('',#3598,#4050,#5489,.T.);
#4874=EDGE_CURVE('',#4052,#4053,#5490,.T.);
#4875=EDGE_CURVE('',#4053,#3597,#5491,.T.);
#4876=EDGE_CURVE('',#3596,#4052,#5492,.T.);
#4877=EDGE_CURVE('',#4054,#4055,#5493,.T.);
#4878=EDGE_CURVE('',#4055,#3595,#5494,.T.);
#4879=EDGE_CURVE('',#3594,#4054,#5495,.T.);
#4880=EDGE_CURVE('',#4048,#4051,#530,.T.);
#4881=EDGE_CURVE('',#4050,#4053,#531,.T.);
#4882=EDGE_CURVE('',#4052,#4055,#532,.T.);
#4883=EDGE_CURVE('',#4054,#4049,#533,.T.);
#4884=EDGE_CURVE('',#3585,#4056,#5496,.T.);
#4885=EDGE_CURVE('',#4056,#4057,#5497,.T.);
#4886=EDGE_CURVE('',#4057,#3584,#5498,.T.);
#4887=EDGE_CURVE('',#4058,#4059,#5499,.T.);
#4888=EDGE_CURVE('',#4059,#3591,#5500,.T.);
#4889=EDGE_CURVE('',#3590,#4058,#5501,.T.);
#4890=EDGE_CURVE('',#4060,#4061,#5502,.T.);
#4891=EDGE_CURVE('',#4061,#3589,#5503,.T.);
#4892=EDGE_CURVE('',#3588,#4060,#5504,.T.);
#4893=EDGE_CURVE('',#4062,#4063,#5505,.T.);
#4894=EDGE_CURVE('',#4063,#3587,#5506,.T.);
#4895=EDGE_CURVE('',#3586,#4062,#5507,.T.);
#4896=EDGE_CURVE('',#4056,#4059,#534,.T.);
#4897=EDGE_CURVE('',#4058,#4061,#535,.T.);
#4898=EDGE_CURVE('',#4060,#4063,#536,.T.);
#4899=EDGE_CURVE('',#4062,#4057,#537,.T.);
#4900=EDGE_CURVE('',#3577,#4064,#5508,.T.);
#4901=EDGE_CURVE('',#4064,#4065,#5509,.T.);
#4902=EDGE_CURVE('',#4065,#3576,#5510,.T.);
#4903=EDGE_CURVE('',#4066,#4067,#5511,.T.);
#4904=EDGE_CURVE('',#4067,#3583,#5512,.T.);
#4905=EDGE_CURVE('',#3582,#4066,#5513,.T.);
#4906=EDGE_CURVE('',#4068,#4069,#5514,.T.);
#4907=EDGE_CURVE('',#4069,#3581,#5515,.T.);
#4908=EDGE_CURVE('',#3580,#4068,#5516,.T.);
#4909=EDGE_CURVE('',#4070,#4071,#5517,.T.);
#4910=EDGE_CURVE('',#4071,#3579,#5518,.T.);
#4911=EDGE_CURVE('',#3578,#4070,#5519,.T.);
#4912=EDGE_CURVE('',#4064,#4067,#538,.T.);
#4913=EDGE_CURVE('',#4066,#4069,#539,.T.);
#4914=EDGE_CURVE('',#4068,#4071,#540,.T.);
#4915=EDGE_CURVE('',#4070,#4065,#541,.T.);
#4916=EDGE_CURVE('',#3569,#4072,#5520,.T.);
#4917=EDGE_CURVE('',#4072,#4073,#5521,.T.);
#4918=EDGE_CURVE('',#4073,#3568,#5522,.T.);
#4919=EDGE_CURVE('',#4074,#4075,#5523,.T.);
#4920=EDGE_CURVE('',#4075,#3575,#5524,.T.);
#4921=EDGE_CURVE('',#3574,#4074,#5525,.T.);
#4922=EDGE_CURVE('',#4076,#4077,#5526,.T.);
#4923=EDGE_CURVE('',#4077,#3573,#5527,.T.);
#4924=EDGE_CURVE('',#3572,#4076,#5528,.T.);
#4925=EDGE_CURVE('',#4078,#4079,#5529,.T.);
#4926=EDGE_CURVE('',#4079,#3571,#5530,.T.);
#4927=EDGE_CURVE('',#3570,#4078,#5531,.T.);
#4928=EDGE_CURVE('',#4072,#4075,#542,.T.);
#4929=EDGE_CURVE('',#4074,#4077,#543,.T.);
#4930=EDGE_CURVE('',#4076,#4079,#544,.T.);
#4931=EDGE_CURVE('',#4078,#4073,#545,.T.);
#4932=EDGE_CURVE('',#3561,#4080,#5532,.T.);
#4933=EDGE_CURVE('',#4080,#4081,#5533,.T.);
#4934=EDGE_CURVE('',#4081,#3560,#5534,.T.);
#4935=EDGE_CURVE('',#4082,#4083,#5535,.T.);
#4936=EDGE_CURVE('',#4083,#3567,#5536,.T.);
#4937=EDGE_CURVE('',#3566,#4082,#5537,.T.);
#4938=EDGE_CURVE('',#4084,#4085,#5538,.T.);
#4939=EDGE_CURVE('',#4085,#3565,#5539,.T.);
#4940=EDGE_CURVE('',#3564,#4084,#5540,.T.);
#4941=EDGE_CURVE('',#4086,#4087,#5541,.T.);
#4942=EDGE_CURVE('',#4087,#3563,#5542,.T.);
#4943=EDGE_CURVE('',#3562,#4086,#5543,.T.);
#4944=EDGE_CURVE('',#4080,#4083,#546,.T.);
#4945=EDGE_CURVE('',#4082,#4085,#547,.T.);
#4946=EDGE_CURVE('',#4084,#4087,#548,.T.);
#4947=EDGE_CURVE('',#4086,#4081,#549,.T.);
#4948=EDGE_CURVE('',#3553,#4088,#5544,.T.);
#4949=EDGE_CURVE('',#4088,#4089,#5545,.T.);
#4950=EDGE_CURVE('',#4089,#3552,#5546,.T.);
#4951=EDGE_CURVE('',#4090,#4091,#5547,.T.);
#4952=EDGE_CURVE('',#4091,#3559,#5548,.T.);
#4953=EDGE_CURVE('',#3558,#4090,#5549,.T.);
#4954=EDGE_CURVE('',#4092,#4093,#5550,.T.);
#4955=EDGE_CURVE('',#4093,#3557,#5551,.T.);
#4956=EDGE_CURVE('',#3556,#4092,#5552,.T.);
#4957=EDGE_CURVE('',#4094,#4095,#5553,.T.);
#4958=EDGE_CURVE('',#4095,#3555,#5554,.T.);
#4959=EDGE_CURVE('',#3554,#4094,#5555,.T.);
#4960=EDGE_CURVE('',#4088,#4091,#550,.T.);
#4961=EDGE_CURVE('',#4090,#4093,#551,.T.);
#4962=EDGE_CURVE('',#4092,#4095,#552,.T.);
#4963=EDGE_CURVE('',#4094,#4089,#553,.T.);
#4964=EDGE_CURVE('',#3545,#4096,#5556,.T.);
#4965=EDGE_CURVE('',#4096,#4097,#5557,.T.);
#4966=EDGE_CURVE('',#4097,#3544,#5558,.T.);
#4967=EDGE_CURVE('',#4098,#4099,#5559,.T.);
#4968=EDGE_CURVE('',#4099,#3551,#5560,.T.);
#4969=EDGE_CURVE('',#3550,#4098,#5561,.T.);
#4970=EDGE_CURVE('',#4100,#4101,#5562,.T.);
#4971=EDGE_CURVE('',#4101,#3549,#5563,.T.);
#4972=EDGE_CURVE('',#3548,#4100,#5564,.T.);
#4973=EDGE_CURVE('',#4102,#4103,#5565,.T.);
#4974=EDGE_CURVE('',#4103,#3547,#5566,.T.);
#4975=EDGE_CURVE('',#3546,#4102,#5567,.T.);
#4976=EDGE_CURVE('',#4096,#4099,#554,.T.);
#4977=EDGE_CURVE('',#4098,#4101,#555,.T.);
#4978=EDGE_CURVE('',#4100,#4103,#556,.T.);
#4979=EDGE_CURVE('',#4102,#4097,#557,.T.);
#4980=LINE('',#8602,#5568);
#4981=LINE('',#8605,#5569);
#4982=LINE('',#8607,#5570);
#4983=LINE('',#8609,#5571);
#4984=LINE('',#8611,#5572);
#4985=LINE('',#8613,#5573);
#4986=LINE('',#8615,#5574);
#4987=LINE('',#8617,#5575);
#4988=LINE('',#8619,#5576);
#4989=LINE('',#8621,#5577);
#4990=LINE('',#8623,#5578);
#4991=LINE('',#8624,#5579);
#4992=LINE('',#8627,#5580);
#4993=LINE('',#8632,#5581);
#4994=LINE('',#8636,#5582);
#4995=LINE('',#8640,#5583);
#4996=LINE('',#8644,#5584);
#4997=LINE('',#8646,#5585);
#4998=LINE('',#8648,#5586);
#4999=LINE('',#8650,#5587);
#5000=LINE('',#8652,#5588);
#5001=LINE('',#8654,#5589);
#5002=LINE('',#8656,#5590);
#5003=LINE('',#8659,#5591);
#5004=LINE('',#8660,#5592);
#5005=LINE('',#8662,#5593);
#5006=LINE('',#8664,#5594);
#5007=LINE('',#8666,#5595);
#5008=LINE('',#8668,#5596);
#5009=LINE('',#8673,#5597);
#5010=LINE('',#8677,#5598);
#5011=LINE('',#8681,#5599);
#5012=LINE('',#8684,#5600);
#5013=LINE('',#8689,#5601);
#5014=LINE('',#8693,#5602);
#5015=LINE('',#8697,#5603);
#5016=LINE('',#8700,#5604);
#5017=LINE('',#8705,#5605);
#5018=LINE('',#8709,#5606);
#5019=LINE('',#8713,#5607);
#5020=LINE('',#8716,#5608);
#5021=LINE('',#8721,#5609);
#5022=LINE('',#8725,#5610);
#5023=LINE('',#8729,#5611);
#5024=LINE('',#8732,#5612);
#5025=LINE('',#8737,#5613);
#5026=LINE('',#8741,#5614);
#5027=LINE('',#8745,#5615);
#5028=LINE('',#8748,#5616);
#5029=LINE('',#8753,#5617);
#5030=LINE('',#8757,#5618);
#5031=LINE('',#8761,#5619);
#5032=LINE('',#8764,#5620);
#5033=LINE('',#8769,#5621);
#5034=LINE('',#8773,#5622);
#5035=LINE('',#8777,#5623);
#5036=LINE('',#8780,#5624);
#5037=LINE('',#8785,#5625);
#5038=LINE('',#8789,#5626);
#5039=LINE('',#8793,#5627);
#5040=LINE('',#8796,#5628);
#5041=LINE('',#8801,#5629);
#5042=LINE('',#8805,#5630);
#5043=LINE('',#8809,#5631);
#5044=LINE('',#8812,#5632);
#5045=LINE('',#8817,#5633);
#5046=LINE('',#8821,#5634);
#5047=LINE('',#8825,#5635);
#5048=LINE('',#8828,#5636);
#5049=LINE('',#8833,#5637);
#5050=LINE('',#8837,#5638);
#5051=LINE('',#8841,#5639);
#5052=LINE('',#8844,#5640);
#5053=LINE('',#8849,#5641);
#5054=LINE('',#8853,#5642);
#5055=LINE('',#8857,#5643);
#5056=LINE('',#8860,#5644);
#5057=LINE('',#8865,#5645);
#5058=LINE('',#8869,#5646);
#5059=LINE('',#8873,#5647);
#5060=LINE('',#8876,#5648);
#5061=LINE('',#8881,#5649);
#5062=LINE('',#8885,#5650);
#5063=LINE('',#8889,#5651);
#5064=LINE('',#8892,#5652);
#5065=LINE('',#8897,#5653);
#5066=LINE('',#8901,#5654);
#5067=LINE('',#8905,#5655);
#5068=LINE('',#8908,#5656);
#5069=LINE('',#8913,#5657);
#5070=LINE('',#8917,#5658);
#5071=LINE('',#8921,#5659);
#5072=LINE('',#8924,#5660);
#5073=LINE('',#8929,#5661);
#5074=LINE('',#8933,#5662);
#5075=LINE('',#8937,#5663);
#5076=LINE('',#8940,#5664);
#5077=LINE('',#8945,#5665);
#5078=LINE('',#8949,#5666);
#5079=LINE('',#8953,#5667);
#5080=LINE('',#8956,#5668);
#5081=LINE('',#8961,#5669);
#5082=LINE('',#8965,#5670);
#5083=LINE('',#8969,#5671);
#5084=LINE('',#8972,#5672);
#5085=LINE('',#8977,#5673);
#5086=LINE('',#8981,#5674);
#5087=LINE('',#8985,#5675);
#5088=LINE('',#8988,#5676);
#5089=LINE('',#8993,#5677);
#5090=LINE('',#8997,#5678);
#5091=LINE('',#9001,#5679);
#5092=LINE('',#9004,#5680);
#5093=LINE('',#9009,#5681);
#5094=LINE('',#9013,#5682);
#5095=LINE('',#9017,#5683);
#5096=LINE('',#9020,#5684);
#5097=LINE('',#9025,#5685);
#5098=LINE('',#9029,#5686);
#5099=LINE('',#9033,#5687);
#5100=LINE('',#9036,#5688);
#5101=LINE('',#9041,#5689);
#5102=LINE('',#9045,#5690);
#5103=LINE('',#9049,#5691);
#5104=LINE('',#9052,#5692);
#5105=LINE('',#9057,#5693);
#5106=LINE('',#9061,#5694);
#5107=LINE('',#9065,#5695);
#5108=LINE('',#9068,#5696);
#5109=LINE('',#9073,#5697);
#5110=LINE('',#9077,#5698);
#5111=LINE('',#9081,#5699);
#5112=LINE('',#9084,#5700);
#5113=LINE('',#9089,#5701);
#5114=LINE('',#9093,#5702);
#5115=LINE('',#9097,#5703);
#5116=LINE('',#9100,#5704);
#5117=LINE('',#9105,#5705);
#5118=LINE('',#9109,#5706);
#5119=LINE('',#9113,#5707);
#5120=LINE('',#9116,#5708);
#5121=LINE('',#9121,#5709);
#5122=LINE('',#9125,#5710);
#5123=LINE('',#9129,#5711);
#5124=LINE('',#9132,#5712);
#5125=LINE('',#9137,#5713);
#5126=LINE('',#9141,#5714);
#5127=LINE('',#9145,#5715);
#5128=LINE('',#9148,#5716);
#5129=LINE('',#9153,#5717);
#5130=LINE('',#9157,#5718);
#5131=LINE('',#9161,#5719);
#5132=LINE('',#9164,#5720);
#5133=LINE('',#9169,#5721);
#5134=LINE('',#9173,#5722);
#5135=LINE('',#9177,#5723);
#5136=LINE('',#9180,#5724);
#5137=LINE('',#9185,#5725);
#5138=LINE('',#9189,#5726);
#5139=LINE('',#9193,#5727);
#5140=LINE('',#9196,#5728);
#5141=LINE('',#9201,#5729);
#5142=LINE('',#9205,#5730);
#5143=LINE('',#9209,#5731);
#5144=LINE('',#9212,#5732);
#5145=LINE('',#9217,#5733);
#5146=LINE('',#9221,#5734);
#5147=LINE('',#9225,#5735);
#5148=LINE('',#9237,#5736);
#5149=LINE('',#9239,#5737);
#5150=LINE('',#9241,#5738);
#5151=LINE('',#9243,#5739);
#5152=LINE('',#9246,#5740);
#5153=LINE('',#9247,#5741);
#5154=LINE('',#9249,#5742);
#5155=LINE('',#9252,#5743);
#5156=LINE('',#9253,#5744);
#5157=LINE('',#9255,#5745);
#5158=LINE('',#9258,#5746);
#5159=LINE('',#9259,#5747);
#5160=LINE('',#9270,#5748);
#5161=LINE('',#9272,#5749);
#5162=LINE('',#9274,#5750);
#5163=LINE('',#9276,#5751);
#5164=LINE('',#9279,#5752);
#5165=LINE('',#9280,#5753);
#5166=LINE('',#9282,#5754);
#5167=LINE('',#9285,#5755);
#5168=LINE('',#9286,#5756);
#5169=LINE('',#9288,#5757);
#5170=LINE('',#9291,#5758);
#5171=LINE('',#9292,#5759);
#5172=LINE('',#9299,#5760);
#5173=LINE('',#9301,#5761);
#5174=LINE('',#9303,#5762);
#5175=LINE('',#9305,#5763);
#5176=LINE('',#9308,#5764);
#5177=LINE('',#9309,#5765);
#5178=LINE('',#9311,#5766);
#5179=LINE('',#9314,#5767);
#5180=LINE('',#9315,#5768);
#5181=LINE('',#9317,#5769);
#5182=LINE('',#9320,#5770);
#5183=LINE('',#9321,#5771);
#5184=LINE('',#9328,#5772);
#5185=LINE('',#9330,#5773);
#5186=LINE('',#9332,#5774);
#5187=LINE('',#9334,#5775);
#5188=LINE('',#9337,#5776);
#5189=LINE('',#9338,#5777);
#5190=LINE('',#9340,#5778);
#5191=LINE('',#9343,#5779);
#5192=LINE('',#9344,#5780);
#5193=LINE('',#9346,#5781);
#5194=LINE('',#9349,#5782);
#5195=LINE('',#9350,#5783);
#5196=LINE('',#9357,#5784);
#5197=LINE('',#9359,#5785);
#5198=LINE('',#9361,#5786);
#5199=LINE('',#9363,#5787);
#5200=LINE('',#9366,#5788);
#5201=LINE('',#9367,#5789);
#5202=LINE('',#9369,#5790);
#5203=LINE('',#9372,#5791);
#5204=LINE('',#9373,#5792);
#5205=LINE('',#9375,#5793);
#5206=LINE('',#9378,#5794);
#5207=LINE('',#9379,#5795);
#5208=LINE('',#9386,#5796);
#5209=LINE('',#9388,#5797);
#5210=LINE('',#9390,#5798);
#5211=LINE('',#9392,#5799);
#5212=LINE('',#9395,#5800);
#5213=LINE('',#9396,#5801);
#5214=LINE('',#9398,#5802);
#5215=LINE('',#9401,#5803);
#5216=LINE('',#9402,#5804);
#5217=LINE('',#9404,#5805);
#5218=LINE('',#9407,#5806);
#5219=LINE('',#9408,#5807);
#5220=LINE('',#9415,#5808);
#5221=LINE('',#9417,#5809);
#5222=LINE('',#9419,#5810);
#5223=LINE('',#9421,#5811);
#5224=LINE('',#9424,#5812);
#5225=LINE('',#9425,#5813);
#5226=LINE('',#9427,#5814);
#5227=LINE('',#9430,#5815);
#5228=LINE('',#9431,#5816);
#5229=LINE('',#9433,#5817);
#5230=LINE('',#9436,#5818);
#5231=LINE('',#9437,#5819);
#5232=LINE('',#9444,#5820);
#5233=LINE('',#9446,#5821);
#5234=LINE('',#9448,#5822);
#5235=LINE('',#9450,#5823);
#5236=LINE('',#9453,#5824);
#5237=LINE('',#9454,#5825);
#5238=LINE('',#9456,#5826);
#5239=LINE('',#9459,#5827);
#5240=LINE('',#9460,#5828);
#5241=LINE('',#9462,#5829);
#5242=LINE('',#9465,#5830);
#5243=LINE('',#9466,#5831);
#5244=LINE('',#9473,#5832);
#5245=LINE('',#9475,#5833);
#5246=LINE('',#9477,#5834);
#5247=LINE('',#9479,#5835);
#5248=LINE('',#9482,#5836);
#5249=LINE('',#9483,#5837);
#5250=LINE('',#9485,#5838);
#5251=LINE('',#9488,#5839);
#5252=LINE('',#9489,#5840);
#5253=LINE('',#9491,#5841);
#5254=LINE('',#9494,#5842);
#5255=LINE('',#9495,#5843);
#5256=LINE('',#9502,#5844);
#5257=LINE('',#9504,#5845);
#5258=LINE('',#9506,#5846);
#5259=LINE('',#9508,#5847);
#5260=LINE('',#9511,#5848);
#5261=LINE('',#9512,#5849);
#5262=LINE('',#9514,#5850);
#5263=LINE('',#9517,#5851);
#5264=LINE('',#9518,#5852);
#5265=LINE('',#9520,#5853);
#5266=LINE('',#9523,#5854);
#5267=LINE('',#9524,#5855);
#5268=LINE('',#9531,#5856);
#5269=LINE('',#9533,#5857);
#5270=LINE('',#9535,#5858);
#5271=LINE('',#9537,#5859);
#5272=LINE('',#9540,#5860);
#5273=LINE('',#9541,#5861);
#5274=LINE('',#9543,#5862);
#5275=LINE('',#9546,#5863);
#5276=LINE('',#9547,#5864);
#5277=LINE('',#9549,#5865);
#5278=LINE('',#9552,#5866);
#5279=LINE('',#9553,#5867);
#5280=LINE('',#9560,#5868);
#5281=LINE('',#9562,#5869);
#5282=LINE('',#9564,#5870);
#5283=LINE('',#9566,#5871);
#5284=LINE('',#9569,#5872);
#5285=LINE('',#9570,#5873);
#5286=LINE('',#9572,#5874);
#5287=LINE('',#9575,#5875);
#5288=LINE('',#9576,#5876);
#5289=LINE('',#9578,#5877);
#5290=LINE('',#9581,#5878);
#5291=LINE('',#9582,#5879);
#5292=LINE('',#9589,#5880);
#5293=LINE('',#9591,#5881);
#5294=LINE('',#9593,#5882);
#5295=LINE('',#9595,#5883);
#5296=LINE('',#9598,#5884);
#5297=LINE('',#9599,#5885);
#5298=LINE('',#9601,#5886);
#5299=LINE('',#9604,#5887);
#5300=LINE('',#9605,#5888);
#5301=LINE('',#9607,#5889);
#5302=LINE('',#9610,#5890);
#5303=LINE('',#9611,#5891);
#5304=LINE('',#9618,#5892);
#5305=LINE('',#9620,#5893);
#5306=LINE('',#9622,#5894);
#5307=LINE('',#9624,#5895);
#5308=LINE('',#9627,#5896);
#5309=LINE('',#9628,#5897);
#5310=LINE('',#9630,#5898);
#5311=LINE('',#9633,#5899);
#5312=LINE('',#9634,#5900);
#5313=LINE('',#9636,#5901);
#5314=LINE('',#9639,#5902);
#5315=LINE('',#9640,#5903);
#5316=LINE('',#9647,#5904);
#5317=LINE('',#9649,#5905);
#5318=LINE('',#9651,#5906);
#5319=LINE('',#9653,#5907);
#5320=LINE('',#9656,#5908);
#5321=LINE('',#9657,#5909);
#5322=LINE('',#9659,#5910);
#5323=LINE('',#9662,#5911);
#5324=LINE('',#9663,#5912);
#5325=LINE('',#9665,#5913);
#5326=LINE('',#9668,#5914);
#5327=LINE('',#9669,#5915);
#5328=LINE('',#9676,#5916);
#5329=LINE('',#9678,#5917);
#5330=LINE('',#9680,#5918);
#5331=LINE('',#9682,#5919);
#5332=LINE('',#9685,#5920);
#5333=LINE('',#9686,#5921);
#5334=LINE('',#9688,#5922);
#5335=LINE('',#9691,#5923);
#5336=LINE('',#9692,#5924);
#5337=LINE('',#9694,#5925);
#5338=LINE('',#9697,#5926);
#5339=LINE('',#9698,#5927);
#5340=LINE('',#9705,#5928);
#5341=LINE('',#9707,#5929);
#5342=LINE('',#9709,#5930);
#5343=LINE('',#9711,#5931);
#5344=LINE('',#9714,#5932);
#5345=LINE('',#9715,#5933);
#5346=LINE('',#9717,#5934);
#5347=LINE('',#9720,#5935);
#5348=LINE('',#9721,#5936);
#5349=LINE('',#9723,#5937);
#5350=LINE('',#9726,#5938);
#5351=LINE('',#9727,#5939);
#5352=LINE('',#9734,#5940);
#5353=LINE('',#9736,#5941);
#5354=LINE('',#9738,#5942);
#5355=LINE('',#9740,#5943);
#5356=LINE('',#9743,#5944);
#5357=LINE('',#9744,#5945);
#5358=LINE('',#9746,#5946);
#5359=LINE('',#9749,#5947);
#5360=LINE('',#9750,#5948);
#5361=LINE('',#9752,#5949);
#5362=LINE('',#9755,#5950);
#5363=LINE('',#9756,#5951);
#5364=LINE('',#9763,#5952);
#5365=LINE('',#9765,#5953);
#5366=LINE('',#9767,#5954);
#5367=LINE('',#9769,#5955);
#5368=LINE('',#9772,#5956);
#5369=LINE('',#9773,#5957);
#5370=LINE('',#9775,#5958);
#5371=LINE('',#9778,#5959);
#5372=LINE('',#9779,#5960);
#5373=LINE('',#9781,#5961);
#5374=LINE('',#9784,#5962);
#5375=LINE('',#9785,#5963);
#5376=LINE('',#9792,#5964);
#5377=LINE('',#9794,#5965);
#5378=LINE('',#9796,#5966);
#5379=LINE('',#9798,#5967);
#5380=LINE('',#9801,#5968);
#5381=LINE('',#9802,#5969);
#5382=LINE('',#9804,#5970);
#5383=LINE('',#9807,#5971);
#5384=LINE('',#9808,#5972);
#5385=LINE('',#9810,#5973);
#5386=LINE('',#9813,#5974);
#5387=LINE('',#9814,#5975);
#5388=LINE('',#9821,#5976);
#5389=LINE('',#9823,#5977);
#5390=LINE('',#9825,#5978);
#5391=LINE('',#9827,#5979);
#5392=LINE('',#9830,#5980);
#5393=LINE('',#9831,#5981);
#5394=LINE('',#9833,#5982);
#5395=LINE('',#9836,#5983);
#5396=LINE('',#9837,#5984);
#5397=LINE('',#9839,#5985);
#5398=LINE('',#9842,#5986);
#5399=LINE('',#9843,#5987);
#5400=LINE('',#9850,#5988);
#5401=LINE('',#9852,#5989);
#5402=LINE('',#9854,#5990);
#5403=LINE('',#9856,#5991);
#5404=LINE('',#9859,#5992);
#5405=LINE('',#9860,#5993);
#5406=LINE('',#9862,#5994);
#5407=LINE('',#9865,#5995);
#5408=LINE('',#9866,#5996);
#5409=LINE('',#9868,#5997);
#5410=LINE('',#9871,#5998);
#5411=LINE('',#9872,#5999);
#5412=LINE('',#9879,#6000);
#5413=LINE('',#9881,#6001);
#5414=LINE('',#9883,#6002);
#5415=LINE('',#9885,#6003);
#5416=LINE('',#9888,#6004);
#5417=LINE('',#9889,#6005);
#5418=LINE('',#9891,#6006);
#5419=LINE('',#9894,#6007);
#5420=LINE('',#9895,#6008);
#5421=LINE('',#9897,#6009);
#5422=LINE('',#9900,#6010);
#5423=LINE('',#9901,#6011);
#5424=LINE('',#9908,#6012);
#5425=LINE('',#9910,#6013);
#5426=LINE('',#9912,#6014);
#5427=LINE('',#9914,#6015);
#5428=LINE('',#9917,#6016);
#5429=LINE('',#9918,#6017);
#5430=LINE('',#9920,#6018);
#5431=LINE('',#9923,#6019);
#5432=LINE('',#9924,#6020);
#5433=LINE('',#9926,#6021);
#5434=LINE('',#9929,#6022);
#5435=LINE('',#9930,#6023);
#5436=LINE('',#9937,#6024);
#5437=LINE('',#9939,#6025);
#5438=LINE('',#9941,#6026);
#5439=LINE('',#9943,#6027);
#5440=LINE('',#9946,#6028);
#5441=LINE('',#9947,#6029);
#5442=LINE('',#9949,#6030);
#5443=LINE('',#9952,#6031);
#5444=LINE('',#9953,#6032);
#5445=LINE('',#9955,#6033);
#5446=LINE('',#9958,#6034);
#5447=LINE('',#9959,#6035);
#5448=LINE('',#9966,#6036);
#5449=LINE('',#9968,#6037);
#5450=LINE('',#9970,#6038);
#5451=LINE('',#9972,#6039);
#5452=LINE('',#9975,#6040);
#5453=LINE('',#9976,#6041);
#5454=LINE('',#9978,#6042);
#5455=LINE('',#9981,#6043);
#5456=LINE('',#9982,#6044);
#5457=LINE('',#9984,#6045);
#5458=LINE('',#9987,#6046);
#5459=LINE('',#9988,#6047);
#5460=LINE('',#9995,#6048);
#5461=LINE('',#9997,#6049);
#5462=LINE('',#9999,#6050);
#5463=LINE('',#10001,#6051);
#5464=LINE('',#10004,#6052);
#5465=LINE('',#10005,#6053);
#5466=LINE('',#10007,#6054);
#5467=LINE('',#10010,#6055);
#5468=LINE('',#10011,#6056);
#5469=LINE('',#10013,#6057);
#5470=LINE('',#10016,#6058);
#5471=LINE('',#10017,#6059);
#5472=LINE('',#10024,#6060);
#5473=LINE('',#10026,#6061);
#5474=LINE('',#10028,#6062);
#5475=LINE('',#10030,#6063);
#5476=LINE('',#10033,#6064);
#5477=LINE('',#10034,#6065);
#5478=LINE('',#10036,#6066);
#5479=LINE('',#10039,#6067);
#5480=LINE('',#10040,#6068);
#5481=LINE('',#10042,#6069);
#5482=LINE('',#10045,#6070);
#5483=LINE('',#10046,#6071);
#5484=LINE('',#10053,#6072);
#5485=LINE('',#10055,#6073);
#5486=LINE('',#10057,#6074);
#5487=LINE('',#10059,#6075);
#5488=LINE('',#10062,#6076);
#5489=LINE('',#10063,#6077);
#5490=LINE('',#10065,#6078);
#5491=LINE('',#10068,#6079);
#5492=LINE('',#10069,#6080);
#5493=LINE('',#10071,#6081);
#5494=LINE('',#10074,#6082);
#5495=LINE('',#10075,#6083);
#5496=LINE('',#10082,#6084);
#5497=LINE('',#10084,#6085);
#5498=LINE('',#10086,#6086);
#5499=LINE('',#10088,#6087);
#5500=LINE('',#10091,#6088);
#5501=LINE('',#10092,#6089);
#5502=LINE('',#10094,#6090);
#5503=LINE('',#10097,#6091);
#5504=LINE('',#10098,#6092);
#5505=LINE('',#10100,#6093);
#5506=LINE('',#10103,#6094);
#5507=LINE('',#10104,#6095);
#5508=LINE('',#10111,#6096);
#5509=LINE('',#10113,#6097);
#5510=LINE('',#10115,#6098);
#5511=LINE('',#10117,#6099);
#5512=LINE('',#10120,#6100);
#5513=LINE('',#10121,#6101);
#5514=LINE('',#10123,#6102);
#5515=LINE('',#10126,#6103);
#5516=LINE('',#10127,#6104);
#5517=LINE('',#10129,#6105);
#5518=LINE('',#10132,#6106);
#5519=LINE('',#10133,#6107);
#5520=LINE('',#10140,#6108);
#5521=LINE('',#10142,#6109);
#5522=LINE('',#10144,#6110);
#5523=LINE('',#10146,#6111);
#5524=LINE('',#10149,#6112);
#5525=LINE('',#10150,#6113);
#5526=LINE('',#10152,#6114);
#5527=LINE('',#10155,#6115);
#5528=LINE('',#10156,#6116);
#5529=LINE('',#10158,#6117);
#5530=LINE('',#10161,#6118);
#5531=LINE('',#10162,#6119);
#5532=LINE('',#10169,#6120);
#5533=LINE('',#10171,#6121);
#5534=LINE('',#10173,#6122);
#5535=LINE('',#10175,#6123);
#5536=LINE('',#10178,#6124);
#5537=LINE('',#10179,#6125);
#5538=LINE('',#10181,#6126);
#5539=LINE('',#10184,#6127);
#5540=LINE('',#10185,#6128);
#5541=LINE('',#10187,#6129);
#5542=LINE('',#10190,#6130);
#5543=LINE('',#10191,#6131);
#5544=LINE('',#10198,#6132);
#5545=LINE('',#10200,#6133);
#5546=LINE('',#10202,#6134);
#5547=LINE('',#10204,#6135);
#5548=LINE('',#10207,#6136);
#5549=LINE('',#10208,#6137);
#5550=LINE('',#10210,#6138);
#5551=LINE('',#10213,#6139);
#5552=LINE('',#10214,#6140);
#5553=LINE('',#10216,#6141);
#5554=LINE('',#10219,#6142);
#5555=LINE('',#10220,#6143);
#5556=LINE('',#10227,#6144);
#5557=LINE('',#10229,#6145);
#5558=LINE('',#10231,#6146);
#5559=LINE('',#10233,#6147);
#5560=LINE('',#10236,#6148);
#5561=LINE('',#10237,#6149);
#5562=LINE('',#10239,#6150);
#5563=LINE('',#10242,#6151);
#5564=LINE('',#10243,#6152);
#5565=LINE('',#10245,#6153);
#5566=LINE('',#10248,#6154);
#5567=LINE('',#10249,#6155);
#5568=VECTOR('',#6777,1.);
#5569=VECTOR('',#6778,1.);
#5570=VECTOR('',#6779,1.);
#5571=VECTOR('',#6780,1.);
#5572=VECTOR('',#6783,1.);
#5573=VECTOR('',#6784,1.);
#5574=VECTOR('',#6785,1.);
#5575=VECTOR('',#6788,1.);
#5576=VECTOR('',#6789,1.);
#5577=VECTOR('',#6790,1.);
#5578=VECTOR('',#6793,1.);
#5579=VECTOR('',#6794,1.);
#5580=VECTOR('',#6799,1.);
#5581=VECTOR('',#6802,1.);
#5582=VECTOR('',#6805,1.);
#5583=VECTOR('',#6808,1.);
#5584=VECTOR('',#6813,1.);
#5585=VECTOR('',#6814,1.);
#5586=VECTOR('',#6815,1.);
#5587=VECTOR('',#6818,1.);
#5588=VECTOR('',#6819,1.);
#5589=VECTOR('',#6820,1.);
#5590=VECTOR('',#6823,1.);
#5591=VECTOR('',#6824,1.);
#5592=VECTOR('',#6825,1.);
#5593=VECTOR('',#6828,1.);
#5594=VECTOR('',#6829,1.);
#5595=VECTOR('',#6830,1.);
#5596=VECTOR('',#6833,1.);
#5597=VECTOR('',#6836,1.);
#5598=VECTOR('',#6839,1.);
#5599=VECTOR('',#6842,1.);
#5600=VECTOR('',#6845,1.);
#5601=VECTOR('',#6848,1.);
#5602=VECTOR('',#6851,1.);
#5603=VECTOR('',#6854,1.);
#5604=VECTOR('',#6857,1.);
#5605=VECTOR('',#6860,1.);
#5606=VECTOR('',#6863,1.);
#5607=VECTOR('',#6866,1.);
#5608=VECTOR('',#6869,1.);
#5609=VECTOR('',#6872,1.);
#5610=VECTOR('',#6875,1.);
#5611=VECTOR('',#6878,1.);
#5612=VECTOR('',#6881,1.);
#5613=VECTOR('',#6884,1.);
#5614=VECTOR('',#6887,1.);
#5615=VECTOR('',#6890,1.);
#5616=VECTOR('',#6893,1.);
#5617=VECTOR('',#6896,1.);
#5618=VECTOR('',#6899,1.);
#5619=VECTOR('',#6902,1.);
#5620=VECTOR('',#6905,1.);
#5621=VECTOR('',#6908,1.);
#5622=VECTOR('',#6911,1.);
#5623=VECTOR('',#6914,1.);
#5624=VECTOR('',#6917,1.);
#5625=VECTOR('',#6920,1.);
#5626=VECTOR('',#6923,1.);
#5627=VECTOR('',#6926,1.);
#5628=VECTOR('',#6929,1.);
#5629=VECTOR('',#6932,1.);
#5630=VECTOR('',#6935,1.);
#5631=VECTOR('',#6938,1.);
#5632=VECTOR('',#6941,1.);
#5633=VECTOR('',#6944,1.);
#5634=VECTOR('',#6947,1.);
#5635=VECTOR('',#6950,1.);
#5636=VECTOR('',#6953,1.);
#5637=VECTOR('',#6956,1.);
#5638=VECTOR('',#6959,1.);
#5639=VECTOR('',#6962,1.);
#5640=VECTOR('',#6965,1.);
#5641=VECTOR('',#6968,1.);
#5642=VECTOR('',#6971,1.);
#5643=VECTOR('',#6974,1.);
#5644=VECTOR('',#6977,1.);
#5645=VECTOR('',#6980,1.);
#5646=VECTOR('',#6983,1.);
#5647=VECTOR('',#6986,1.);
#5648=VECTOR('',#6989,1.);
#5649=VECTOR('',#6992,1.);
#5650=VECTOR('',#6995,1.);
#5651=VECTOR('',#6998,1.);
#5652=VECTOR('',#7001,1.);
#5653=VECTOR('',#7004,1.);
#5654=VECTOR('',#7007,1.);
#5655=VECTOR('',#7010,1.);
#5656=VECTOR('',#7013,1.);
#5657=VECTOR('',#7016,1.);
#5658=VECTOR('',#7019,1.);
#5659=VECTOR('',#7022,1.);
#5660=VECTOR('',#7025,1.);
#5661=VECTOR('',#7028,1.);
#5662=VECTOR('',#7031,1.);
#5663=VECTOR('',#7034,1.);
#5664=VECTOR('',#7037,1.);
#5665=VECTOR('',#7040,1.);
#5666=VECTOR('',#7043,1.);
#5667=VECTOR('',#7046,1.);
#5668=VECTOR('',#7049,1.);
#5669=VECTOR('',#7052,1.);
#5670=VECTOR('',#7055,1.);
#5671=VECTOR('',#7058,1.);
#5672=VECTOR('',#7061,1.);
#5673=VECTOR('',#7064,1.);
#5674=VECTOR('',#7067,1.);
#5675=VECTOR('',#7070,1.);
#5676=VECTOR('',#7073,1.);
#5677=VECTOR('',#7076,1.);
#5678=VECTOR('',#7079,1.);
#5679=VECTOR('',#7082,1.);
#5680=VECTOR('',#7085,1.);
#5681=VECTOR('',#7088,1.);
#5682=VECTOR('',#7091,1.);
#5683=VECTOR('',#7094,1.);
#5684=VECTOR('',#7097,1.);
#5685=VECTOR('',#7100,1.);
#5686=VECTOR('',#7103,1.);
#5687=VECTOR('',#7106,1.);
#5688=VECTOR('',#7109,1.);
#5689=VECTOR('',#7112,1.);
#5690=VECTOR('',#7115,1.);
#5691=VECTOR('',#7118,1.);
#5692=VECTOR('',#7121,1.);
#5693=VECTOR('',#7124,1.);
#5694=VECTOR('',#7127,1.);
#5695=VECTOR('',#7130,1.);
#5696=VECTOR('',#7133,1.);
#5697=VECTOR('',#7136,1.);
#5698=VECTOR('',#7139,1.);
#5699=VECTOR('',#7142,1.);
#5700=VECTOR('',#7145,1.);
#5701=VECTOR('',#7148,1.);
#5702=VECTOR('',#7151,1.);
#5703=VECTOR('',#7154,1.);
#5704=VECTOR('',#7157,1.);
#5705=VECTOR('',#7160,1.);
#5706=VECTOR('',#7163,1.);
#5707=VECTOR('',#7166,1.);
#5708=VECTOR('',#7169,1.);
#5709=VECTOR('',#7172,1.);
#5710=VECTOR('',#7175,1.);
#5711=VECTOR('',#7178,1.);
#5712=VECTOR('',#7181,1.);
#5713=VECTOR('',#7184,1.);
#5714=VECTOR('',#7187,1.);
#5715=VECTOR('',#7190,1.);
#5716=VECTOR('',#7193,1.);
#5717=VECTOR('',#7196,1.);
#5718=VECTOR('',#7199,1.);
#5719=VECTOR('',#7202,1.);
#5720=VECTOR('',#7205,1.);
#5721=VECTOR('',#7208,1.);
#5722=VECTOR('',#7211,1.);
#5723=VECTOR('',#7214,1.);
#5724=VECTOR('',#7217,1.);
#5725=VECTOR('',#7220,1.);
#5726=VECTOR('',#7223,1.);
#5727=VECTOR('',#7226,1.);
#5728=VECTOR('',#7229,1.);
#5729=VECTOR('',#7232,1.);
#5730=VECTOR('',#7235,1.);
#5731=VECTOR('',#7238,1.);
#5732=VECTOR('',#7241,1.);
#5733=VECTOR('',#7244,1.);
#5734=VECTOR('',#7247,1.);
#5735=VECTOR('',#7250,1.);
#5736=VECTOR('',#7271,1.);
#5737=VECTOR('',#7272,1.);
#5738=VECTOR('',#7273,1.);
#5739=VECTOR('',#7276,1.);
#5740=VECTOR('',#7277,1.);
#5741=VECTOR('',#7278,1.);
#5742=VECTOR('',#7281,1.);
#5743=VECTOR('',#7282,1.);
#5744=VECTOR('',#7283,1.);
#5745=VECTOR('',#7286,1.);
#5746=VECTOR('',#7287,1.);
#5747=VECTOR('',#7288,1.);
#5748=VECTOR('',#7309,1.);
#5749=VECTOR('',#7310,1.);
#5750=VECTOR('',#7311,1.);
#5751=VECTOR('',#7314,1.);
#5752=VECTOR('',#7315,1.);
#5753=VECTOR('',#7316,1.);
#5754=VECTOR('',#7319,1.);
#5755=VECTOR('',#7320,1.);
#5756=VECTOR('',#7321,1.);
#5757=VECTOR('',#7324,1.);
#5758=VECTOR('',#7325,1.);
#5759=VECTOR('',#7326,1.);
#5760=VECTOR('',#7339,1.);
#5761=VECTOR('',#7340,1.);
#5762=VECTOR('',#7341,1.);
#5763=VECTOR('',#7344,1.);
#5764=VECTOR('',#7345,1.);
#5765=VECTOR('',#7346,1.);
#5766=VECTOR('',#7349,1.);
#5767=VECTOR('',#7350,1.);
#5768=VECTOR('',#7351,1.);
#5769=VECTOR('',#7354,1.);
#5770=VECTOR('',#7355,1.);
#5771=VECTOR('',#7356,1.);
#5772=VECTOR('',#7369,1.);
#5773=VECTOR('',#7370,1.);
#5774=VECTOR('',#7371,1.);
#5775=VECTOR('',#7374,1.);
#5776=VECTOR('',#7375,1.);
#5777=VECTOR('',#7376,1.);
#5778=VECTOR('',#7379,1.);
#5779=VECTOR('',#7380,1.);
#5780=VECTOR('',#7381,1.);
#5781=VECTOR('',#7384,1.);
#5782=VECTOR('',#7385,1.);
#5783=VECTOR('',#7386,1.);
#5784=VECTOR('',#7399,1.);
#5785=VECTOR('',#7400,1.);
#5786=VECTOR('',#7401,1.);
#5787=VECTOR('',#7404,1.);
#5788=VECTOR('',#7405,1.);
#5789=VECTOR('',#7406,1.);
#5790=VECTOR('',#7409,1.);
#5791=VECTOR('',#7410,1.);
#5792=VECTOR('',#7411,1.);
#5793=VECTOR('',#7414,1.);
#5794=VECTOR('',#7415,1.);
#5795=VECTOR('',#7416,1.);
#5796=VECTOR('',#7429,1.);
#5797=VECTOR('',#7430,1.);
#5798=VECTOR('',#7431,1.);
#5799=VECTOR('',#7434,1.);
#5800=VECTOR('',#7435,1.);
#5801=VECTOR('',#7436,1.);
#5802=VECTOR('',#7439,1.);
#5803=VECTOR('',#7440,1.);
#5804=VECTOR('',#7441,1.);
#5805=VECTOR('',#7444,1.);
#5806=VECTOR('',#7445,1.);
#5807=VECTOR('',#7446,1.);
#5808=VECTOR('',#7459,1.);
#5809=VECTOR('',#7460,1.);
#5810=VECTOR('',#7461,1.);
#5811=VECTOR('',#7464,1.);
#5812=VECTOR('',#7465,1.);
#5813=VECTOR('',#7466,1.);
#5814=VECTOR('',#7469,1.);
#5815=VECTOR('',#7470,1.);
#5816=VECTOR('',#7471,1.);
#5817=VECTOR('',#7474,1.);
#5818=VECTOR('',#7475,1.);
#5819=VECTOR('',#7476,1.);
#5820=VECTOR('',#7489,1.);
#5821=VECTOR('',#7490,1.);
#5822=VECTOR('',#7491,1.);
#5823=VECTOR('',#7494,1.);
#5824=VECTOR('',#7495,1.);
#5825=VECTOR('',#7496,1.);
#5826=VECTOR('',#7499,1.);
#5827=VECTOR('',#7500,1.);
#5828=VECTOR('',#7501,1.);
#5829=VECTOR('',#7504,1.);
#5830=VECTOR('',#7505,1.);
#5831=VECTOR('',#7506,1.);
#5832=VECTOR('',#7519,1.);
#5833=VECTOR('',#7520,1.);
#5834=VECTOR('',#7521,1.);
#5835=VECTOR('',#7524,1.);
#5836=VECTOR('',#7525,1.);
#5837=VECTOR('',#7526,1.);
#5838=VECTOR('',#7529,1.);
#5839=VECTOR('',#7530,1.);
#5840=VECTOR('',#7531,1.);
#5841=VECTOR('',#7534,1.);
#5842=VECTOR('',#7535,1.);
#5843=VECTOR('',#7536,1.);
#5844=VECTOR('',#7549,1.);
#5845=VECTOR('',#7550,1.);
#5846=VECTOR('',#7551,1.);
#5847=VECTOR('',#7554,1.);
#5848=VECTOR('',#7555,1.);
#5849=VECTOR('',#7556,1.);
#5850=VECTOR('',#7559,1.);
#5851=VECTOR('',#7560,1.);
#5852=VECTOR('',#7561,1.);
#5853=VECTOR('',#7564,1.);
#5854=VECTOR('',#7565,1.);
#5855=VECTOR('',#7566,1.);
#5856=VECTOR('',#7579,1.);
#5857=VECTOR('',#7580,1.);
#5858=VECTOR('',#7581,1.);
#5859=VECTOR('',#7584,1.);
#5860=VECTOR('',#7585,1.);
#5861=VECTOR('',#7586,1.);
#5862=VECTOR('',#7589,1.);
#5863=VECTOR('',#7590,1.);
#5864=VECTOR('',#7591,1.);
#5865=VECTOR('',#7594,1.);
#5866=VECTOR('',#7595,1.);
#5867=VECTOR('',#7596,1.);
#5868=VECTOR('',#7609,1.);
#5869=VECTOR('',#7610,1.);
#5870=VECTOR('',#7611,1.);
#5871=VECTOR('',#7614,1.);
#5872=VECTOR('',#7615,1.);
#5873=VECTOR('',#7616,1.);
#5874=VECTOR('',#7619,1.);
#5875=VECTOR('',#7620,1.);
#5876=VECTOR('',#7621,1.);
#5877=VECTOR('',#7624,1.);
#5878=VECTOR('',#7625,1.);
#5879=VECTOR('',#7626,1.);
#5880=VECTOR('',#7639,1.);
#5881=VECTOR('',#7640,1.);
#5882=VECTOR('',#7641,1.);
#5883=VECTOR('',#7644,1.);
#5884=VECTOR('',#7645,1.);
#5885=VECTOR('',#7646,1.);
#5886=VECTOR('',#7649,1.);
#5887=VECTOR('',#7650,1.);
#5888=VECTOR('',#7651,1.);
#5889=VECTOR('',#7654,1.);
#5890=VECTOR('',#7655,1.);
#5891=VECTOR('',#7656,1.);
#5892=VECTOR('',#7669,1.);
#5893=VECTOR('',#7670,1.);
#5894=VECTOR('',#7671,1.);
#5895=VECTOR('',#7674,1.);
#5896=VECTOR('',#7675,1.);
#5897=VECTOR('',#7676,1.);
#5898=VECTOR('',#7679,1.);
#5899=VECTOR('',#7680,1.);
#5900=VECTOR('',#7681,1.);
#5901=VECTOR('',#7684,1.);
#5902=VECTOR('',#7685,1.);
#5903=VECTOR('',#7686,1.);
#5904=VECTOR('',#7699,1.);
#5905=VECTOR('',#7700,1.);
#5906=VECTOR('',#7701,1.);
#5907=VECTOR('',#7704,1.);
#5908=VECTOR('',#7705,1.);
#5909=VECTOR('',#7706,1.);
#5910=VECTOR('',#7709,1.);
#5911=VECTOR('',#7710,1.);
#5912=VECTOR('',#7711,1.);
#5913=VECTOR('',#7714,1.);
#5914=VECTOR('',#7715,1.);
#5915=VECTOR('',#7716,1.);
#5916=VECTOR('',#7729,1.);
#5917=VECTOR('',#7730,1.);
#5918=VECTOR('',#7731,1.);
#5919=VECTOR('',#7734,1.);
#5920=VECTOR('',#7735,1.);
#5921=VECTOR('',#7736,1.);
#5922=VECTOR('',#7739,1.);
#5923=VECTOR('',#7740,1.);
#5924=VECTOR('',#7741,1.);
#5925=VECTOR('',#7744,1.);
#5926=VECTOR('',#7745,1.);
#5927=VECTOR('',#7746,1.);
#5928=VECTOR('',#7759,1.);
#5929=VECTOR('',#7760,1.);
#5930=VECTOR('',#7761,1.);
#5931=VECTOR('',#7764,1.);
#5932=VECTOR('',#7765,1.);
#5933=VECTOR('',#7766,1.);
#5934=VECTOR('',#7769,1.);
#5935=VECTOR('',#7770,1.);
#5936=VECTOR('',#7771,1.);
#5937=VECTOR('',#7774,1.);
#5938=VECTOR('',#7775,1.);
#5939=VECTOR('',#7776,1.);
#5940=VECTOR('',#7789,1.);
#5941=VECTOR('',#7790,1.);
#5942=VECTOR('',#7791,1.);
#5943=VECTOR('',#7794,1.);
#5944=VECTOR('',#7795,1.);
#5945=VECTOR('',#7796,1.);
#5946=VECTOR('',#7799,1.);
#5947=VECTOR('',#7800,1.);
#5948=VECTOR('',#7801,1.);
#5949=VECTOR('',#7804,1.);
#5950=VECTOR('',#7805,1.);
#5951=VECTOR('',#7806,1.);
#5952=VECTOR('',#7819,1.);
#5953=VECTOR('',#7820,1.);
#5954=VECTOR('',#7821,1.);
#5955=VECTOR('',#7824,1.);
#5956=VECTOR('',#7825,1.);
#5957=VECTOR('',#7826,1.);
#5958=VECTOR('',#7829,1.);
#5959=VECTOR('',#7830,1.);
#5960=VECTOR('',#7831,1.);
#5961=VECTOR('',#7834,1.);
#5962=VECTOR('',#7835,1.);
#5963=VECTOR('',#7836,1.);
#5964=VECTOR('',#7849,1.);
#5965=VECTOR('',#7850,1.);
#5966=VECTOR('',#7851,1.);
#5967=VECTOR('',#7854,1.);
#5968=VECTOR('',#7855,1.);
#5969=VECTOR('',#7856,1.);
#5970=VECTOR('',#7859,1.);
#5971=VECTOR('',#7860,1.);
#5972=VECTOR('',#7861,1.);
#5973=VECTOR('',#7864,1.);
#5974=VECTOR('',#7865,1.);
#5975=VECTOR('',#7866,1.);
#5976=VECTOR('',#7879,1.);
#5977=VECTOR('',#7880,1.);
#5978=VECTOR('',#7881,1.);
#5979=VECTOR('',#7884,1.);
#5980=VECTOR('',#7885,1.);
#5981=VECTOR('',#7886,1.);
#5982=VECTOR('',#7889,1.);
#5983=VECTOR('',#7890,1.);
#5984=VECTOR('',#7891,1.);
#5985=VECTOR('',#7894,1.);
#5986=VECTOR('',#7895,1.);
#5987=VECTOR('',#7896,1.);
#5988=VECTOR('',#7909,1.);
#5989=VECTOR('',#7910,1.);
#5990=VECTOR('',#7911,1.);
#5991=VECTOR('',#7914,1.);
#5992=VECTOR('',#7915,1.);
#5993=VECTOR('',#7916,1.);
#5994=VECTOR('',#7919,1.);
#5995=VECTOR('',#7920,1.);
#5996=VECTOR('',#7921,1.);
#5997=VECTOR('',#7924,1.);
#5998=VECTOR('',#7925,1.);
#5999=VECTOR('',#7926,1.);
#6000=VECTOR('',#7939,1.);
#6001=VECTOR('',#7940,1.);
#6002=VECTOR('',#7941,1.);
#6003=VECTOR('',#7944,1.);
#6004=VECTOR('',#7945,1.);
#6005=VECTOR('',#7946,1.);
#6006=VECTOR('',#7949,1.);
#6007=VECTOR('',#7950,1.);
#6008=VECTOR('',#7951,1.);
#6009=VECTOR('',#7954,1.);
#6010=VECTOR('',#7955,1.);
#6011=VECTOR('',#7956,1.);
#6012=VECTOR('',#7969,1.);
#6013=VECTOR('',#7970,1.);
#6014=VECTOR('',#7971,1.);
#6015=VECTOR('',#7974,1.);
#6016=VECTOR('',#7975,1.);
#6017=VECTOR('',#7976,1.);
#6018=VECTOR('',#7979,1.);
#6019=VECTOR('',#7980,1.);
#6020=VECTOR('',#7981,1.);
#6021=VECTOR('',#7984,1.);
#6022=VECTOR('',#7985,1.);
#6023=VECTOR('',#7986,1.);
#6024=VECTOR('',#7999,1.);
#6025=VECTOR('',#8000,1.);
#6026=VECTOR('',#8001,1.);
#6027=VECTOR('',#8004,1.);
#6028=VECTOR('',#8005,1.);
#6029=VECTOR('',#8006,1.);
#6030=VECTOR('',#8009,1.);
#6031=VECTOR('',#8010,1.);
#6032=VECTOR('',#8011,1.);
#6033=VECTOR('',#8014,1.);
#6034=VECTOR('',#8015,1.);
#6035=VECTOR('',#8016,1.);
#6036=VECTOR('',#8029,1.);
#6037=VECTOR('',#8030,1.);
#6038=VECTOR('',#8031,1.);
#6039=VECTOR('',#8034,1.);
#6040=VECTOR('',#8035,1.);
#6041=VECTOR('',#8036,1.);
#6042=VECTOR('',#8039,1.);
#6043=VECTOR('',#8040,1.);
#6044=VECTOR('',#8041,1.);
#6045=VECTOR('',#8044,1.);
#6046=VECTOR('',#8045,1.);
#6047=VECTOR('',#8046,1.);
#6048=VECTOR('',#8059,1.);
#6049=VECTOR('',#8060,1.);
#6050=VECTOR('',#8061,1.);
#6051=VECTOR('',#8064,1.);
#6052=VECTOR('',#8065,1.);
#6053=VECTOR('',#8066,1.);
#6054=VECTOR('',#8069,1.);
#6055=VECTOR('',#8070,1.);
#6056=VECTOR('',#8071,1.);
#6057=VECTOR('',#8074,1.);
#6058=VECTOR('',#8075,1.);
#6059=VECTOR('',#8076,1.);
#6060=VECTOR('',#8089,1.);
#6061=VECTOR('',#8090,1.);
#6062=VECTOR('',#8091,1.);
#6063=VECTOR('',#8094,1.);
#6064=VECTOR('',#8095,1.);
#6065=VECTOR('',#8096,1.);
#6066=VECTOR('',#8099,1.);
#6067=VECTOR('',#8100,1.);
#6068=VECTOR('',#8101,1.);
#6069=VECTOR('',#8104,1.);
#6070=VECTOR('',#8105,1.);
#6071=VECTOR('',#8106,1.);
#6072=VECTOR('',#8119,1.);
#6073=VECTOR('',#8120,1.);
#6074=VECTOR('',#8121,1.);
#6075=VECTOR('',#8124,1.);
#6076=VECTOR('',#8125,1.);
#6077=VECTOR('',#8126,1.);
#6078=VECTOR('',#8129,1.);
#6079=VECTOR('',#8130,1.);
#6080=VECTOR('',#8131,1.);
#6081=VECTOR('',#8134,1.);
#6082=VECTOR('',#8135,1.);
#6083=VECTOR('',#8136,1.);
#6084=VECTOR('',#8149,1.);
#6085=VECTOR('',#8150,1.);
#6086=VECTOR('',#8151,1.);
#6087=VECTOR('',#8154,1.);
#6088=VECTOR('',#8155,1.);
#6089=VECTOR('',#8156,1.);
#6090=VECTOR('',#8159,1.);
#6091=VECTOR('',#8160,1.);
#6092=VECTOR('',#8161,1.);
#6093=VECTOR('',#8164,1.);
#6094=VECTOR('',#8165,1.);
#6095=VECTOR('',#8166,1.);
#6096=VECTOR('',#8179,1.);
#6097=VECTOR('',#8180,1.);
#6098=VECTOR('',#8181,1.);
#6099=VECTOR('',#8184,1.);
#6100=VECTOR('',#8185,1.);
#6101=VECTOR('',#8186,1.);
#6102=VECTOR('',#8189,1.);
#6103=VECTOR('',#8190,1.);
#6104=VECTOR('',#8191,1.);
#6105=VECTOR('',#8194,1.);
#6106=VECTOR('',#8195,1.);
#6107=VECTOR('',#8196,1.);
#6108=VECTOR('',#8209,1.);
#6109=VECTOR('',#8210,1.);
#6110=VECTOR('',#8211,1.);
#6111=VECTOR('',#8214,1.);
#6112=VECTOR('',#8215,1.);
#6113=VECTOR('',#8216,1.);
#6114=VECTOR('',#8219,1.);
#6115=VECTOR('',#8220,1.);
#6116=VECTOR('',#8221,1.);
#6117=VECTOR('',#8224,1.);
#6118=VECTOR('',#8225,1.);
#6119=VECTOR('',#8226,1.);
#6120=VECTOR('',#8239,1.);
#6121=VECTOR('',#8240,1.);
#6122=VECTOR('',#8241,1.);
#6123=VECTOR('',#8244,1.);
#6124=VECTOR('',#8245,1.);
#6125=VECTOR('',#8246,1.);
#6126=VECTOR('',#8249,1.);
#6127=VECTOR('',#8250,1.);
#6128=VECTOR('',#8251,1.);
#6129=VECTOR('',#8254,1.);
#6130=VECTOR('',#8255,1.);
#6131=VECTOR('',#8256,1.);
#6132=VECTOR('',#8269,1.);
#6133=VECTOR('',#8270,1.);
#6134=VECTOR('',#8271,1.);
#6135=VECTOR('',#8274,1.);
#6136=VECTOR('',#8275,1.);
#6137=VECTOR('',#8276,1.);
#6138=VECTOR('',#8279,1.);
#6139=VECTOR('',#8280,1.);
#6140=VECTOR('',#8281,1.);
#6141=VECTOR('',#8284,1.);
#6142=VECTOR('',#8285,1.);
#6143=VECTOR('',#8286,1.);
#6144=VECTOR('',#8299,1.);
#6145=VECTOR('',#8300,1.);
#6146=VECTOR('',#8301,1.);
#6147=VECTOR('',#8304,1.);
#6148=VECTOR('',#8305,1.);
#6149=VECTOR('',#8306,1.);
#6150=VECTOR('',#8309,1.);
#6151=VECTOR('',#8310,1.);
#6152=VECTOR('',#8311,1.);
#6153=VECTOR('',#8314,1.);
#6154=VECTOR('',#8315,1.);
#6155=VECTOR('',#8316,1.);
#6156=AXIS2_PLACEMENT_3D('',#8601,#6775,#6776);
#6157=AXIS2_PLACEMENT_3D('',#8610,#6781,#6782);
#6158=AXIS2_PLACEMENT_3D('',#8616,#6786,#6787);
#6159=AXIS2_PLACEMENT_3D('',#8622,#6791,#6792);
#6160=AXIS2_PLACEMENT_3D('',#8625,#6795,#6796);
#6161=AXIS2_PLACEMENT_3D('',#8626,#6797,#6798);
#6162=AXIS2_PLACEMENT_3D('',#8630,#6800,#6801);
#6163=AXIS2_PLACEMENT_3D('',#8634,#6803,#6804);
#6164=AXIS2_PLACEMENT_3D('',#8638,#6806,#6807);
#6165=AXIS2_PLACEMENT_3D('',#8642,#6809,#6810);
#6166=AXIS2_PLACEMENT_3D('',#8643,#6811,#6812);
#6167=AXIS2_PLACEMENT_3D('',#8649,#6816,#6817);
#6168=AXIS2_PLACEMENT_3D('',#8655,#6821,#6822);
#6169=AXIS2_PLACEMENT_3D('',#8661,#6826,#6827);
#6170=AXIS2_PLACEMENT_3D('',#8667,#6831,#6832);
#6171=AXIS2_PLACEMENT_3D('',#8671,#6834,#6835);
#6172=AXIS2_PLACEMENT_3D('',#8675,#6837,#6838);
#6173=AXIS2_PLACEMENT_3D('',#8679,#6840,#6841);
#6174=AXIS2_PLACEMENT_3D('',#8683,#6843,#6844);
#6175=AXIS2_PLACEMENT_3D('',#8687,#6846,#6847);
#6176=AXIS2_PLACEMENT_3D('',#8691,#6849,#6850);
#6177=AXIS2_PLACEMENT_3D('',#8695,#6852,#6853);
#6178=AXIS2_PLACEMENT_3D('',#8699,#6855,#6856);
#6179=AXIS2_PLACEMENT_3D('',#8703,#6858,#6859);
#6180=AXIS2_PLACEMENT_3D('',#8707,#6861,#6862);
#6181=AXIS2_PLACEMENT_3D('',#8711,#6864,#6865);
#6182=AXIS2_PLACEMENT_3D('',#8715,#6867,#6868);
#6183=AXIS2_PLACEMENT_3D('',#8719,#6870,#6871);
#6184=AXIS2_PLACEMENT_3D('',#8723,#6873,#6874);
#6185=AXIS2_PLACEMENT_3D('',#8727,#6876,#6877);
#6186=AXIS2_PLACEMENT_3D('',#8731,#6879,#6880);
#6187=AXIS2_PLACEMENT_3D('',#8735,#6882,#6883);
#6188=AXIS2_PLACEMENT_3D('',#8739,#6885,#6886);
#6189=AXIS2_PLACEMENT_3D('',#8743,#6888,#6889);
#6190=AXIS2_PLACEMENT_3D('',#8747,#6891,#6892);
#6191=AXIS2_PLACEMENT_3D('',#8751,#6894,#6895);
#6192=AXIS2_PLACEMENT_3D('',#8755,#6897,#6898);
#6193=AXIS2_PLACEMENT_3D('',#8759,#6900,#6901);
#6194=AXIS2_PLACEMENT_3D('',#8763,#6903,#6904);
#6195=AXIS2_PLACEMENT_3D('',#8767,#6906,#6907);
#6196=AXIS2_PLACEMENT_3D('',#8771,#6909,#6910);
#6197=AXIS2_PLACEMENT_3D('',#8775,#6912,#6913);
#6198=AXIS2_PLACEMENT_3D('',#8779,#6915,#6916);
#6199=AXIS2_PLACEMENT_3D('',#8783,#6918,#6919);
#6200=AXIS2_PLACEMENT_3D('',#8787,#6921,#6922);
#6201=AXIS2_PLACEMENT_3D('',#8791,#6924,#6925);
#6202=AXIS2_PLACEMENT_3D('',#8795,#6927,#6928);
#6203=AXIS2_PLACEMENT_3D('',#8799,#6930,#6931);
#6204=AXIS2_PLACEMENT_3D('',#8803,#6933,#6934);
#6205=AXIS2_PLACEMENT_3D('',#8807,#6936,#6937);
#6206=AXIS2_PLACEMENT_3D('',#8811,#6939,#6940);
#6207=AXIS2_PLACEMENT_3D('',#8815,#6942,#6943);
#6208=AXIS2_PLACEMENT_3D('',#8819,#6945,#6946);
#6209=AXIS2_PLACEMENT_3D('',#8823,#6948,#6949);
#6210=AXIS2_PLACEMENT_3D('',#8827,#6951,#6952);
#6211=AXIS2_PLACEMENT_3D('',#8831,#6954,#6955);
#6212=AXIS2_PLACEMENT_3D('',#8835,#6957,#6958);
#6213=AXIS2_PLACEMENT_3D('',#8839,#6960,#6961);
#6214=AXIS2_PLACEMENT_3D('',#8843,#6963,#6964);
#6215=AXIS2_PLACEMENT_3D('',#8847,#6966,#6967);
#6216=AXIS2_PLACEMENT_3D('',#8851,#6969,#6970);
#6217=AXIS2_PLACEMENT_3D('',#8855,#6972,#6973);
#6218=AXIS2_PLACEMENT_3D('',#8859,#6975,#6976);
#6219=AXIS2_PLACEMENT_3D('',#8863,#6978,#6979);
#6220=AXIS2_PLACEMENT_3D('',#8867,#6981,#6982);
#6221=AXIS2_PLACEMENT_3D('',#8871,#6984,#6985);
#6222=AXIS2_PLACEMENT_3D('',#8875,#6987,#6988);
#6223=AXIS2_PLACEMENT_3D('',#8879,#6990,#6991);
#6224=AXIS2_PLACEMENT_3D('',#8883,#6993,#6994);
#6225=AXIS2_PLACEMENT_3D('',#8887,#6996,#6997);
#6226=AXIS2_PLACEMENT_3D('',#8891,#6999,#7000);
#6227=AXIS2_PLACEMENT_3D('',#8895,#7002,#7003);
#6228=AXIS2_PLACEMENT_3D('',#8899,#7005,#7006);
#6229=AXIS2_PLACEMENT_3D('',#8903,#7008,#7009);
#6230=AXIS2_PLACEMENT_3D('',#8907,#7011,#7012);
#6231=AXIS2_PLACEMENT_3D('',#8911,#7014,#7015);
#6232=AXIS2_PLACEMENT_3D('',#8915,#7017,#7018);
#6233=AXIS2_PLACEMENT_3D('',#8919,#7020,#7021);
#6234=AXIS2_PLACEMENT_3D('',#8923,#7023,#7024);
#6235=AXIS2_PLACEMENT_3D('',#8927,#7026,#7027);
#6236=AXIS2_PLACEMENT_3D('',#8931,#7029,#7030);
#6237=AXIS2_PLACEMENT_3D('',#8935,#7032,#7033);
#6238=AXIS2_PLACEMENT_3D('',#8939,#7035,#7036);
#6239=AXIS2_PLACEMENT_3D('',#8943,#7038,#7039);
#6240=AXIS2_PLACEMENT_3D('',#8947,#7041,#7042);
#6241=AXIS2_PLACEMENT_3D('',#8951,#7044,#7045);
#6242=AXIS2_PLACEMENT_3D('',#8955,#7047,#7048);
#6243=AXIS2_PLACEMENT_3D('',#8959,#7050,#7051);
#6244=AXIS2_PLACEMENT_3D('',#8963,#7053,#7054);
#6245=AXIS2_PLACEMENT_3D('',#8967,#7056,#7057);
#6246=AXIS2_PLACEMENT_3D('',#8971,#7059,#7060);
#6247=AXIS2_PLACEMENT_3D('',#8975,#7062,#7063);
#6248=AXIS2_PLACEMENT_3D('',#8979,#7065,#7066);
#6249=AXIS2_PLACEMENT_3D('',#8983,#7068,#7069);
#6250=AXIS2_PLACEMENT_3D('',#8987,#7071,#7072);
#6251=AXIS2_PLACEMENT_3D('',#8991,#7074,#7075);
#6252=AXIS2_PLACEMENT_3D('',#8995,#7077,#7078);
#6253=AXIS2_PLACEMENT_3D('',#8999,#7080,#7081);
#6254=AXIS2_PLACEMENT_3D('',#9003,#7083,#7084);
#6255=AXIS2_PLACEMENT_3D('',#9007,#7086,#7087);
#6256=AXIS2_PLACEMENT_3D('',#9011,#7089,#7090);
#6257=AXIS2_PLACEMENT_3D('',#9015,#7092,#7093);
#6258=AXIS2_PLACEMENT_3D('',#9019,#7095,#7096);
#6259=AXIS2_PLACEMENT_3D('',#9023,#7098,#7099);
#6260=AXIS2_PLACEMENT_3D('',#9027,#7101,#7102);
#6261=AXIS2_PLACEMENT_3D('',#9031,#7104,#7105);
#6262=AXIS2_PLACEMENT_3D('',#9035,#7107,#7108);
#6263=AXIS2_PLACEMENT_3D('',#9039,#7110,#7111);
#6264=AXIS2_PLACEMENT_3D('',#9043,#7113,#7114);
#6265=AXIS2_PLACEMENT_3D('',#9047,#7116,#7117);
#6266=AXIS2_PLACEMENT_3D('',#9051,#7119,#7120);
#6267=AXIS2_PLACEMENT_3D('',#9055,#7122,#7123);
#6268=AXIS2_PLACEMENT_3D('',#9059,#7125,#7126);
#6269=AXIS2_PLACEMENT_3D('',#9063,#7128,#7129);
#6270=AXIS2_PLACEMENT_3D('',#9067,#7131,#7132);
#6271=AXIS2_PLACEMENT_3D('',#9071,#7134,#7135);
#6272=AXIS2_PLACEMENT_3D('',#9075,#7137,#7138);
#6273=AXIS2_PLACEMENT_3D('',#9079,#7140,#7141);
#6274=AXIS2_PLACEMENT_3D('',#9083,#7143,#7144);
#6275=AXIS2_PLACEMENT_3D('',#9087,#7146,#7147);
#6276=AXIS2_PLACEMENT_3D('',#9091,#7149,#7150);
#6277=AXIS2_PLACEMENT_3D('',#9095,#7152,#7153);
#6278=AXIS2_PLACEMENT_3D('',#9099,#7155,#7156);
#6279=AXIS2_PLACEMENT_3D('',#9103,#7158,#7159);
#6280=AXIS2_PLACEMENT_3D('',#9107,#7161,#7162);
#6281=AXIS2_PLACEMENT_3D('',#9111,#7164,#7165);
#6282=AXIS2_PLACEMENT_3D('',#9115,#7167,#7168);
#6283=AXIS2_PLACEMENT_3D('',#9119,#7170,#7171);
#6284=AXIS2_PLACEMENT_3D('',#9123,#7173,#7174);
#6285=AXIS2_PLACEMENT_3D('',#9127,#7176,#7177);
#6286=AXIS2_PLACEMENT_3D('',#9131,#7179,#7180);
#6287=AXIS2_PLACEMENT_3D('',#9135,#7182,#7183);
#6288=AXIS2_PLACEMENT_3D('',#9139,#7185,#7186);
#6289=AXIS2_PLACEMENT_3D('',#9143,#7188,#7189);
#6290=AXIS2_PLACEMENT_3D('',#9147,#7191,#7192);
#6291=AXIS2_PLACEMENT_3D('',#9151,#7194,#7195);
#6292=AXIS2_PLACEMENT_3D('',#9155,#7197,#7198);
#6293=AXIS2_PLACEMENT_3D('',#9159,#7200,#7201);
#6294=AXIS2_PLACEMENT_3D('',#9163,#7203,#7204);
#6295=AXIS2_PLACEMENT_3D('',#9167,#7206,#7207);
#6296=AXIS2_PLACEMENT_3D('',#9171,#7209,#7210);
#6297=AXIS2_PLACEMENT_3D('',#9175,#7212,#7213);
#6298=AXIS2_PLACEMENT_3D('',#9179,#7215,#7216);
#6299=AXIS2_PLACEMENT_3D('',#9183,#7218,#7219);
#6300=AXIS2_PLACEMENT_3D('',#9187,#7221,#7222);
#6301=AXIS2_PLACEMENT_3D('',#9191,#7224,#7225);
#6302=AXIS2_PLACEMENT_3D('',#9195,#7227,#7228);
#6303=AXIS2_PLACEMENT_3D('',#9199,#7230,#7231);
#6304=AXIS2_PLACEMENT_3D('',#9203,#7233,#7234);
#6305=AXIS2_PLACEMENT_3D('',#9207,#7236,#7237);
#6306=AXIS2_PLACEMENT_3D('',#9211,#7239,#7240);
#6307=AXIS2_PLACEMENT_3D('',#9215,#7242,#7243);
#6308=AXIS2_PLACEMENT_3D('',#9219,#7245,#7246);
#6309=AXIS2_PLACEMENT_3D('',#9223,#7248,#7249);
#6310=AXIS2_PLACEMENT_3D('',#9227,#7251,#7252);
#6311=AXIS2_PLACEMENT_3D('',#9228,#7253,#7254);
#6312=AXIS2_PLACEMENT_3D('',#9229,#7255,#7256);
#6313=AXIS2_PLACEMENT_3D('',#9230,#7257,#7258);
#6314=AXIS2_PLACEMENT_3D('',#9231,#7259,#7260);
#6315=AXIS2_PLACEMENT_3D('',#9232,#7261,#7262);
#6316=AXIS2_PLACEMENT_3D('',#9233,#7263,#7264);
#6317=AXIS2_PLACEMENT_3D('',#9234,#7265,#7266);
#6318=AXIS2_PLACEMENT_3D('',#9235,#7267,#7268);
#6319=AXIS2_PLACEMENT_3D('',#9236,#7269,#7270);
#6320=AXIS2_PLACEMENT_3D('',#9242,#7274,#7275);
#6321=AXIS2_PLACEMENT_3D('',#9248,#7279,#7280);
#6322=AXIS2_PLACEMENT_3D('',#9254,#7284,#7285);
#6323=AXIS2_PLACEMENT_3D('',#9260,#7289,#7290);
#6324=AXIS2_PLACEMENT_3D('',#9261,#7291,#7292);
#6325=AXIS2_PLACEMENT_3D('',#9262,#7293,#7294);
#6326=AXIS2_PLACEMENT_3D('',#9263,#7295,#7296);
#6327=AXIS2_PLACEMENT_3D('',#9264,#7297,#7298);
#6328=AXIS2_PLACEMENT_3D('',#9265,#7299,#7300);
#6329=AXIS2_PLACEMENT_3D('',#9266,#7301,#7302);
#6330=AXIS2_PLACEMENT_3D('',#9267,#7303,#7304);
#6331=AXIS2_PLACEMENT_3D('',#9268,#7305,#7306);
#6332=AXIS2_PLACEMENT_3D('',#9269,#7307,#7308);
#6333=AXIS2_PLACEMENT_3D('',#9275,#7312,#7313);
#6334=AXIS2_PLACEMENT_3D('',#9281,#7317,#7318);
#6335=AXIS2_PLACEMENT_3D('',#9287,#7322,#7323);
#6336=AXIS2_PLACEMENT_3D('',#9293,#7327,#7328);
#6337=AXIS2_PLACEMENT_3D('',#9294,#7329,#7330);
#6338=AXIS2_PLACEMENT_3D('',#9295,#7331,#7332);
#6339=AXIS2_PLACEMENT_3D('',#9296,#7333,#7334);
#6340=AXIS2_PLACEMENT_3D('',#9297,#7335,#7336);
#6341=AXIS2_PLACEMENT_3D('',#9298,#7337,#7338);
#6342=AXIS2_PLACEMENT_3D('',#9304,#7342,#7343);
#6343=AXIS2_PLACEMENT_3D('',#9310,#7347,#7348);
#6344=AXIS2_PLACEMENT_3D('',#9316,#7352,#7353);
#6345=AXIS2_PLACEMENT_3D('',#9322,#7357,#7358);
#6346=AXIS2_PLACEMENT_3D('',#9323,#7359,#7360);
#6347=AXIS2_PLACEMENT_3D('',#9324,#7361,#7362);
#6348=AXIS2_PLACEMENT_3D('',#9325,#7363,#7364);
#6349=AXIS2_PLACEMENT_3D('',#9326,#7365,#7366);
#6350=AXIS2_PLACEMENT_3D('',#9327,#7367,#7368);
#6351=AXIS2_PLACEMENT_3D('',#9333,#7372,#7373);
#6352=AXIS2_PLACEMENT_3D('',#9339,#7377,#7378);
#6353=AXIS2_PLACEMENT_3D('',#9345,#7382,#7383);
#6354=AXIS2_PLACEMENT_3D('',#9351,#7387,#7388);
#6355=AXIS2_PLACEMENT_3D('',#9352,#7389,#7390);
#6356=AXIS2_PLACEMENT_3D('',#9353,#7391,#7392);
#6357=AXIS2_PLACEMENT_3D('',#9354,#7393,#7394);
#6358=AXIS2_PLACEMENT_3D('',#9355,#7395,#7396);
#6359=AXIS2_PLACEMENT_3D('',#9356,#7397,#7398);
#6360=AXIS2_PLACEMENT_3D('',#9362,#7402,#7403);
#6361=AXIS2_PLACEMENT_3D('',#9368,#7407,#7408);
#6362=AXIS2_PLACEMENT_3D('',#9374,#7412,#7413);
#6363=AXIS2_PLACEMENT_3D('',#9380,#7417,#7418);
#6364=AXIS2_PLACEMENT_3D('',#9381,#7419,#7420);
#6365=AXIS2_PLACEMENT_3D('',#9382,#7421,#7422);
#6366=AXIS2_PLACEMENT_3D('',#9383,#7423,#7424);
#6367=AXIS2_PLACEMENT_3D('',#9384,#7425,#7426);
#6368=AXIS2_PLACEMENT_3D('',#9385,#7427,#7428);
#6369=AXIS2_PLACEMENT_3D('',#9391,#7432,#7433);
#6370=AXIS2_PLACEMENT_3D('',#9397,#7437,#7438);
#6371=AXIS2_PLACEMENT_3D('',#9403,#7442,#7443);
#6372=AXIS2_PLACEMENT_3D('',#9409,#7447,#7448);
#6373=AXIS2_PLACEMENT_3D('',#9410,#7449,#7450);
#6374=AXIS2_PLACEMENT_3D('',#9411,#7451,#7452);
#6375=AXIS2_PLACEMENT_3D('',#9412,#7453,#7454);
#6376=AXIS2_PLACEMENT_3D('',#9413,#7455,#7456);
#6377=AXIS2_PLACEMENT_3D('',#9414,#7457,#7458);
#6378=AXIS2_PLACEMENT_3D('',#9420,#7462,#7463);
#6379=AXIS2_PLACEMENT_3D('',#9426,#7467,#7468);
#6380=AXIS2_PLACEMENT_3D('',#9432,#7472,#7473);
#6381=AXIS2_PLACEMENT_3D('',#9438,#7477,#7478);
#6382=AXIS2_PLACEMENT_3D('',#9439,#7479,#7480);
#6383=AXIS2_PLACEMENT_3D('',#9440,#7481,#7482);
#6384=AXIS2_PLACEMENT_3D('',#9441,#7483,#7484);
#6385=AXIS2_PLACEMENT_3D('',#9442,#7485,#7486);
#6386=AXIS2_PLACEMENT_3D('',#9443,#7487,#7488);
#6387=AXIS2_PLACEMENT_3D('',#9449,#7492,#7493);
#6388=AXIS2_PLACEMENT_3D('',#9455,#7497,#7498);
#6389=AXIS2_PLACEMENT_3D('',#9461,#7502,#7503);
#6390=AXIS2_PLACEMENT_3D('',#9467,#7507,#7508);
#6391=AXIS2_PLACEMENT_3D('',#9468,#7509,#7510);
#6392=AXIS2_PLACEMENT_3D('',#9469,#7511,#7512);
#6393=AXIS2_PLACEMENT_3D('',#9470,#7513,#7514);
#6394=AXIS2_PLACEMENT_3D('',#9471,#7515,#7516);
#6395=AXIS2_PLACEMENT_3D('',#9472,#7517,#7518);
#6396=AXIS2_PLACEMENT_3D('',#9478,#7522,#7523);
#6397=AXIS2_PLACEMENT_3D('',#9484,#7527,#7528);
#6398=AXIS2_PLACEMENT_3D('',#9490,#7532,#7533);
#6399=AXIS2_PLACEMENT_3D('',#9496,#7537,#7538);
#6400=AXIS2_PLACEMENT_3D('',#9497,#7539,#7540);
#6401=AXIS2_PLACEMENT_3D('',#9498,#7541,#7542);
#6402=AXIS2_PLACEMENT_3D('',#9499,#7543,#7544);
#6403=AXIS2_PLACEMENT_3D('',#9500,#7545,#7546);
#6404=AXIS2_PLACEMENT_3D('',#9501,#7547,#7548);
#6405=AXIS2_PLACEMENT_3D('',#9507,#7552,#7553);
#6406=AXIS2_PLACEMENT_3D('',#9513,#7557,#7558);
#6407=AXIS2_PLACEMENT_3D('',#9519,#7562,#7563);
#6408=AXIS2_PLACEMENT_3D('',#9525,#7567,#7568);
#6409=AXIS2_PLACEMENT_3D('',#9526,#7569,#7570);
#6410=AXIS2_PLACEMENT_3D('',#9527,#7571,#7572);
#6411=AXIS2_PLACEMENT_3D('',#9528,#7573,#7574);
#6412=AXIS2_PLACEMENT_3D('',#9529,#7575,#7576);
#6413=AXIS2_PLACEMENT_3D('',#9530,#7577,#7578);
#6414=AXIS2_PLACEMENT_3D('',#9536,#7582,#7583);
#6415=AXIS2_PLACEMENT_3D('',#9542,#7587,#7588);
#6416=AXIS2_PLACEMENT_3D('',#9548,#7592,#7593);
#6417=AXIS2_PLACEMENT_3D('',#9554,#7597,#7598);
#6418=AXIS2_PLACEMENT_3D('',#9555,#7599,#7600);
#6419=AXIS2_PLACEMENT_3D('',#9556,#7601,#7602);
#6420=AXIS2_PLACEMENT_3D('',#9557,#7603,#7604);
#6421=AXIS2_PLACEMENT_3D('',#9558,#7605,#7606);
#6422=AXIS2_PLACEMENT_3D('',#9559,#7607,#7608);
#6423=AXIS2_PLACEMENT_3D('',#9565,#7612,#7613);
#6424=AXIS2_PLACEMENT_3D('',#9571,#7617,#7618);
#6425=AXIS2_PLACEMENT_3D('',#9577,#7622,#7623);
#6426=AXIS2_PLACEMENT_3D('',#9583,#7627,#7628);
#6427=AXIS2_PLACEMENT_3D('',#9584,#7629,#7630);
#6428=AXIS2_PLACEMENT_3D('',#9585,#7631,#7632);
#6429=AXIS2_PLACEMENT_3D('',#9586,#7633,#7634);
#6430=AXIS2_PLACEMENT_3D('',#9587,#7635,#7636);
#6431=AXIS2_PLACEMENT_3D('',#9588,#7637,#7638);
#6432=AXIS2_PLACEMENT_3D('',#9594,#7642,#7643);
#6433=AXIS2_PLACEMENT_3D('',#9600,#7647,#7648);
#6434=AXIS2_PLACEMENT_3D('',#9606,#7652,#7653);
#6435=AXIS2_PLACEMENT_3D('',#9612,#7657,#7658);
#6436=AXIS2_PLACEMENT_3D('',#9613,#7659,#7660);
#6437=AXIS2_PLACEMENT_3D('',#9614,#7661,#7662);
#6438=AXIS2_PLACEMENT_3D('',#9615,#7663,#7664);
#6439=AXIS2_PLACEMENT_3D('',#9616,#7665,#7666);
#6440=AXIS2_PLACEMENT_3D('',#9617,#7667,#7668);
#6441=AXIS2_PLACEMENT_3D('',#9623,#7672,#7673);
#6442=AXIS2_PLACEMENT_3D('',#9629,#7677,#7678);
#6443=AXIS2_PLACEMENT_3D('',#9635,#7682,#7683);
#6444=AXIS2_PLACEMENT_3D('',#9641,#7687,#7688);
#6445=AXIS2_PLACEMENT_3D('',#9642,#7689,#7690);
#6446=AXIS2_PLACEMENT_3D('',#9643,#7691,#7692);
#6447=AXIS2_PLACEMENT_3D('',#9644,#7693,#7694);
#6448=AXIS2_PLACEMENT_3D('',#9645,#7695,#7696);
#6449=AXIS2_PLACEMENT_3D('',#9646,#7697,#7698);
#6450=AXIS2_PLACEMENT_3D('',#9652,#7702,#7703);
#6451=AXIS2_PLACEMENT_3D('',#9658,#7707,#7708);
#6452=AXIS2_PLACEMENT_3D('',#9664,#7712,#7713);
#6453=AXIS2_PLACEMENT_3D('',#9670,#7717,#7718);
#6454=AXIS2_PLACEMENT_3D('',#9671,#7719,#7720);
#6455=AXIS2_PLACEMENT_3D('',#9672,#7721,#7722);
#6456=AXIS2_PLACEMENT_3D('',#9673,#7723,#7724);
#6457=AXIS2_PLACEMENT_3D('',#9674,#7725,#7726);
#6458=AXIS2_PLACEMENT_3D('',#9675,#7727,#7728);
#6459=AXIS2_PLACEMENT_3D('',#9681,#7732,#7733);
#6460=AXIS2_PLACEMENT_3D('',#9687,#7737,#7738);
#6461=AXIS2_PLACEMENT_3D('',#9693,#7742,#7743);
#6462=AXIS2_PLACEMENT_3D('',#9699,#7747,#7748);
#6463=AXIS2_PLACEMENT_3D('',#9700,#7749,#7750);
#6464=AXIS2_PLACEMENT_3D('',#9701,#7751,#7752);
#6465=AXIS2_PLACEMENT_3D('',#9702,#7753,#7754);
#6466=AXIS2_PLACEMENT_3D('',#9703,#7755,#7756);
#6467=AXIS2_PLACEMENT_3D('',#9704,#7757,#7758);
#6468=AXIS2_PLACEMENT_3D('',#9710,#7762,#7763);
#6469=AXIS2_PLACEMENT_3D('',#9716,#7767,#7768);
#6470=AXIS2_PLACEMENT_3D('',#9722,#7772,#7773);
#6471=AXIS2_PLACEMENT_3D('',#9728,#7777,#7778);
#6472=AXIS2_PLACEMENT_3D('',#9729,#7779,#7780);
#6473=AXIS2_PLACEMENT_3D('',#9730,#7781,#7782);
#6474=AXIS2_PLACEMENT_3D('',#9731,#7783,#7784);
#6475=AXIS2_PLACEMENT_3D('',#9732,#7785,#7786);
#6476=AXIS2_PLACEMENT_3D('',#9733,#7787,#7788);
#6477=AXIS2_PLACEMENT_3D('',#9739,#7792,#7793);
#6478=AXIS2_PLACEMENT_3D('',#9745,#7797,#7798);
#6479=AXIS2_PLACEMENT_3D('',#9751,#7802,#7803);
#6480=AXIS2_PLACEMENT_3D('',#9757,#7807,#7808);
#6481=AXIS2_PLACEMENT_3D('',#9758,#7809,#7810);
#6482=AXIS2_PLACEMENT_3D('',#9759,#7811,#7812);
#6483=AXIS2_PLACEMENT_3D('',#9760,#7813,#7814);
#6484=AXIS2_PLACEMENT_3D('',#9761,#7815,#7816);
#6485=AXIS2_PLACEMENT_3D('',#9762,#7817,#7818);
#6486=AXIS2_PLACEMENT_3D('',#9768,#7822,#7823);
#6487=AXIS2_PLACEMENT_3D('',#9774,#7827,#7828);
#6488=AXIS2_PLACEMENT_3D('',#9780,#7832,#7833);
#6489=AXIS2_PLACEMENT_3D('',#9786,#7837,#7838);
#6490=AXIS2_PLACEMENT_3D('',#9787,#7839,#7840);
#6491=AXIS2_PLACEMENT_3D('',#9788,#7841,#7842);
#6492=AXIS2_PLACEMENT_3D('',#9789,#7843,#7844);
#6493=AXIS2_PLACEMENT_3D('',#9790,#7845,#7846);
#6494=AXIS2_PLACEMENT_3D('',#9791,#7847,#7848);
#6495=AXIS2_PLACEMENT_3D('',#9797,#7852,#7853);
#6496=AXIS2_PLACEMENT_3D('',#9803,#7857,#7858);
#6497=AXIS2_PLACEMENT_3D('',#9809,#7862,#7863);
#6498=AXIS2_PLACEMENT_3D('',#9815,#7867,#7868);
#6499=AXIS2_PLACEMENT_3D('',#9816,#7869,#7870);
#6500=AXIS2_PLACEMENT_3D('',#9817,#7871,#7872);
#6501=AXIS2_PLACEMENT_3D('',#9818,#7873,#7874);
#6502=AXIS2_PLACEMENT_3D('',#9819,#7875,#7876);
#6503=AXIS2_PLACEMENT_3D('',#9820,#7877,#7878);
#6504=AXIS2_PLACEMENT_3D('',#9826,#7882,#7883);
#6505=AXIS2_PLACEMENT_3D('',#9832,#7887,#7888);
#6506=AXIS2_PLACEMENT_3D('',#9838,#7892,#7893);
#6507=AXIS2_PLACEMENT_3D('',#9844,#7897,#7898);
#6508=AXIS2_PLACEMENT_3D('',#9845,#7899,#7900);
#6509=AXIS2_PLACEMENT_3D('',#9846,#7901,#7902);
#6510=AXIS2_PLACEMENT_3D('',#9847,#7903,#7904);
#6511=AXIS2_PLACEMENT_3D('',#9848,#7905,#7906);
#6512=AXIS2_PLACEMENT_3D('',#9849,#7907,#7908);
#6513=AXIS2_PLACEMENT_3D('',#9855,#7912,#7913);
#6514=AXIS2_PLACEMENT_3D('',#9861,#7917,#7918);
#6515=AXIS2_PLACEMENT_3D('',#9867,#7922,#7923);
#6516=AXIS2_PLACEMENT_3D('',#9873,#7927,#7928);
#6517=AXIS2_PLACEMENT_3D('',#9874,#7929,#7930);
#6518=AXIS2_PLACEMENT_3D('',#9875,#7931,#7932);
#6519=AXIS2_PLACEMENT_3D('',#9876,#7933,#7934);
#6520=AXIS2_PLACEMENT_3D('',#9877,#7935,#7936);
#6521=AXIS2_PLACEMENT_3D('',#9878,#7937,#7938);
#6522=AXIS2_PLACEMENT_3D('',#9884,#7942,#7943);
#6523=AXIS2_PLACEMENT_3D('',#9890,#7947,#7948);
#6524=AXIS2_PLACEMENT_3D('',#9896,#7952,#7953);
#6525=AXIS2_PLACEMENT_3D('',#9902,#7957,#7958);
#6526=AXIS2_PLACEMENT_3D('',#9903,#7959,#7960);
#6527=AXIS2_PLACEMENT_3D('',#9904,#7961,#7962);
#6528=AXIS2_PLACEMENT_3D('',#9905,#7963,#7964);
#6529=AXIS2_PLACEMENT_3D('',#9906,#7965,#7966);
#6530=AXIS2_PLACEMENT_3D('',#9907,#7967,#7968);
#6531=AXIS2_PLACEMENT_3D('',#9913,#7972,#7973);
#6532=AXIS2_PLACEMENT_3D('',#9919,#7977,#7978);
#6533=AXIS2_PLACEMENT_3D('',#9925,#7982,#7983);
#6534=AXIS2_PLACEMENT_3D('',#9931,#7987,#7988);
#6535=AXIS2_PLACEMENT_3D('',#9932,#7989,#7990);
#6536=AXIS2_PLACEMENT_3D('',#9933,#7991,#7992);
#6537=AXIS2_PLACEMENT_3D('',#9934,#7993,#7994);
#6538=AXIS2_PLACEMENT_3D('',#9935,#7995,#7996);
#6539=AXIS2_PLACEMENT_3D('',#9936,#7997,#7998);
#6540=AXIS2_PLACEMENT_3D('',#9942,#8002,#8003);
#6541=AXIS2_PLACEMENT_3D('',#9948,#8007,#8008);
#6542=AXIS2_PLACEMENT_3D('',#9954,#8012,#8013);
#6543=AXIS2_PLACEMENT_3D('',#9960,#8017,#8018);
#6544=AXIS2_PLACEMENT_3D('',#9961,#8019,#8020);
#6545=AXIS2_PLACEMENT_3D('',#9962,#8021,#8022);
#6546=AXIS2_PLACEMENT_3D('',#9963,#8023,#8024);
#6547=AXIS2_PLACEMENT_3D('',#9964,#8025,#8026);
#6548=AXIS2_PLACEMENT_3D('',#9965,#8027,#8028);
#6549=AXIS2_PLACEMENT_3D('',#9971,#8032,#8033);
#6550=AXIS2_PLACEMENT_3D('',#9977,#8037,#8038);
#6551=AXIS2_PLACEMENT_3D('',#9983,#8042,#8043);
#6552=AXIS2_PLACEMENT_3D('',#9989,#8047,#8048);
#6553=AXIS2_PLACEMENT_3D('',#9990,#8049,#8050);
#6554=AXIS2_PLACEMENT_3D('',#9991,#8051,#8052);
#6555=AXIS2_PLACEMENT_3D('',#9992,#8053,#8054);
#6556=AXIS2_PLACEMENT_3D('',#9993,#8055,#8056);
#6557=AXIS2_PLACEMENT_3D('',#9994,#8057,#8058);
#6558=AXIS2_PLACEMENT_3D('',#10000,#8062,#8063);
#6559=AXIS2_PLACEMENT_3D('',#10006,#8067,#8068);
#6560=AXIS2_PLACEMENT_3D('',#10012,#8072,#8073);
#6561=AXIS2_PLACEMENT_3D('',#10018,#8077,#8078);
#6562=AXIS2_PLACEMENT_3D('',#10019,#8079,#8080);
#6563=AXIS2_PLACEMENT_3D('',#10020,#8081,#8082);
#6564=AXIS2_PLACEMENT_3D('',#10021,#8083,#8084);
#6565=AXIS2_PLACEMENT_3D('',#10022,#8085,#8086);
#6566=AXIS2_PLACEMENT_3D('',#10023,#8087,#8088);
#6567=AXIS2_PLACEMENT_3D('',#10029,#8092,#8093);
#6568=AXIS2_PLACEMENT_3D('',#10035,#8097,#8098);
#6569=AXIS2_PLACEMENT_3D('',#10041,#8102,#8103);
#6570=AXIS2_PLACEMENT_3D('',#10047,#8107,#8108);
#6571=AXIS2_PLACEMENT_3D('',#10048,#8109,#8110);
#6572=AXIS2_PLACEMENT_3D('',#10049,#8111,#8112);
#6573=AXIS2_PLACEMENT_3D('',#10050,#8113,#8114);
#6574=AXIS2_PLACEMENT_3D('',#10051,#8115,#8116);
#6575=AXIS2_PLACEMENT_3D('',#10052,#8117,#8118);
#6576=AXIS2_PLACEMENT_3D('',#10058,#8122,#8123);
#6577=AXIS2_PLACEMENT_3D('',#10064,#8127,#8128);
#6578=AXIS2_PLACEMENT_3D('',#10070,#8132,#8133);
#6579=AXIS2_PLACEMENT_3D('',#10076,#8137,#8138);
#6580=AXIS2_PLACEMENT_3D('',#10077,#8139,#8140);
#6581=AXIS2_PLACEMENT_3D('',#10078,#8141,#8142);
#6582=AXIS2_PLACEMENT_3D('',#10079,#8143,#8144);
#6583=AXIS2_PLACEMENT_3D('',#10080,#8145,#8146);
#6584=AXIS2_PLACEMENT_3D('',#10081,#8147,#8148);
#6585=AXIS2_PLACEMENT_3D('',#10087,#8152,#8153);
#6586=AXIS2_PLACEMENT_3D('',#10093,#8157,#8158);
#6587=AXIS2_PLACEMENT_3D('',#10099,#8162,#8163);
#6588=AXIS2_PLACEMENT_3D('',#10105,#8167,#8168);
#6589=AXIS2_PLACEMENT_3D('',#10106,#8169,#8170);
#6590=AXIS2_PLACEMENT_3D('',#10107,#8171,#8172);
#6591=AXIS2_PLACEMENT_3D('',#10108,#8173,#8174);
#6592=AXIS2_PLACEMENT_3D('',#10109,#8175,#8176);
#6593=AXIS2_PLACEMENT_3D('',#10110,#8177,#8178);
#6594=AXIS2_PLACEMENT_3D('',#10116,#8182,#8183);
#6595=AXIS2_PLACEMENT_3D('',#10122,#8187,#8188);
#6596=AXIS2_PLACEMENT_3D('',#10128,#8192,#8193);
#6597=AXIS2_PLACEMENT_3D('',#10134,#8197,#8198);
#6598=AXIS2_PLACEMENT_3D('',#10135,#8199,#8200);
#6599=AXIS2_PLACEMENT_3D('',#10136,#8201,#8202);
#6600=AXIS2_PLACEMENT_3D('',#10137,#8203,#8204);
#6601=AXIS2_PLACEMENT_3D('',#10138,#8205,#8206);
#6602=AXIS2_PLACEMENT_3D('',#10139,#8207,#8208);
#6603=AXIS2_PLACEMENT_3D('',#10145,#8212,#8213);
#6604=AXIS2_PLACEMENT_3D('',#10151,#8217,#8218);
#6605=AXIS2_PLACEMENT_3D('',#10157,#8222,#8223);
#6606=AXIS2_PLACEMENT_3D('',#10163,#8227,#8228);
#6607=AXIS2_PLACEMENT_3D('',#10164,#8229,#8230);
#6608=AXIS2_PLACEMENT_3D('',#10165,#8231,#8232);
#6609=AXIS2_PLACEMENT_3D('',#10166,#8233,#8234);
#6610=AXIS2_PLACEMENT_3D('',#10167,#8235,#8236);
#6611=AXIS2_PLACEMENT_3D('',#10168,#8237,#8238);
#6612=AXIS2_PLACEMENT_3D('',#10174,#8242,#8243);
#6613=AXIS2_PLACEMENT_3D('',#10180,#8247,#8248);
#6614=AXIS2_PLACEMENT_3D('',#10186,#8252,#8253);
#6615=AXIS2_PLACEMENT_3D('',#10192,#8257,#8258);
#6616=AXIS2_PLACEMENT_3D('',#10193,#8259,#8260);
#6617=AXIS2_PLACEMENT_3D('',#10194,#8261,#8262);
#6618=AXIS2_PLACEMENT_3D('',#10195,#8263,#8264);
#6619=AXIS2_PLACEMENT_3D('',#10196,#8265,#8266);
#6620=AXIS2_PLACEMENT_3D('',#10197,#8267,#8268);
#6621=AXIS2_PLACEMENT_3D('',#10203,#8272,#8273);
#6622=AXIS2_PLACEMENT_3D('',#10209,#8277,#8278);
#6623=AXIS2_PLACEMENT_3D('',#10215,#8282,#8283);
#6624=AXIS2_PLACEMENT_3D('',#10221,#8287,#8288);
#6625=AXIS2_PLACEMENT_3D('',#10222,#8289,#8290);
#6626=AXIS2_PLACEMENT_3D('',#10223,#8291,#8292);
#6627=AXIS2_PLACEMENT_3D('',#10224,#8293,#8294);
#6628=AXIS2_PLACEMENT_3D('',#10225,#8295,#8296);
#6629=AXIS2_PLACEMENT_3D('',#10226,#8297,#8298);
#6630=AXIS2_PLACEMENT_3D('',#10232,#8302,#8303);
#6631=AXIS2_PLACEMENT_3D('',#10238,#8307,#8308);
#6632=AXIS2_PLACEMENT_3D('',#10244,#8312,#8313);
#6633=AXIS2_PLACEMENT_3D('',#10250,#8317,#8318);
#6634=AXIS2_PLACEMENT_3D('',#10251,#8319,#8320);
#6635=AXIS2_PLACEMENT_3D('',#10252,#8321,#8322);
#6636=AXIS2_PLACEMENT_3D('',#10253,#8323,#8324);
#6637=AXIS2_PLACEMENT_3D('',#10254,#8325,#8326);
#6638=AXIS2_PLACEMENT_3D('',#10255,#8327,#8328);
#6639=AXIS2_PLACEMENT_3D('',#10256,#8329,#8330);
#6640=AXIS2_PLACEMENT_3D('',#10257,#8331,#8332);
#6641=AXIS2_PLACEMENT_3D('',#10258,#8333,#8334);
#6642=AXIS2_PLACEMENT_3D('',#10259,#8335,#8336);
#6643=AXIS2_PLACEMENT_3D('',#10260,#8337,#8338);
#6644=AXIS2_PLACEMENT_3D('',#10261,#8339,#8340);
#6645=AXIS2_PLACEMENT_3D('',#10262,#8341,#8342);
#6646=AXIS2_PLACEMENT_3D('',#10263,#8343,#8344);
#6647=AXIS2_PLACEMENT_3D('',#10264,#8345,#8346);
#6648=AXIS2_PLACEMENT_3D('',#10265,#8347,#8348);
#6649=AXIS2_PLACEMENT_3D('',#10266,#8349,#8350);
#6650=AXIS2_PLACEMENT_3D('',#10267,#8351,#8352);
#6651=AXIS2_PLACEMENT_3D('',#10268,#8353,#8354);
#6652=AXIS2_PLACEMENT_3D('',#10269,#8355,#8356);
#6653=AXIS2_PLACEMENT_3D('',#10270,#8357,#8358);
#6654=AXIS2_PLACEMENT_3D('',#10271,#8359,#8360);
#6655=AXIS2_PLACEMENT_3D('',#10272,#8361,#8362);
#6656=AXIS2_PLACEMENT_3D('',#10273,#8363,#8364);
#6657=AXIS2_PLACEMENT_3D('',#10274,#8365,#8366);
#6658=AXIS2_PLACEMENT_3D('',#10275,#8367,#8368);
#6659=AXIS2_PLACEMENT_3D('',#10276,#8369,#8370);
#6660=AXIS2_PLACEMENT_3D('',#10277,#8371,#8372);
#6661=AXIS2_PLACEMENT_3D('',#10278,#8373,#8374);
#6662=AXIS2_PLACEMENT_3D('',#10279,#8375,#8376);
#6663=AXIS2_PLACEMENT_3D('',#10280,#8377,#8378);
#6664=AXIS2_PLACEMENT_3D('',#10281,#8379,#8380);
#6665=AXIS2_PLACEMENT_3D('',#10282,#8381,#8382);
#6666=AXIS2_PLACEMENT_3D('',#10283,#8383,#8384);
#6667=AXIS2_PLACEMENT_3D('',#10284,#8385,#8386);
#6668=AXIS2_PLACEMENT_3D('',#10285,#8387,#8388);
#6669=AXIS2_PLACEMENT_3D('',#10286,#8389,#8390);
#6670=AXIS2_PLACEMENT_3D('',#10287,#8391,#8392);
#6671=AXIS2_PLACEMENT_3D('',#10288,#8393,#8394);
#6672=AXIS2_PLACEMENT_3D('',#10289,#8395,#8396);
#6673=AXIS2_PLACEMENT_3D('',#10290,#8397,#8398);
#6674=AXIS2_PLACEMENT_3D('',#10291,#8399,#8400);
#6675=AXIS2_PLACEMENT_3D('',#10292,#8401,#8402);
#6676=AXIS2_PLACEMENT_3D('',#10293,#8403,#8404);
#6677=AXIS2_PLACEMENT_3D('',#10294,#8405,#8406);
#6678=AXIS2_PLACEMENT_3D('',#10295,#8407,#8408);
#6679=AXIS2_PLACEMENT_3D('',#10296,#8409,#8410);
#6680=AXIS2_PLACEMENT_3D('',#10297,#8411,#8412);
#6681=AXIS2_PLACEMENT_3D('',#10298,#8413,#8414);
#6682=AXIS2_PLACEMENT_3D('',#10299,#8415,#8416);
#6683=AXIS2_PLACEMENT_3D('',#10300,#8417,#8418);
#6684=AXIS2_PLACEMENT_3D('',#10301,#8419,#8420);
#6685=AXIS2_PLACEMENT_3D('',#10302,#8421,#8422);
#6686=AXIS2_PLACEMENT_3D('',#10303,#8423,#8424);
#6687=AXIS2_PLACEMENT_3D('',#10304,#8425,#8426);
#6688=AXIS2_PLACEMENT_3D('',#10305,#8427,#8428);
#6689=AXIS2_PLACEMENT_3D('',#10306,#8429,#8430);
#6690=AXIS2_PLACEMENT_3D('',#10307,#8431,#8432);
#6691=AXIS2_PLACEMENT_3D('',#10308,#8433,#8434);
#6692=AXIS2_PLACEMENT_3D('',#10309,#8435,#8436);
#6693=AXIS2_PLACEMENT_3D('',#10310,#8437,#8438);
#6694=AXIS2_PLACEMENT_3D('',#10311,#8439,#8440);
#6695=AXIS2_PLACEMENT_3D('',#10312,#8441,#8442);
#6696=AXIS2_PLACEMENT_3D('',#10313,#8443,#8444);
#6697=AXIS2_PLACEMENT_3D('',#10314,#8445,#8446);
#6698=AXIS2_PLACEMENT_3D('',#10315,#8447,#8448);
#6699=AXIS2_PLACEMENT_3D('',#10316,#8449,#8450);
#6700=AXIS2_PLACEMENT_3D('',#10317,#8451,#8452);
#6701=AXIS2_PLACEMENT_3D('',#10318,#8453,#8454);
#6702=AXIS2_PLACEMENT_3D('',#10319,#8455,#8456);
#6703=AXIS2_PLACEMENT_3D('',#10320,#8457,#8458);
#6704=AXIS2_PLACEMENT_3D('',#10321,#8459,#8460);
#6705=AXIS2_PLACEMENT_3D('',#10322,#8461,#8462);
#6706=AXIS2_PLACEMENT_3D('',#10323,#8463,#8464);
#6707=AXIS2_PLACEMENT_3D('',#10324,#8465,#8466);
#6708=AXIS2_PLACEMENT_3D('',#10325,#8467,#8468);
#6709=AXIS2_PLACEMENT_3D('',#10326,#8469,#8470);
#6710=AXIS2_PLACEMENT_3D('',#10327,#8471,#8472);
#6711=AXIS2_PLACEMENT_3D('',#10328,#8473,#8474);
#6712=AXIS2_PLACEMENT_3D('',#10329,#8475,#8476);
#6713=AXIS2_PLACEMENT_3D('',#10330,#8477,#8478);
#6714=AXIS2_PLACEMENT_3D('',#10331,#8479,#8480);
#6715=AXIS2_PLACEMENT_3D('',#10332,#8481,#8482);
#6716=AXIS2_PLACEMENT_3D('',#10333,#8483,#8484);
#6717=AXIS2_PLACEMENT_3D('',#10334,#8485,#8486);
#6718=AXIS2_PLACEMENT_3D('',#10335,#8487,#8488);
#6719=AXIS2_PLACEMENT_3D('',#10336,#8489,#8490);
#6720=AXIS2_PLACEMENT_3D('',#10337,#8491,#8492);
#6721=AXIS2_PLACEMENT_3D('',#10338,#8493,#8494);
#6722=AXIS2_PLACEMENT_3D('',#10339,#8495,#8496);
#6723=AXIS2_PLACEMENT_3D('',#10340,#8497,#8498);
#6724=AXIS2_PLACEMENT_3D('',#10341,#8499,#8500);
#6725=AXIS2_PLACEMENT_3D('',#10342,#8501,#8502);
#6726=AXIS2_PLACEMENT_3D('',#10343,#8503,#8504);
#6727=AXIS2_PLACEMENT_3D('',#10344,#8505,#8506);
#6728=AXIS2_PLACEMENT_3D('',#10345,#8507,#8508);
#6729=AXIS2_PLACEMENT_3D('',#10346,#8509,#8510);
#6730=AXIS2_PLACEMENT_3D('',#10347,#8511,#8512);
#6731=AXIS2_PLACEMENT_3D('',#10348,#8513,#8514);
#6732=AXIS2_PLACEMENT_3D('',#10349,#8515,#8516);
#6733=AXIS2_PLACEMENT_3D('',#10350,#8517,#8518);
#6734=AXIS2_PLACEMENT_3D('',#10351,#8519,#8520);
#6735=AXIS2_PLACEMENT_3D('',#10352,#8521,#8522);
#6736=AXIS2_PLACEMENT_3D('',#10353,#8523,#8524);
#6737=AXIS2_PLACEMENT_3D('',#10354,#8525,#8526);
#6738=AXIS2_PLACEMENT_3D('',#10355,#8527,#8528);
#6739=AXIS2_PLACEMENT_3D('',#10356,#8529,#8530);
#6740=AXIS2_PLACEMENT_3D('',#10357,#8531,#8532);
#6741=AXIS2_PLACEMENT_3D('',#10358,#8533,#8534);
#6742=AXIS2_PLACEMENT_3D('',#10359,#8535,#8536);
#6743=AXIS2_PLACEMENT_3D('',#10360,#8537,#8538);
#6744=AXIS2_PLACEMENT_3D('',#10361,#8539,#8540);
#6745=AXIS2_PLACEMENT_3D('',#10362,#8541,#8542);
#6746=AXIS2_PLACEMENT_3D('',#10363,#8543,#8544);
#6747=AXIS2_PLACEMENT_3D('',#10364,#8545,#8546);
#6748=AXIS2_PLACEMENT_3D('',#10365,#8547,#8548);
#6749=AXIS2_PLACEMENT_3D('',#10366,#8549,#8550);
#6750=AXIS2_PLACEMENT_3D('',#10367,#8551,#8552);
#6751=AXIS2_PLACEMENT_3D('',#10368,#8553,#8554);
#6752=AXIS2_PLACEMENT_3D('',#10369,#8555,#8556);
#6753=AXIS2_PLACEMENT_3D('',#10370,#8557,#8558);
#6754=AXIS2_PLACEMENT_3D('',#10371,#8559,#8560);
#6755=AXIS2_PLACEMENT_3D('',#10372,#8561,#8562);
#6756=AXIS2_PLACEMENT_3D('',#10373,#8563,#8564);
#6757=AXIS2_PLACEMENT_3D('',#10374,#8565,#8566);
#6758=AXIS2_PLACEMENT_3D('',#10375,#8567,#8568);
#6759=AXIS2_PLACEMENT_3D('',#10376,#8569,#8570);
#6760=AXIS2_PLACEMENT_3D('',#10377,#8571,#8572);
#6761=AXIS2_PLACEMENT_3D('',#10378,#8573,#8574);
#6762=AXIS2_PLACEMENT_3D('',#10379,#8575,#8576);
#6763=AXIS2_PLACEMENT_3D('',#10380,#8577,#8578);
#6764=AXIS2_PLACEMENT_3D('',#10381,#8579,#8580);
#6765=AXIS2_PLACEMENT_3D('',#10382,#8581,#8582);
#6766=AXIS2_PLACEMENT_3D('',#10383,#8583,#8584);
#6767=AXIS2_PLACEMENT_3D('',#10384,#8585,#8586);
#6768=AXIS2_PLACEMENT_3D('',#10385,#8587,#8588);
#6769=AXIS2_PLACEMENT_3D('',#10386,#8589,#8590);
#6770=AXIS2_PLACEMENT_3D('',#10387,#8591,#8592);
#6771=AXIS2_PLACEMENT_3D('',#10388,#8593,#8594);
#6772=AXIS2_PLACEMENT_3D('',#10389,#8595,#8596);
#6773=AXIS2_PLACEMENT_3D('',#10390,#8597,#8598);
#6774=AXIS2_PLACEMENT_3D('',#10391,#8599,#8600);
#6775=DIRECTION('',(0.,0.,1.));
#6776=DIRECTION('',(1.,0.,0.));
#6777=DIRECTION('',(1.06752213906265E-15,-1.,0.));
#6778=DIRECTION('',(0.,0.,1.));
#6779=DIRECTION('',(1.06752213906265E-15,-1.,0.));
#6780=DIRECTION('',(0.,0.,1.));
#6781=DIRECTION('',(-1.,-1.06752213906265E-15,0.));
#6782=DIRECTION('',(1.06858966120171E-15,-1.,0.));
#6783=DIRECTION('',(1.,0.,0.));
#6784=DIRECTION('',(1.,0.,0.));
#6785=DIRECTION('',(0.,0.,1.));
#6786=DIRECTION('',(0.,-1.,0.));
#6787=DIRECTION('',(0.,0.,-1.));
#6788=DIRECTION('',(-1.17427435296892E-15,1.,0.));
#6789=DIRECTION('',(-1.17427435296892E-15,1.,0.));
#6790=DIRECTION('',(0.,0.,1.));
#6791=DIRECTION('',(1.,1.17427435296892E-15,0.));
#6792=DIRECTION('',(-1.17267306976032E-15,1.,0.));
#6793=DIRECTION('',(-1.,0.,0.));
#6794=DIRECTION('',(-1.,0.,0.));
#6795=DIRECTION('',(0.,1.,0.));
#6796=DIRECTION('',(0.,0.,1.));
#6797=DIRECTION('',(0.,0.,1.));
#6798=DIRECTION('',(1.,0.,0.));
#6799=DIRECTION('',(1.15648231731989E-15,-1.,0.));
#6800=DIRECTION('',(0.,0.,-1.));
#6801=DIRECTION('',(0.999999999999999,0.,0.));
#6802=DIRECTION('',(-1.,0.,0.));
#6803=DIRECTION('',(0.,0.,-1.));
#6804=DIRECTION('',(0.999999999999999,0.,0.));
#6805=DIRECTION('',(-1.38777878078387E-15,1.,0.));
#6806=DIRECTION('',(0.,0.,-1.));
#6807=DIRECTION('',(0.999999999999999,0.,0.));
#6808=DIRECTION('',(1.,0.,0.));
#6809=DIRECTION('',(0.,0.,-1.));
#6810=DIRECTION('',(0.999999999999999,0.,0.));
#6811=DIRECTION('',(0.,0.,1.));
#6812=DIRECTION('',(1.,0.,0.));
#6813=DIRECTION('',(0.,0.,-1.));
#6814=DIRECTION('',(-1.15648231731989E-15,1.,0.));
#6815=DIRECTION('',(0.,0.,1.));
#6816=DIRECTION('',(-1.,-1.15648231731989E-15,0.));
#6817=DIRECTION('',(1.15879528195251E-15,-1.,0.));
#6818=DIRECTION('',(0.,0.,-1.));
#6819=DIRECTION('',(-1.,0.,0.));
#6820=DIRECTION('',(0.,0.,1.));
#6821=DIRECTION('',(0.,-1.,0.));
#6822=DIRECTION('',(0.,0.,-1.));
#6823=DIRECTION('',(1.38777878078387E-15,-1.,0.));
#6824=DIRECTION('',(0.,0.,1.));
#6825=DIRECTION('',(0.,0.,-1.));
#6826=DIRECTION('',(1.,1.38777878078387E-15,0.));
#6827=DIRECTION('',(-1.38777878078145E-15,1.,0.));
#6828=DIRECTION('',(0.,0.,-1.));
#6829=DIRECTION('',(1.,0.,0.));
#6830=DIRECTION('',(0.,0.,1.));
#6831=DIRECTION('',(0.,1.,0.));
#6832=DIRECTION('',(0.,0.,1.));
#6833=DIRECTION('',(1.12757025938492E-15,-1.,0.));
#6834=DIRECTION('',(0.,0.,-1.));
#6835=DIRECTION('',(1.,0.,0.));
#6836=DIRECTION('',(-1.,0.,0.));
#6837=DIRECTION('',(0.,0.,-1.));
#6838=DIRECTION('',(1.,0.,0.));
#6839=DIRECTION('',(-1.12757025938492E-15,1.,0.));
#6840=DIRECTION('',(0.,0.,-1.));
#6841=DIRECTION('',(1.,0.,0.));
#6842=DIRECTION('',(1.,0.,0.));
#6843=DIRECTION('',(0.,0.,-1.));
#6844=DIRECTION('',(1.,0.,0.));
#6845=DIRECTION('',(1.12757025938492E-15,-1.,0.));
#6846=DIRECTION('',(0.,0.,-1.));
#6847=DIRECTION('',(1.,0.,0.));
#6848=DIRECTION('',(-1.,0.,0.));
#6849=DIRECTION('',(0.,0.,-1.));
#6850=DIRECTION('',(0.999999999999999,0.,0.));
#6851=DIRECTION('',(-1.12757025938492E-15,1.,0.));
#6852=DIRECTION('',(0.,0.,-1.));
#6853=DIRECTION('',(1.,0.,0.));
#6854=DIRECTION('',(1.,0.,0.));
#6855=DIRECTION('',(0.,0.,-1.));
#6856=DIRECTION('',(1.,0.,0.));
#6857=DIRECTION('',(1.12757025938492E-15,-1.,0.));
#6858=DIRECTION('',(0.,0.,-1.));
#6859=DIRECTION('',(1.,0.,0.));
#6860=DIRECTION('',(-1.,0.,0.));
#6861=DIRECTION('',(0.,0.,-1.));
#6862=DIRECTION('',(1.,0.,0.));
#6863=DIRECTION('',(-1.12757025938492E-15,1.,0.));
#6864=DIRECTION('',(0.,0.,-1.));
#6865=DIRECTION('',(1.,0.,0.));
#6866=DIRECTION('',(1.,0.,0.));
#6867=DIRECTION('',(0.,0.,-1.));
#6868=DIRECTION('',(0.999999999999999,0.,0.));
#6869=DIRECTION('',(1.12757025938492E-15,-1.,0.));
#6870=DIRECTION('',(0.,0.,-1.));
#6871=DIRECTION('',(1.,0.,0.));
#6872=DIRECTION('',(-1.,0.,0.));
#6873=DIRECTION('',(0.,0.,-1.));
#6874=DIRECTION('',(0.999999999999999,0.,0.));
#6875=DIRECTION('',(-1.12757025938492E-15,1.,0.));
#6876=DIRECTION('',(0.,0.,-1.));
#6877=DIRECTION('',(1.,0.,0.));
#6878=DIRECTION('',(1.,0.,0.));
#6879=DIRECTION('',(0.,0.,-1.));
#6880=DIRECTION('',(1.,0.,0.));
#6881=DIRECTION('',(1.12757025938492E-15,-1.,0.));
#6882=DIRECTION('',(0.,0.,-1.));
#6883=DIRECTION('',(1.,0.,0.));
#6884=DIRECTION('',(-1.,0.,0.));
#6885=DIRECTION('',(0.,0.,-1.));
#6886=DIRECTION('',(1.,0.,0.));
#6887=DIRECTION('',(-1.12757025938492E-15,1.,0.));
#6888=DIRECTION('',(0.,0.,-1.));
#6889=DIRECTION('',(1.,0.,0.));
#6890=DIRECTION('',(1.,0.,0.));
#6891=DIRECTION('',(0.,0.,-1.));
#6892=DIRECTION('',(1.,0.,0.));
#6893=DIRECTION('',(1.12757025938492E-15,-1.,0.));
#6894=DIRECTION('',(0.,0.,-1.));
#6895=DIRECTION('',(1.,0.,0.));
#6896=DIRECTION('',(-1.,0.,0.));
#6897=DIRECTION('',(0.,0.,-1.));
#6898=DIRECTION('',(1.,0.,0.));
#6899=DIRECTION('',(-1.12757025938492E-15,1.,0.));
#6900=DIRECTION('',(0.,0.,-1.));
#6901=DIRECTION('',(1.,0.,0.));
#6902=DIRECTION('',(1.,0.,0.));
#6903=DIRECTION('',(0.,0.,-1.));
#6904=DIRECTION('',(1.,0.,0.));
#6905=DIRECTION('',(1.12757025938492E-15,-1.,0.));
#6906=DIRECTION('',(0.,0.,-1.));
#6907=DIRECTION('',(1.,0.,0.));
#6908=DIRECTION('',(-1.,0.,0.));
#6909=DIRECTION('',(0.,0.,-1.));
#6910=DIRECTION('',(1.,0.,0.));
#6911=DIRECTION('',(-1.12757025938492E-15,1.,0.));
#6912=DIRECTION('',(0.,0.,-1.));
#6913=DIRECTION('',(1.,0.,0.));
#6914=DIRECTION('',(1.,0.,0.));
#6915=DIRECTION('',(0.,0.,-1.));
#6916=DIRECTION('',(1.,0.,0.));
#6917=DIRECTION('',(1.12757025938492E-15,-1.,0.));
#6918=DIRECTION('',(0.,0.,-1.));
#6919=DIRECTION('',(1.,0.,0.));
#6920=DIRECTION('',(-1.,0.,0.));
#6921=DIRECTION('',(0.,0.,-1.));
#6922=DIRECTION('',(1.,0.,0.));
#6923=DIRECTION('',(-1.12757025938492E-15,1.,0.));
#6924=DIRECTION('',(0.,0.,-1.));
#6925=DIRECTION('',(1.,0.,0.));
#6926=DIRECTION('',(1.,0.,0.));
#6927=DIRECTION('',(0.,0.,-1.));
#6928=DIRECTION('',(1.,0.,0.));
#6929=DIRECTION('',(1.12757025938492E-15,-1.,0.));
#6930=DIRECTION('',(0.,0.,-1.));
#6931=DIRECTION('',(1.,0.,0.));
#6932=DIRECTION('',(-1.,0.,0.));
#6933=DIRECTION('',(0.,0.,-1.));
#6934=DIRECTION('',(0.999999999999999,0.,0.));
#6935=DIRECTION('',(-1.12757025938492E-15,1.,0.));
#6936=DIRECTION('',(0.,0.,-1.));
#6937=DIRECTION('',(1.,0.,0.));
#6938=DIRECTION('',(1.,0.,0.));
#6939=DIRECTION('',(0.,0.,-1.));
#6940=DIRECTION('',(1.,0.,0.));
#6941=DIRECTION('',(1.12757025938492E-15,-1.,0.));
#6942=DIRECTION('',(0.,0.,-1.));
#6943=DIRECTION('',(1.,0.,0.));
#6944=DIRECTION('',(-1.,0.,0.));
#6945=DIRECTION('',(0.,0.,-1.));
#6946=DIRECTION('',(1.,0.,0.));
#6947=DIRECTION('',(-1.12757025938492E-15,1.,0.));
#6948=DIRECTION('',(0.,0.,-1.));
#6949=DIRECTION('',(1.,0.,0.));
#6950=DIRECTION('',(1.,0.,0.));
#6951=DIRECTION('',(0.,0.,-1.));
#6952=DIRECTION('',(1.,0.,0.));
#6953=DIRECTION('',(1.12757025938492E-15,-1.,0.));
#6954=DIRECTION('',(0.,0.,-1.));
#6955=DIRECTION('',(1.,0.,0.));
#6956=DIRECTION('',(-1.,0.,0.));
#6957=DIRECTION('',(0.,0.,-1.));
#6958=DIRECTION('',(1.,0.,0.));
#6959=DIRECTION('',(-1.12757025938492E-15,1.,0.));
#6960=DIRECTION('',(0.,0.,-1.));
#6961=DIRECTION('',(1.,0.,0.));
#6962=DIRECTION('',(1.,0.,0.));
#6963=DIRECTION('',(0.,0.,-1.));
#6964=DIRECTION('',(1.,0.,0.));
#6965=DIRECTION('',(1.12757025938492E-15,-1.,0.));
#6966=DIRECTION('',(0.,0.,-1.));
#6967=DIRECTION('',(1.,0.,0.));
#6968=DIRECTION('',(-1.,0.,0.));
#6969=DIRECTION('',(0.,0.,-1.));
#6970=DIRECTION('',(1.,0.,0.));
#6971=DIRECTION('',(-1.12757025938492E-15,1.,0.));
#6972=DIRECTION('',(0.,0.,-1.));
#6973=DIRECTION('',(1.,0.,0.));
#6974=DIRECTION('',(1.,0.,0.));
#6975=DIRECTION('',(0.,0.,-1.));
#6976=DIRECTION('',(1.,0.,0.));
#6977=DIRECTION('',(1.12757025938492E-15,-1.,0.));
#6978=DIRECTION('',(0.,0.,-1.));
#6979=DIRECTION('',(1.,0.,0.));
#6980=DIRECTION('',(-1.,0.,0.));
#6981=DIRECTION('',(0.,0.,-1.));
#6982=DIRECTION('',(1.,0.,0.));
#6983=DIRECTION('',(-1.12757025938492E-15,1.,0.));
#6984=DIRECTION('',(0.,0.,-1.));
#6985=DIRECTION('',(1.,0.,0.));
#6986=DIRECTION('',(1.,0.,0.));
#6987=DIRECTION('',(0.,0.,-1.));
#6988=DIRECTION('',(0.999999999999999,0.,0.));
#6989=DIRECTION('',(1.12757025938492E-15,-1.,0.));
#6990=DIRECTION('',(0.,0.,-1.));
#6991=DIRECTION('',(1.,0.,0.));
#6992=DIRECTION('',(-1.,0.,0.));
#6993=DIRECTION('',(0.,0.,-1.));
#6994=DIRECTION('',(1.,0.,0.));
#6995=DIRECTION('',(-1.12757025938492E-15,1.,0.));
#6996=DIRECTION('',(0.,0.,-1.));
#6997=DIRECTION('',(1.,0.,0.));
#6998=DIRECTION('',(1.,0.,0.));
#6999=DIRECTION('',(0.,0.,-1.));
#7000=DIRECTION('',(0.999999999999999,0.,0.));
#7001=DIRECTION('',(1.12757025938492E-15,-1.,0.));
#7002=DIRECTION('',(0.,0.,-1.));
#7003=DIRECTION('',(1.,0.,0.));
#7004=DIRECTION('',(-1.,0.,0.));
#7005=DIRECTION('',(0.,0.,-1.));
#7006=DIRECTION('',(0.999999999999999,0.,0.));
#7007=DIRECTION('',(-1.12757025938492E-15,1.,0.));
#7008=DIRECTION('',(0.,0.,-1.));
#7009=DIRECTION('',(1.,0.,0.));
#7010=DIRECTION('',(1.,0.,0.));
#7011=DIRECTION('',(0.,0.,-1.));
#7012=DIRECTION('',(1.,0.,0.));
#7013=DIRECTION('',(1.12757025938492E-15,-1.,0.));
#7014=DIRECTION('',(0.,0.,-1.));
#7015=DIRECTION('',(1.,0.,0.));
#7016=DIRECTION('',(-1.,0.,0.));
#7017=DIRECTION('',(0.,0.,-1.));
#7018=DIRECTION('',(1.,0.,0.));
#7019=DIRECTION('',(-1.12757025938492E-15,1.,0.));
#7020=DIRECTION('',(0.,0.,-1.));
#7021=DIRECTION('',(1.,0.,0.));
#7022=DIRECTION('',(1.,0.,0.));
#7023=DIRECTION('',(0.,0.,-1.));
#7024=DIRECTION('',(0.999999999999999,0.,0.));
#7025=DIRECTION('',(1.12757025938492E-15,-1.,0.));
#7026=DIRECTION('',(0.,0.,-1.));
#7027=DIRECTION('',(1.,0.,0.));
#7028=DIRECTION('',(-1.,0.,0.));
#7029=DIRECTION('',(0.,0.,-1.));
#7030=DIRECTION('',(1.,0.,0.));
#7031=DIRECTION('',(-1.12757025938492E-15,1.,0.));
#7032=DIRECTION('',(0.,0.,-1.));
#7033=DIRECTION('',(1.,0.,0.));
#7034=DIRECTION('',(1.,0.,0.));
#7035=DIRECTION('',(0.,0.,-1.));
#7036=DIRECTION('',(0.999999999999999,0.,0.));
#7037=DIRECTION('',(1.12757025938492E-15,-1.,0.));
#7038=DIRECTION('',(0.,0.,-1.));
#7039=DIRECTION('',(1.,0.,0.));
#7040=DIRECTION('',(-1.,0.,0.));
#7041=DIRECTION('',(0.,0.,-1.));
#7042=DIRECTION('',(1.,0.,0.));
#7043=DIRECTION('',(-1.12757025938492E-15,1.,0.));
#7044=DIRECTION('',(0.,0.,-1.));
#7045=DIRECTION('',(1.,0.,0.));
#7046=DIRECTION('',(1.,0.,0.));
#7047=DIRECTION('',(0.,0.,-1.));
#7048=DIRECTION('',(1.,0.,0.));
#7049=DIRECTION('',(1.12757025938492E-15,-1.,0.));
#7050=DIRECTION('',(0.,0.,-1.));
#7051=DIRECTION('',(1.,0.,0.));
#7052=DIRECTION('',(-1.,0.,0.));
#7053=DIRECTION('',(0.,0.,-1.));
#7054=DIRECTION('',(1.,0.,0.));
#7055=DIRECTION('',(-1.12757025938492E-15,1.,0.));
#7056=DIRECTION('',(0.,0.,-1.));
#7057=DIRECTION('',(1.,0.,0.));
#7058=DIRECTION('',(1.,0.,0.));
#7059=DIRECTION('',(0.,0.,-1.));
#7060=DIRECTION('',(0.999999999999999,0.,0.));
#7061=DIRECTION('',(1.12757025938492E-15,-1.,0.));
#7062=DIRECTION('',(0.,0.,-1.));
#7063=DIRECTION('',(1.,0.,0.));
#7064=DIRECTION('',(-1.,0.,0.));
#7065=DIRECTION('',(0.,0.,-1.));
#7066=DIRECTION('',(0.999999999999999,0.,0.));
#7067=DIRECTION('',(-1.12757025938492E-15,1.,0.));
#7068=DIRECTION('',(0.,0.,-1.));
#7069=DIRECTION('',(1.,0.,0.));
#7070=DIRECTION('',(1.,0.,0.));
#7071=DIRECTION('',(0.,0.,-1.));
#7072=DIRECTION('',(1.,0.,0.));
#7073=DIRECTION('',(1.12757025938492E-15,-1.,0.));
#7074=DIRECTION('',(0.,0.,-1.));
#7075=DIRECTION('',(1.,0.,0.));
#7076=DIRECTION('',(-1.,0.,0.));
#7077=DIRECTION('',(0.,0.,-1.));
#7078=DIRECTION('',(1.,0.,0.));
#7079=DIRECTION('',(-1.12757025938492E-15,1.,0.));
#7080=DIRECTION('',(0.,0.,-1.));
#7081=DIRECTION('',(1.,0.,0.));
#7082=DIRECTION('',(1.,0.,0.));
#7083=DIRECTION('',(0.,0.,-1.));
#7084=DIRECTION('',(0.999999999999999,0.,0.));
#7085=DIRECTION('',(1.12757025938492E-15,-1.,0.));
#7086=DIRECTION('',(0.,0.,-1.));
#7087=DIRECTION('',(1.,0.,0.));
#7088=DIRECTION('',(-1.,0.,0.));
#7089=DIRECTION('',(0.,0.,-1.));
#7090=DIRECTION('',(0.999999999999999,0.,0.));
#7091=DIRECTION('',(-1.12757025938492E-15,1.,0.));
#7092=DIRECTION('',(0.,0.,-1.));
#7093=DIRECTION('',(1.,0.,0.));
#7094=DIRECTION('',(1.,0.,0.));
#7095=DIRECTION('',(0.,0.,-1.));
#7096=DIRECTION('',(1.,0.,0.));
#7097=DIRECTION('',(1.12757025938492E-15,-1.,0.));
#7098=DIRECTION('',(0.,0.,-1.));
#7099=DIRECTION('',(1.,0.,0.));
#7100=DIRECTION('',(-1.,0.,0.));
#7101=DIRECTION('',(0.,0.,-1.));
#7102=DIRECTION('',(1.,0.,0.));
#7103=DIRECTION('',(-1.12757025938492E-15,1.,0.));
#7104=DIRECTION('',(0.,0.,-1.));
#7105=DIRECTION('',(1.,0.,0.));
#7106=DIRECTION('',(1.,0.,0.));
#7107=DIRECTION('',(0.,0.,-1.));
#7108=DIRECTION('',(1.,0.,0.));
#7109=DIRECTION('',(1.12757025938492E-15,-1.,0.));
#7110=DIRECTION('',(0.,0.,-1.));
#7111=DIRECTION('',(1.,0.,0.));
#7112=DIRECTION('',(-1.,0.,0.));
#7113=DIRECTION('',(0.,0.,-1.));
#7114=DIRECTION('',(1.,0.,0.));
#7115=DIRECTION('',(-1.12757025938492E-15,1.,0.));
#7116=DIRECTION('',(0.,0.,-1.));
#7117=DIRECTION('',(1.,0.,0.));
#7118=DIRECTION('',(1.,0.,0.));
#7119=DIRECTION('',(0.,0.,-1.));
#7120=DIRECTION('',(1.,0.,0.));
#7121=DIRECTION('',(1.12757025938492E-15,-1.,0.));
#7122=DIRECTION('',(0.,0.,-1.));
#7123=DIRECTION('',(1.,0.,0.));
#7124=DIRECTION('',(-1.,0.,0.));
#7125=DIRECTION('',(0.,0.,-1.));
#7126=DIRECTION('',(1.,0.,0.));
#7127=DIRECTION('',(-1.12757025938492E-15,1.,0.));
#7128=DIRECTION('',(0.,0.,-1.));
#7129=DIRECTION('',(1.,0.,0.));
#7130=DIRECTION('',(1.,0.,0.));
#7131=DIRECTION('',(0.,0.,-1.));
#7132=DIRECTION('',(1.,0.,0.));
#7133=DIRECTION('',(1.12757025938492E-15,-1.,0.));
#7134=DIRECTION('',(0.,0.,-1.));
#7135=DIRECTION('',(1.,0.,0.));
#7136=DIRECTION('',(-1.,0.,0.));
#7137=DIRECTION('',(0.,0.,-1.));
#7138=DIRECTION('',(1.,0.,0.));
#7139=DIRECTION('',(-1.12757025938492E-15,1.,0.));
#7140=DIRECTION('',(0.,0.,-1.));
#7141=DIRECTION('',(1.,0.,0.));
#7142=DIRECTION('',(1.,0.,0.));
#7143=DIRECTION('',(0.,0.,-1.));
#7144=DIRECTION('',(1.,0.,0.));
#7145=DIRECTION('',(1.12757025938492E-15,-1.,0.));
#7146=DIRECTION('',(0.,0.,-1.));
#7147=DIRECTION('',(1.,0.,0.));
#7148=DIRECTION('',(-1.,0.,0.));
#7149=DIRECTION('',(0.,0.,-1.));
#7150=DIRECTION('',(0.999999999999999,0.,0.));
#7151=DIRECTION('',(-1.12757025938492E-15,1.,0.));
#7152=DIRECTION('',(0.,0.,-1.));
#7153=DIRECTION('',(1.,0.,0.));
#7154=DIRECTION('',(1.,0.,0.));
#7155=DIRECTION('',(0.,0.,-1.));
#7156=DIRECTION('',(1.,0.,0.));
#7157=DIRECTION('',(1.12757025938492E-15,-1.,0.));
#7158=DIRECTION('',(0.,0.,-1.));
#7159=DIRECTION('',(1.,0.,0.));
#7160=DIRECTION('',(-1.,0.,0.));
#7161=DIRECTION('',(0.,0.,-1.));
#7162=DIRECTION('',(1.,0.,0.));
#7163=DIRECTION('',(-1.12757025938492E-15,1.,0.));
#7164=DIRECTION('',(0.,0.,-1.));
#7165=DIRECTION('',(1.,0.,0.));
#7166=DIRECTION('',(1.,0.,0.));
#7167=DIRECTION('',(0.,0.,-1.));
#7168=DIRECTION('',(0.999999999999999,0.,0.));
#7169=DIRECTION('',(1.12757025938492E-15,-1.,0.));
#7170=DIRECTION('',(0.,0.,-1.));
#7171=DIRECTION('',(1.,0.,0.));
#7172=DIRECTION('',(-1.,0.,0.));
#7173=DIRECTION('',(0.,0.,-1.));
#7174=DIRECTION('',(0.999999999999999,0.,0.));
#7175=DIRECTION('',(-1.12757025938492E-15,1.,0.));
#7176=DIRECTION('',(0.,0.,-1.));
#7177=DIRECTION('',(1.,0.,0.));
#7178=DIRECTION('',(1.,0.,0.));
#7179=DIRECTION('',(0.,0.,-1.));
#7180=DIRECTION('',(1.,0.,0.));
#7181=DIRECTION('',(1.12757025938492E-15,-1.,0.));
#7182=DIRECTION('',(0.,0.,-1.));
#7183=DIRECTION('',(1.,0.,0.));
#7184=DIRECTION('',(-1.,0.,0.));
#7185=DIRECTION('',(0.,0.,-1.));
#7186=DIRECTION('',(1.,0.,0.));
#7187=DIRECTION('',(-1.12757025938492E-15,1.,0.));
#7188=DIRECTION('',(0.,0.,-1.));
#7189=DIRECTION('',(1.,0.,0.));
#7190=DIRECTION('',(1.,0.,0.));
#7191=DIRECTION('',(0.,0.,-1.));
#7192=DIRECTION('',(0.999999999999999,0.,0.));
#7193=DIRECTION('',(1.12757025938492E-15,-1.,0.));
#7194=DIRECTION('',(0.,0.,-1.));
#7195=DIRECTION('',(1.,0.,0.));
#7196=DIRECTION('',(-1.,0.,0.));
#7197=DIRECTION('',(0.,0.,-1.));
#7198=DIRECTION('',(1.,0.,0.));
#7199=DIRECTION('',(-1.12757025938492E-15,1.,0.));
#7200=DIRECTION('',(0.,0.,-1.));
#7201=DIRECTION('',(1.,0.,0.));
#7202=DIRECTION('',(1.,0.,0.));
#7203=DIRECTION('',(0.,0.,-1.));
#7204=DIRECTION('',(0.999999999999999,0.,0.));
#7205=DIRECTION('',(1.12757025938492E-15,-1.,0.));
#7206=DIRECTION('',(0.,0.,-1.));
#7207=DIRECTION('',(1.,0.,0.));
#7208=DIRECTION('',(-1.,0.,0.));
#7209=DIRECTION('',(0.,0.,-1.));
#7210=DIRECTION('',(0.999999999999999,0.,0.));
#7211=DIRECTION('',(-1.12757025938492E-15,1.,0.));
#7212=DIRECTION('',(0.,0.,-1.));
#7213=DIRECTION('',(1.,0.,0.));
#7214=DIRECTION('',(1.,0.,0.));
#7215=DIRECTION('',(0.,0.,-1.));
#7216=DIRECTION('',(1.,0.,0.));
#7217=DIRECTION('',(1.12757025938492E-15,-1.,0.));
#7218=DIRECTION('',(0.,0.,-1.));
#7219=DIRECTION('',(1.,0.,0.));
#7220=DIRECTION('',(-1.,0.,0.));
#7221=DIRECTION('',(0.,0.,-1.));
#7222=DIRECTION('',(1.,0.,0.));
#7223=DIRECTION('',(-1.12757025938492E-15,1.,0.));
#7224=DIRECTION('',(0.,0.,-1.));
#7225=DIRECTION('',(1.,0.,0.));
#7226=DIRECTION('',(1.,0.,0.));
#7227=DIRECTION('',(0.,0.,-1.));
#7228=DIRECTION('',(1.,0.,0.));
#7229=DIRECTION('',(1.12757025938492E-15,-1.,0.));
#7230=DIRECTION('',(0.,0.,-1.));
#7231=DIRECTION('',(1.,0.,0.));
#7232=DIRECTION('',(-1.,0.,0.));
#7233=DIRECTION('',(0.,0.,-1.));
#7234=DIRECTION('',(0.999999999999999,0.,0.));
#7235=DIRECTION('',(-1.12757025938492E-15,1.,0.));
#7236=DIRECTION('',(0.,0.,-1.));
#7237=DIRECTION('',(1.,0.,0.));
#7238=DIRECTION('',(1.,0.,0.));
#7239=DIRECTION('',(0.,0.,-1.));
#7240=DIRECTION('',(1.,0.,0.));
#7241=DIRECTION('',(1.12757025938492E-15,-1.,0.));
#7242=DIRECTION('',(0.,0.,-1.));
#7243=DIRECTION('',(1.,0.,0.));
#7244=DIRECTION('',(-1.,0.,0.));
#7245=DIRECTION('',(0.,0.,-1.));
#7246=DIRECTION('',(1.,0.,0.));
#7247=DIRECTION('',(-1.12757025938492E-15,1.,0.));
#7248=DIRECTION('',(0.,0.,-1.));
#7249=DIRECTION('',(1.,0.,0.));
#7250=DIRECTION('',(1.,0.,0.));
#7251=DIRECTION('',(0.,0.,-1.));
#7252=DIRECTION('',(1.,0.,0.));
#7253=DIRECTION('',(0.,0.,1.));
#7254=DIRECTION('',(0.999999999999999,0.,0.));
#7255=DIRECTION('',(0.,0.,1.));
#7256=DIRECTION('',(0.999999999999999,0.,0.));
#7257=DIRECTION('',(0.,0.,1.));
#7258=DIRECTION('',(0.999999999999999,0.,0.));
#7259=DIRECTION('',(0.,0.,1.));
#7260=DIRECTION('',(0.999999999999999,0.,0.));
#7261=DIRECTION('',(0.,0.,1.));
#7262=DIRECTION('',(1.,0.,0.));
#7263=DIRECTION('',(0.,0.,1.));
#7264=DIRECTION('',(0.999999999999999,0.,0.));
#7265=DIRECTION('',(0.,0.,1.));
#7266=DIRECTION('',(0.999999999999999,0.,0.));
#7267=DIRECTION('',(0.,0.,1.));
#7268=DIRECTION('',(0.999999999999999,0.,0.));
#7269=DIRECTION('',(0.,0.,1.));
#7270=DIRECTION('',(0.999999999999999,0.,0.));
#7271=DIRECTION('',(0.,0.,-1.));
#7272=DIRECTION('',(-1.12757025938492E-15,1.,0.));
#7273=DIRECTION('',(0.,0.,1.));
#7274=DIRECTION('',(-1.,-1.12757025938492E-15,0.));
#7275=DIRECTION('',(1.12757025938492E-15,-1.,0.));
#7276=DIRECTION('',(-1.,0.,0.));
#7277=DIRECTION('',(0.,0.,1.));
#7278=DIRECTION('',(0.,0.,-1.));
#7279=DIRECTION('',(0.,-1.,0.));
#7280=DIRECTION('',(0.,0.,-1.));
#7281=DIRECTION('',(1.12757025938492E-15,-1.,0.));
#7282=DIRECTION('',(0.,0.,1.));
#7283=DIRECTION('',(0.,0.,-1.));
#7284=DIRECTION('',(1.,1.12757025938492E-15,0.));
#7285=DIRECTION('',(-1.12757025938492E-15,1.,0.));
#7286=DIRECTION('',(1.,0.,0.));
#7287=DIRECTION('',(0.,0.,1.));
#7288=DIRECTION('',(0.,0.,-1.));
#7289=DIRECTION('',(0.,1.,0.));
#7290=DIRECTION('',(0.,0.,1.));
#7291=DIRECTION('',(0.,0.,1.));
#7292=DIRECTION('',(1.,0.,0.));
#7293=DIRECTION('',(0.,0.,1.));
#7294=DIRECTION('',(1.,0.,0.));
#7295=DIRECTION('',(0.,0.,1.));
#7296=DIRECTION('',(1.,0.,0.));
#7297=DIRECTION('',(0.,0.,1.));
#7298=DIRECTION('',(1.,0.,0.));
#7299=DIRECTION('',(0.,0.,1.));
#7300=DIRECTION('',(1.,0.,0.));
#7301=DIRECTION('',(0.,0.,1.));
#7302=DIRECTION('',(1.,0.,0.));
#7303=DIRECTION('',(0.,0.,1.));
#7304=DIRECTION('',(1.,0.,0.));
#7305=DIRECTION('',(0.,0.,1.));
#7306=DIRECTION('',(1.,0.,0.));
#7307=DIRECTION('',(0.,0.,1.));
#7308=DIRECTION('',(1.,0.,0.));
#7309=DIRECTION('',(0.,0.,-1.));
#7310=DIRECTION('',(-1.12757025938492E-15,1.,0.));
#7311=DIRECTION('',(0.,0.,1.));
#7312=DIRECTION('',(-1.,-1.12757025938492E-15,0.));
#7313=DIRECTION('',(1.12757025938492E-15,-1.,0.));
#7314=DIRECTION('',(-1.,0.,0.));
#7315=DIRECTION('',(0.,0.,1.));
#7316=DIRECTION('',(0.,0.,-1.));
#7317=DIRECTION('',(0.,-1.,0.));
#7318=DIRECTION('',(0.,0.,-1.));
#7319=DIRECTION('',(1.12757025938492E-15,-1.,0.));
#7320=DIRECTION('',(0.,0.,1.));
#7321=DIRECTION('',(0.,0.,-1.));
#7322=DIRECTION('',(1.,1.12757025938492E-15,0.));
#7323=DIRECTION('',(-1.12757025938492E-15,1.,0.));
#7324=DIRECTION('',(1.,0.,0.));
#7325=DIRECTION('',(0.,0.,1.));
#7326=DIRECTION('',(0.,0.,-1.));
#7327=DIRECTION('',(0.,1.,0.));
#7328=DIRECTION('',(0.,0.,1.));
#7329=DIRECTION('',(0.,0.,1.));
#7330=DIRECTION('',(1.,0.,0.));
#7331=DIRECTION('',(0.,0.,1.));
#7332=DIRECTION('',(1.,0.,0.));
#7333=DIRECTION('',(0.,0.,1.));
#7334=DIRECTION('',(0.999999999999999,0.,0.));
#7335=DIRECTION('',(0.,0.,1.));
#7336=DIRECTION('',(1.,0.,0.));
#7337=DIRECTION('',(0.,0.,1.));
#7338=DIRECTION('',(1.,0.,0.));
#7339=DIRECTION('',(0.,0.,-1.));
#7340=DIRECTION('',(-1.12757025938492E-15,1.,0.));
#7341=DIRECTION('',(0.,0.,1.));
#7342=DIRECTION('',(-1.,-1.12757025938492E-15,0.));
#7343=DIRECTION('',(1.12410081243297E-15,-1.,0.));
#7344=DIRECTION('',(-1.,0.,0.));
#7345=DIRECTION('',(0.,0.,1.));
#7346=DIRECTION('',(0.,0.,-1.));
#7347=DIRECTION('',(0.,-1.,0.));
#7348=DIRECTION('',(0.,0.,-1.));
#7349=DIRECTION('',(1.12757025938492E-15,-1.,0.));
#7350=DIRECTION('',(0.,0.,1.));
#7351=DIRECTION('',(0.,0.,-1.));
#7352=DIRECTION('',(1.,1.12757025938492E-15,0.));
#7353=DIRECTION('',(-1.12410081243297E-15,1.,0.));
#7354=DIRECTION('',(1.,0.,0.));
#7355=DIRECTION('',(0.,0.,1.));
#7356=DIRECTION('',(0.,0.,-1.));
#7357=DIRECTION('',(0.,1.,0.));
#7358=DIRECTION('',(0.,0.,1.));
#7359=DIRECTION('',(0.,0.,1.));
#7360=DIRECTION('',(1.,0.,0.));
#7361=DIRECTION('',(0.,0.,1.));
#7362=DIRECTION('',(1.,0.,0.));
#7363=DIRECTION('',(0.,0.,1.));
#7364=DIRECTION('',(1.,0.,0.));
#7365=DIRECTION('',(0.,0.,1.));
#7366=DIRECTION('',(1.,0.,0.));
#7367=DIRECTION('',(0.,0.,1.));
#7368=DIRECTION('',(1.,0.,0.));
#7369=DIRECTION('',(0.,0.,-1.));
#7370=DIRECTION('',(-1.12757025938492E-15,1.,0.));
#7371=DIRECTION('',(0.,0.,1.));
#7372=DIRECTION('',(-1.,-1.12757025938492E-15,0.));
#7373=DIRECTION('',(1.12757025938492E-15,-1.,0.));
#7374=DIRECTION('',(-1.,0.,0.));
#7375=DIRECTION('',(0.,0.,1.));
#7376=DIRECTION('',(0.,0.,-1.));
#7377=DIRECTION('',(0.,-1.,0.));
#7378=DIRECTION('',(0.,0.,-1.));
#7379=DIRECTION('',(1.12757025938492E-15,-1.,0.));
#7380=DIRECTION('',(0.,0.,1.));
#7381=DIRECTION('',(0.,0.,-1.));
#7382=DIRECTION('',(1.,1.12757025938492E-15,0.));
#7383=DIRECTION('',(-1.12757025938492E-15,1.,0.));
#7384=DIRECTION('',(1.,0.,0.));
#7385=DIRECTION('',(0.,0.,1.));
#7386=DIRECTION('',(0.,0.,-1.));
#7387=DIRECTION('',(0.,1.,0.));
#7388=DIRECTION('',(0.,0.,1.));
#7389=DIRECTION('',(0.,0.,1.));
#7390=DIRECTION('',(1.,0.,0.));
#7391=DIRECTION('',(0.,0.,1.));
#7392=DIRECTION('',(1.,0.,0.));
#7393=DIRECTION('',(0.,0.,1.));
#7394=DIRECTION('',(0.999999999999999,0.,0.));
#7395=DIRECTION('',(0.,0.,1.));
#7396=DIRECTION('',(1.,0.,0.));
#7397=DIRECTION('',(0.,0.,1.));
#7398=DIRECTION('',(1.,0.,0.));
#7399=DIRECTION('',(0.,0.,-1.));
#7400=DIRECTION('',(-1.12757025938492E-15,1.,0.));
#7401=DIRECTION('',(0.,0.,1.));
#7402=DIRECTION('',(-1.,-1.12757025938492E-15,0.));
#7403=DIRECTION('',(1.12757025938492E-15,-1.,0.));
#7404=DIRECTION('',(-1.,0.,0.));
#7405=DIRECTION('',(0.,0.,1.));
#7406=DIRECTION('',(0.,0.,-1.));
#7407=DIRECTION('',(0.,-1.,0.));
#7408=DIRECTION('',(0.,0.,-1.));
#7409=DIRECTION('',(1.12757025938492E-15,-1.,0.));
#7410=DIRECTION('',(0.,0.,1.));
#7411=DIRECTION('',(0.,0.,-1.));
#7412=DIRECTION('',(1.,1.12757025938492E-15,0.));
#7413=DIRECTION('',(-1.12757025938492E-15,1.,0.));
#7414=DIRECTION('',(1.,0.,0.));
#7415=DIRECTION('',(0.,0.,1.));
#7416=DIRECTION('',(0.,0.,-1.));
#7417=DIRECTION('',(0.,1.,0.));
#7418=DIRECTION('',(0.,0.,1.));
#7419=DIRECTION('',(0.,0.,1.));
#7420=DIRECTION('',(0.999999999999999,0.,0.));
#7421=DIRECTION('',(0.,0.,1.));
#7422=DIRECTION('',(1.,0.,0.));
#7423=DIRECTION('',(0.,0.,1.));
#7424=DIRECTION('',(1.,0.,0.));
#7425=DIRECTION('',(0.,0.,1.));
#7426=DIRECTION('',(1.,0.,0.));
#7427=DIRECTION('',(0.,0.,1.));
#7428=DIRECTION('',(1.,0.,0.));
#7429=DIRECTION('',(0.,0.,-1.));
#7430=DIRECTION('',(-1.12757025938492E-15,1.,0.));
#7431=DIRECTION('',(0.,0.,1.));
#7432=DIRECTION('',(-1.,-1.12757025938492E-15,0.));
#7433=DIRECTION('',(1.12757025938492E-15,-1.,0.));
#7434=DIRECTION('',(-1.,0.,0.));
#7435=DIRECTION('',(0.,0.,1.));
#7436=DIRECTION('',(0.,0.,-1.));
#7437=DIRECTION('',(0.,-1.,0.));
#7438=DIRECTION('',(0.,0.,-1.));
#7439=DIRECTION('',(1.12757025938492E-15,-1.,0.));
#7440=DIRECTION('',(0.,0.,1.));
#7441=DIRECTION('',(0.,0.,-1.));
#7442=DIRECTION('',(1.,1.12757025938492E-15,0.));
#7443=DIRECTION('',(-1.12410081243297E-15,1.,0.));
#7444=DIRECTION('',(1.,0.,0.));
#7445=DIRECTION('',(0.,0.,1.));
#7446=DIRECTION('',(0.,0.,-1.));
#7447=DIRECTION('',(0.,1.,0.));
#7448=DIRECTION('',(0.,0.,1.));
#7449=DIRECTION('',(0.,0.,1.));
#7450=DIRECTION('',(0.999999999999999,0.,0.));
#7451=DIRECTION('',(0.,0.,1.));
#7452=DIRECTION('',(1.,0.,0.));
#7453=DIRECTION('',(0.,0.,1.));
#7454=DIRECTION('',(1.,0.,0.));
#7455=DIRECTION('',(0.,0.,1.));
#7456=DIRECTION('',(1.,0.,0.));
#7457=DIRECTION('',(0.,0.,1.));
#7458=DIRECTION('',(1.,0.,0.));
#7459=DIRECTION('',(0.,0.,-1.));
#7460=DIRECTION('',(-1.12757025938492E-15,1.,0.));
#7461=DIRECTION('',(0.,0.,1.));
#7462=DIRECTION('',(-1.,-1.12757025938492E-15,0.));
#7463=DIRECTION('',(1.13103970633688E-15,-1.,0.));
#7464=DIRECTION('',(-1.,0.,0.));
#7465=DIRECTION('',(0.,0.,1.));
#7466=DIRECTION('',(0.,0.,-1.));
#7467=DIRECTION('',(0.,-1.,0.));
#7468=DIRECTION('',(0.,0.,-1.));
#7469=DIRECTION('',(1.12757025938492E-15,-1.,0.));
#7470=DIRECTION('',(0.,0.,1.));
#7471=DIRECTION('',(0.,0.,-1.));
#7472=DIRECTION('',(1.,1.12757025938492E-15,0.));
#7473=DIRECTION('',(-1.12757025938492E-15,1.,0.));
#7474=DIRECTION('',(1.,0.,0.));
#7475=DIRECTION('',(0.,0.,1.));
#7476=DIRECTION('',(0.,0.,-1.));
#7477=DIRECTION('',(0.,1.,0.));
#7478=DIRECTION('',(0.,0.,1.));
#7479=DIRECTION('',(0.,0.,1.));
#7480=DIRECTION('',(1.,0.,0.));
#7481=DIRECTION('',(0.,0.,1.));
#7482=DIRECTION('',(1.,0.,0.));
#7483=DIRECTION('',(0.,0.,1.));
#7484=DIRECTION('',(0.999999999999999,0.,0.));
#7485=DIRECTION('',(0.,0.,1.));
#7486=DIRECTION('',(1.,0.,0.));
#7487=DIRECTION('',(0.,0.,1.));
#7488=DIRECTION('',(1.,0.,0.));
#7489=DIRECTION('',(0.,0.,-1.));
#7490=DIRECTION('',(-1.12757025938492E-15,1.,0.));
#7491=DIRECTION('',(0.,0.,1.));
#7492=DIRECTION('',(-1.,-1.12757025938492E-15,0.));
#7493=DIRECTION('',(1.12757025938492E-15,-1.,0.));
#7494=DIRECTION('',(-1.,0.,0.));
#7495=DIRECTION('',(0.,0.,1.));
#7496=DIRECTION('',(0.,0.,-1.));
#7497=DIRECTION('',(0.,-1.,0.));
#7498=DIRECTION('',(0.,0.,-1.));
#7499=DIRECTION('',(1.12757025938492E-15,-1.,0.));
#7500=DIRECTION('',(0.,0.,1.));
#7501=DIRECTION('',(0.,0.,-1.));
#7502=DIRECTION('',(1.,1.12757025938492E-15,0.));
#7503=DIRECTION('',(-1.12410081243297E-15,1.,0.));
#7504=DIRECTION('',(1.,0.,0.));
#7505=DIRECTION('',(0.,0.,1.));
#7506=DIRECTION('',(0.,0.,-1.));
#7507=DIRECTION('',(0.,1.,0.));
#7508=DIRECTION('',(0.,0.,1.));
#7509=DIRECTION('',(0.,0.,1.));
#7510=DIRECTION('',(0.999999999999999,0.,0.));
#7511=DIRECTION('',(0.,0.,1.));
#7512=DIRECTION('',(1.,0.,0.));
#7513=DIRECTION('',(0.,0.,1.));
#7514=DIRECTION('',(1.,0.,0.));
#7515=DIRECTION('',(0.,0.,1.));
#7516=DIRECTION('',(1.,0.,0.));
#7517=DIRECTION('',(0.,0.,1.));
#7518=DIRECTION('',(1.,0.,0.));
#7519=DIRECTION('',(0.,0.,-1.));
#7520=DIRECTION('',(-1.12757025938492E-15,1.,0.));
#7521=DIRECTION('',(0.,0.,1.));
#7522=DIRECTION('',(-1.,-1.12757025938492E-15,0.));
#7523=DIRECTION('',(1.13103970633688E-15,-1.,0.));
#7524=DIRECTION('',(-1.,0.,0.));
#7525=DIRECTION('',(0.,0.,1.));
#7526=DIRECTION('',(0.,0.,-1.));
#7527=DIRECTION('',(0.,-1.,0.));
#7528=DIRECTION('',(0.,0.,-1.));
#7529=DIRECTION('',(1.12757025938492E-15,-1.,0.));
#7530=DIRECTION('',(0.,0.,1.));
#7531=DIRECTION('',(0.,0.,-1.));
#7532=DIRECTION('',(1.,1.12757025938492E-15,0.));
#7533=DIRECTION('',(-1.12757025938492E-15,1.,0.));
#7534=DIRECTION('',(1.,0.,0.));
#7535=DIRECTION('',(0.,0.,1.));
#7536=DIRECTION('',(0.,0.,-1.));
#7537=DIRECTION('',(0.,1.,0.));
#7538=DIRECTION('',(0.,0.,1.));
#7539=DIRECTION('',(0.,0.,1.));
#7540=DIRECTION('',(1.,0.,0.));
#7541=DIRECTION('',(0.,0.,1.));
#7542=DIRECTION('',(1.,0.,0.));
#7543=DIRECTION('',(0.,0.,1.));
#7544=DIRECTION('',(0.999999999999999,0.,0.));
#7545=DIRECTION('',(0.,0.,1.));
#7546=DIRECTION('',(1.,0.,0.));
#7547=DIRECTION('',(0.,0.,1.));
#7548=DIRECTION('',(1.,0.,0.));
#7549=DIRECTION('',(0.,0.,-1.));
#7550=DIRECTION('',(-1.12757025938492E-15,1.,0.));
#7551=DIRECTION('',(0.,0.,1.));
#7552=DIRECTION('',(-1.,-1.12757025938492E-15,0.));
#7553=DIRECTION('',(1.12410081243297E-15,-1.,0.));
#7554=DIRECTION('',(-1.,0.,0.));
#7555=DIRECTION('',(0.,0.,1.));
#7556=DIRECTION('',(0.,0.,-1.));
#7557=DIRECTION('',(0.,-1.,0.));
#7558=DIRECTION('',(0.,0.,-1.));
#7559=DIRECTION('',(1.12757025938492E-15,-1.,0.));
#7560=DIRECTION('',(0.,0.,1.));
#7561=DIRECTION('',(0.,0.,-1.));
#7562=DIRECTION('',(1.,1.12757025938492E-15,0.));
#7563=DIRECTION('',(-1.12410081243297E-15,1.,0.));
#7564=DIRECTION('',(1.,0.,0.));
#7565=DIRECTION('',(0.,0.,1.));
#7566=DIRECTION('',(0.,0.,-1.));
#7567=DIRECTION('',(0.,1.,0.));
#7568=DIRECTION('',(0.,0.,1.));
#7569=DIRECTION('',(0.,0.,1.));
#7570=DIRECTION('',(1.,0.,0.));
#7571=DIRECTION('',(0.,0.,1.));
#7572=DIRECTION('',(1.,0.,0.));
#7573=DIRECTION('',(0.,0.,1.));
#7574=DIRECTION('',(1.,0.,0.));
#7575=DIRECTION('',(0.,0.,1.));
#7576=DIRECTION('',(1.,0.,0.));
#7577=DIRECTION('',(0.,0.,1.));
#7578=DIRECTION('',(1.,0.,0.));
#7579=DIRECTION('',(0.,0.,-1.));
#7580=DIRECTION('',(-1.12757025938492E-15,1.,0.));
#7581=DIRECTION('',(0.,0.,1.));
#7582=DIRECTION('',(-1.,-1.12757025938492E-15,0.));
#7583=DIRECTION('',(1.12410081243297E-15,-1.,0.));
#7584=DIRECTION('',(-1.,0.,0.));
#7585=DIRECTION('',(0.,0.,1.));
#7586=DIRECTION('',(0.,0.,-1.));
#7587=DIRECTION('',(0.,-1.,0.));
#7588=DIRECTION('',(0.,0.,-1.));
#7589=DIRECTION('',(1.12757025938492E-15,-1.,0.));
#7590=DIRECTION('',(0.,0.,1.));
#7591=DIRECTION('',(0.,0.,-1.));
#7592=DIRECTION('',(1.,1.12757025938492E-15,0.));
#7593=DIRECTION('',(-1.12410081243297E-15,1.,0.));
#7594=DIRECTION('',(1.,0.,0.));
#7595=DIRECTION('',(0.,0.,1.));
#7596=DIRECTION('',(0.,0.,-1.));
#7597=DIRECTION('',(0.,1.,0.));
#7598=DIRECTION('',(0.,0.,1.));
#7599=DIRECTION('',(0.,0.,1.));
#7600=DIRECTION('',(1.,0.,0.));
#7601=DIRECTION('',(0.,0.,1.));
#7602=DIRECTION('',(1.,0.,0.));
#7603=DIRECTION('',(0.,0.,1.));
#7604=DIRECTION('',(1.,0.,0.));
#7605=DIRECTION('',(0.,0.,1.));
#7606=DIRECTION('',(1.,0.,0.));
#7607=DIRECTION('',(0.,0.,1.));
#7608=DIRECTION('',(1.,0.,0.));
#7609=DIRECTION('',(0.,0.,-1.));
#7610=DIRECTION('',(-1.12757025938492E-15,1.,0.));
#7611=DIRECTION('',(0.,0.,1.));
#7612=DIRECTION('',(-1.,-1.12757025938492E-15,0.));
#7613=DIRECTION('',(1.12757025938492E-15,-1.,0.));
#7614=DIRECTION('',(-1.,0.,0.));
#7615=DIRECTION('',(0.,0.,1.));
#7616=DIRECTION('',(0.,0.,-1.));
#7617=DIRECTION('',(0.,-1.,0.));
#7618=DIRECTION('',(0.,0.,-1.));
#7619=DIRECTION('',(1.12757025938492E-15,-1.,0.));
#7620=DIRECTION('',(0.,0.,1.));
#7621=DIRECTION('',(0.,0.,-1.));
#7622=DIRECTION('',(1.,1.12757025938492E-15,0.));
#7623=DIRECTION('',(-1.12757025938492E-15,1.,0.));
#7624=DIRECTION('',(1.,0.,0.));
#7625=DIRECTION('',(0.,0.,1.));
#7626=DIRECTION('',(0.,0.,-1.));
#7627=DIRECTION('',(0.,1.,0.));
#7628=DIRECTION('',(0.,0.,1.));
#7629=DIRECTION('',(0.,0.,1.));
#7630=DIRECTION('',(1.,0.,0.));
#7631=DIRECTION('',(0.,0.,1.));
#7632=DIRECTION('',(1.,0.,0.));
#7633=DIRECTION('',(0.,0.,1.));
#7634=DIRECTION('',(1.,0.,0.));
#7635=DIRECTION('',(0.,0.,1.));
#7636=DIRECTION('',(1.,0.,0.));
#7637=DIRECTION('',(0.,0.,1.));
#7638=DIRECTION('',(1.,0.,0.));
#7639=DIRECTION('',(0.,0.,-1.));
#7640=DIRECTION('',(-1.12757025938492E-15,1.,0.));
#7641=DIRECTION('',(0.,0.,1.));
#7642=DIRECTION('',(-1.,-1.12757025938492E-15,0.));
#7643=DIRECTION('',(1.12757025938492E-15,-1.,0.));
#7644=DIRECTION('',(-1.,0.,0.));
#7645=DIRECTION('',(0.,0.,1.));
#7646=DIRECTION('',(0.,0.,-1.));
#7647=DIRECTION('',(0.,-1.,0.));
#7648=DIRECTION('',(0.,0.,-1.));
#7649=DIRECTION('',(1.12757025938492E-15,-1.,0.));
#7650=DIRECTION('',(0.,0.,1.));
#7651=DIRECTION('',(0.,0.,-1.));
#7652=DIRECTION('',(1.,1.12757025938492E-15,0.));
#7653=DIRECTION('',(-1.12757025938492E-15,1.,0.));
#7654=DIRECTION('',(1.,0.,0.));
#7655=DIRECTION('',(0.,0.,1.));
#7656=DIRECTION('',(0.,0.,-1.));
#7657=DIRECTION('',(0.,1.,0.));
#7658=DIRECTION('',(0.,0.,1.));
#7659=DIRECTION('',(0.,0.,1.));
#7660=DIRECTION('',(1.,0.,0.));
#7661=DIRECTION('',(0.,0.,1.));
#7662=DIRECTION('',(1.,0.,0.));
#7663=DIRECTION('',(0.,0.,1.));
#7664=DIRECTION('',(1.,0.,0.));
#7665=DIRECTION('',(0.,0.,1.));
#7666=DIRECTION('',(1.,0.,0.));
#7667=DIRECTION('',(0.,0.,1.));
#7668=DIRECTION('',(1.,0.,0.));
#7669=DIRECTION('',(0.,0.,-1.));
#7670=DIRECTION('',(-1.12757025938492E-15,1.,0.));
#7671=DIRECTION('',(0.,0.,1.));
#7672=DIRECTION('',(-1.,-1.12757025938492E-15,0.));
#7673=DIRECTION('',(1.12757025938492E-15,-1.,0.));
#7674=DIRECTION('',(-1.,0.,0.));
#7675=DIRECTION('',(0.,0.,1.));
#7676=DIRECTION('',(0.,0.,-1.));
#7677=DIRECTION('',(0.,-1.,0.));
#7678=DIRECTION('',(0.,0.,-1.));
#7679=DIRECTION('',(1.12757025938492E-15,-1.,0.));
#7680=DIRECTION('',(0.,0.,1.));
#7681=DIRECTION('',(0.,0.,-1.));
#7682=DIRECTION('',(1.,1.12757025938492E-15,0.));
#7683=DIRECTION('',(-1.12757025938492E-15,1.,0.));
#7684=DIRECTION('',(1.,0.,0.));
#7685=DIRECTION('',(0.,0.,1.));
#7686=DIRECTION('',(0.,0.,-1.));
#7687=DIRECTION('',(0.,1.,0.));
#7688=DIRECTION('',(0.,0.,1.));
#7689=DIRECTION('',(0.,0.,1.));
#7690=DIRECTION('',(1.,0.,0.));
#7691=DIRECTION('',(0.,0.,1.));
#7692=DIRECTION('',(1.,0.,0.));
#7693=DIRECTION('',(0.,0.,1.));
#7694=DIRECTION('',(0.999999999999999,0.,0.));
#7695=DIRECTION('',(0.,0.,1.));
#7696=DIRECTION('',(1.,0.,0.));
#7697=DIRECTION('',(0.,0.,1.));
#7698=DIRECTION('',(1.,0.,0.));
#7699=DIRECTION('',(0.,0.,-1.));
#7700=DIRECTION('',(-1.12757025938492E-15,1.,0.));
#7701=DIRECTION('',(0.,0.,1.));
#7702=DIRECTION('',(-1.,-1.12757025938492E-15,0.));
#7703=DIRECTION('',(1.12757025938492E-15,-1.,0.));
#7704=DIRECTION('',(-1.,0.,0.));
#7705=DIRECTION('',(0.,0.,1.));
#7706=DIRECTION('',(0.,0.,-1.));
#7707=DIRECTION('',(0.,-1.,0.));
#7708=DIRECTION('',(0.,0.,-1.));
#7709=DIRECTION('',(1.12757025938492E-15,-1.,0.));
#7710=DIRECTION('',(0.,0.,1.));
#7711=DIRECTION('',(0.,0.,-1.));
#7712=DIRECTION('',(1.,1.12757025938492E-15,0.));
#7713=DIRECTION('',(-1.12757025938492E-15,1.,0.));
#7714=DIRECTION('',(1.,0.,0.));
#7715=DIRECTION('',(0.,0.,1.));
#7716=DIRECTION('',(0.,0.,-1.));
#7717=DIRECTION('',(0.,1.,0.));
#7718=DIRECTION('',(0.,0.,1.));
#7719=DIRECTION('',(0.,0.,1.));
#7720=DIRECTION('',(0.999999999999999,0.,0.));
#7721=DIRECTION('',(0.,0.,1.));
#7722=DIRECTION('',(1.,0.,0.));
#7723=DIRECTION('',(0.,0.,1.));
#7724=DIRECTION('',(1.,0.,0.));
#7725=DIRECTION('',(0.,0.,1.));
#7726=DIRECTION('',(1.,0.,0.));
#7727=DIRECTION('',(0.,0.,1.));
#7728=DIRECTION('',(1.,0.,0.));
#7729=DIRECTION('',(0.,0.,-1.));
#7730=DIRECTION('',(-1.12757025938492E-15,1.,0.));
#7731=DIRECTION('',(0.,0.,1.));
#7732=DIRECTION('',(-1.,-1.12757025938492E-15,0.));
#7733=DIRECTION('',(1.13103970633688E-15,-1.,0.));
#7734=DIRECTION('',(-1.,0.,0.));
#7735=DIRECTION('',(0.,0.,1.));
#7736=DIRECTION('',(0.,0.,-1.));
#7737=DIRECTION('',(0.,-1.,0.));
#7738=DIRECTION('',(0.,0.,-1.));
#7739=DIRECTION('',(1.12757025938492E-15,-1.,0.));
#7740=DIRECTION('',(0.,0.,1.));
#7741=DIRECTION('',(0.,0.,-1.));
#7742=DIRECTION('',(1.,1.12757025938492E-15,0.));
#7743=DIRECTION('',(-1.12757025938492E-15,1.,0.));
#7744=DIRECTION('',(1.,0.,0.));
#7745=DIRECTION('',(0.,0.,1.));
#7746=DIRECTION('',(0.,0.,-1.));
#7747=DIRECTION('',(0.,1.,0.));
#7748=DIRECTION('',(0.,0.,1.));
#7749=DIRECTION('',(0.,0.,1.));
#7750=DIRECTION('',(1.,0.,0.));
#7751=DIRECTION('',(0.,0.,1.));
#7752=DIRECTION('',(1.,0.,0.));
#7753=DIRECTION('',(0.,0.,1.));
#7754=DIRECTION('',(0.999999999999999,0.,0.));
#7755=DIRECTION('',(0.,0.,1.));
#7756=DIRECTION('',(1.,0.,0.));
#7757=DIRECTION('',(0.,0.,1.));
#7758=DIRECTION('',(1.,0.,0.));
#7759=DIRECTION('',(0.,0.,-1.));
#7760=DIRECTION('',(-1.12757025938492E-15,1.,0.));
#7761=DIRECTION('',(0.,0.,1.));
#7762=DIRECTION('',(-1.,-1.12757025938492E-15,0.));
#7763=DIRECTION('',(1.12757025938492E-15,-1.,0.));
#7764=DIRECTION('',(-1.,0.,0.));
#7765=DIRECTION('',(0.,0.,1.));
#7766=DIRECTION('',(0.,0.,-1.));
#7767=DIRECTION('',(0.,-1.,0.));
#7768=DIRECTION('',(0.,0.,-1.));
#7769=DIRECTION('',(1.12757025938492E-15,-1.,0.));
#7770=DIRECTION('',(0.,0.,1.));
#7771=DIRECTION('',(0.,0.,-1.));
#7772=DIRECTION('',(1.,1.12757025938492E-15,0.));
#7773=DIRECTION('',(-1.12757025938492E-15,1.,0.));
#7774=DIRECTION('',(1.,0.,0.));
#7775=DIRECTION('',(0.,0.,1.));
#7776=DIRECTION('',(0.,0.,-1.));
#7777=DIRECTION('',(0.,1.,0.));
#7778=DIRECTION('',(0.,0.,1.));
#7779=DIRECTION('',(0.,0.,1.));
#7780=DIRECTION('',(0.999999999999999,0.,0.));
#7781=DIRECTION('',(0.,0.,1.));
#7782=DIRECTION('',(1.,0.,0.));
#7783=DIRECTION('',(0.,0.,1.));
#7784=DIRECTION('',(1.,0.,0.));
#7785=DIRECTION('',(0.,0.,1.));
#7786=DIRECTION('',(1.,0.,0.));
#7787=DIRECTION('',(0.,0.,1.));
#7788=DIRECTION('',(1.,0.,0.));
#7789=DIRECTION('',(0.,0.,-1.));
#7790=DIRECTION('',(-1.12757025938492E-15,1.,0.));
#7791=DIRECTION('',(0.,0.,1.));
#7792=DIRECTION('',(-1.,-1.12757025938492E-15,0.));
#7793=DIRECTION('',(1.12410081243297E-15,-1.,0.));
#7794=DIRECTION('',(-1.,0.,0.));
#7795=DIRECTION('',(0.,0.,1.));
#7796=DIRECTION('',(0.,0.,-1.));
#7797=DIRECTION('',(0.,-1.,0.));
#7798=DIRECTION('',(0.,0.,-1.));
#7799=DIRECTION('',(1.12757025938492E-15,-1.,0.));
#7800=DIRECTION('',(0.,0.,1.));
#7801=DIRECTION('',(0.,0.,-1.));
#7802=DIRECTION('',(1.,1.12757025938492E-15,0.));
#7803=DIRECTION('',(-1.12410081243297E-15,1.,0.));
#7804=DIRECTION('',(1.,0.,0.));
#7805=DIRECTION('',(0.,0.,1.));
#7806=DIRECTION('',(0.,0.,-1.));
#7807=DIRECTION('',(0.,1.,0.));
#7808=DIRECTION('',(0.,0.,1.));
#7809=DIRECTION('',(0.,0.,1.));
#7810=DIRECTION('',(1.,0.,0.));
#7811=DIRECTION('',(0.,0.,1.));
#7812=DIRECTION('',(1.,0.,0.));
#7813=DIRECTION('',(0.,0.,1.));
#7814=DIRECTION('',(1.,0.,0.));
#7815=DIRECTION('',(0.,0.,1.));
#7816=DIRECTION('',(1.,0.,0.));
#7817=DIRECTION('',(0.,0.,1.));
#7818=DIRECTION('',(1.,0.,0.));
#7819=DIRECTION('',(0.,0.,-1.));
#7820=DIRECTION('',(-1.12757025938492E-15,1.,0.));
#7821=DIRECTION('',(0.,0.,1.));
#7822=DIRECTION('',(-1.,-1.12757025938492E-15,0.));
#7823=DIRECTION('',(1.12757025938492E-15,-1.,0.));
#7824=DIRECTION('',(-1.,0.,0.));
#7825=DIRECTION('',(0.,0.,1.));
#7826=DIRECTION('',(0.,0.,-1.));
#7827=DIRECTION('',(0.,-1.,0.));
#7828=DIRECTION('',(0.,0.,-1.));
#7829=DIRECTION('',(1.12757025938492E-15,-1.,0.));
#7830=DIRECTION('',(0.,0.,1.));
#7831=DIRECTION('',(0.,0.,-1.));
#7832=DIRECTION('',(1.,1.12757025938492E-15,0.));
#7833=DIRECTION('',(-1.12410081243297E-15,1.,0.));
#7834=DIRECTION('',(1.,0.,0.));
#7835=DIRECTION('',(0.,0.,1.));
#7836=DIRECTION('',(0.,0.,-1.));
#7837=DIRECTION('',(0.,1.,0.));
#7838=DIRECTION('',(0.,0.,1.));
#7839=DIRECTION('',(0.,0.,1.));
#7840=DIRECTION('',(0.999999999999999,0.,0.));
#7841=DIRECTION('',(0.,0.,1.));
#7842=DIRECTION('',(1.,0.,0.));
#7843=DIRECTION('',(0.,0.,1.));
#7844=DIRECTION('',(1.,0.,0.));
#7845=DIRECTION('',(0.,0.,1.));
#7846=DIRECTION('',(1.,0.,0.));
#7847=DIRECTION('',(0.,0.,1.));
#7848=DIRECTION('',(1.,0.,0.));
#7849=DIRECTION('',(0.,0.,-1.));
#7850=DIRECTION('',(-1.12757025938492E-15,1.,0.));
#7851=DIRECTION('',(0.,0.,1.));
#7852=DIRECTION('',(-1.,-1.12757025938492E-15,0.));
#7853=DIRECTION('',(1.12757025938492E-15,-1.,0.));
#7854=DIRECTION('',(-1.,0.,0.));
#7855=DIRECTION('',(0.,0.,1.));
#7856=DIRECTION('',(0.,0.,-1.));
#7857=DIRECTION('',(0.,-1.,0.));
#7858=DIRECTION('',(0.,0.,-1.));
#7859=DIRECTION('',(1.12757025938492E-15,-1.,0.));
#7860=DIRECTION('',(0.,0.,1.));
#7861=DIRECTION('',(0.,0.,-1.));
#7862=DIRECTION('',(1.,1.12757025938492E-15,0.));
#7863=DIRECTION('',(-1.12410081243297E-15,1.,0.));
#7864=DIRECTION('',(1.,0.,0.));
#7865=DIRECTION('',(0.,0.,1.));
#7866=DIRECTION('',(0.,0.,-1.));
#7867=DIRECTION('',(0.,1.,0.));
#7868=DIRECTION('',(0.,0.,1.));
#7869=DIRECTION('',(0.,0.,1.));
#7870=DIRECTION('',(0.999999999999999,0.,0.));
#7871=DIRECTION('',(0.,0.,1.));
#7872=DIRECTION('',(1.,0.,0.));
#7873=DIRECTION('',(0.,0.,1.));
#7874=DIRECTION('',(1.,0.,0.));
#7875=DIRECTION('',(0.,0.,1.));
#7876=DIRECTION('',(1.,0.,0.));
#7877=DIRECTION('',(0.,0.,1.));
#7878=DIRECTION('',(1.,0.,0.));
#7879=DIRECTION('',(0.,0.,-1.));
#7880=DIRECTION('',(-1.12757025938492E-15,1.,0.));
#7881=DIRECTION('',(0.,0.,1.));
#7882=DIRECTION('',(-1.,-1.12757025938492E-15,0.));
#7883=DIRECTION('',(1.13103970633688E-15,-1.,0.));
#7884=DIRECTION('',(-1.,0.,0.));
#7885=DIRECTION('',(0.,0.,1.));
#7886=DIRECTION('',(0.,0.,-1.));
#7887=DIRECTION('',(0.,-1.,0.));
#7888=DIRECTION('',(0.,0.,-1.));
#7889=DIRECTION('',(1.12757025938492E-15,-1.,0.));
#7890=DIRECTION('',(0.,0.,1.));
#7891=DIRECTION('',(0.,0.,-1.));
#7892=DIRECTION('',(1.,1.12757025938492E-15,0.));
#7893=DIRECTION('',(-1.12757025938492E-15,1.,0.));
#7894=DIRECTION('',(1.,0.,0.));
#7895=DIRECTION('',(0.,0.,1.));
#7896=DIRECTION('',(0.,0.,-1.));
#7897=DIRECTION('',(0.,1.,0.));
#7898=DIRECTION('',(0.,0.,1.));
#7899=DIRECTION('',(0.,0.,1.));
#7900=DIRECTION('',(1.,0.,0.));
#7901=DIRECTION('',(0.,0.,1.));
#7902=DIRECTION('',(1.,0.,0.));
#7903=DIRECTION('',(0.,0.,1.));
#7904=DIRECTION('',(0.999999999999999,0.,0.));
#7905=DIRECTION('',(0.,0.,1.));
#7906=DIRECTION('',(1.,0.,0.));
#7907=DIRECTION('',(0.,0.,1.));
#7908=DIRECTION('',(1.,0.,0.));
#7909=DIRECTION('',(0.,0.,-1.));
#7910=DIRECTION('',(-1.12757025938492E-15,1.,0.));
#7911=DIRECTION('',(0.,0.,1.));
#7912=DIRECTION('',(-1.,-1.12757025938492E-15,0.));
#7913=DIRECTION('',(1.12757025938492E-15,-1.,0.));
#7914=DIRECTION('',(-1.,0.,0.));
#7915=DIRECTION('',(0.,0.,1.));
#7916=DIRECTION('',(0.,0.,-1.));
#7917=DIRECTION('',(0.,-1.,0.));
#7918=DIRECTION('',(0.,0.,-1.));
#7919=DIRECTION('',(1.12757025938492E-15,-1.,0.));
#7920=DIRECTION('',(0.,0.,1.));
#7921=DIRECTION('',(0.,0.,-1.));
#7922=DIRECTION('',(1.,1.12757025938492E-15,0.));
#7923=DIRECTION('',(-1.12410081243297E-15,1.,0.));
#7924=DIRECTION('',(1.,0.,0.));
#7925=DIRECTION('',(0.,0.,1.));
#7926=DIRECTION('',(0.,0.,-1.));
#7927=DIRECTION('',(0.,1.,0.));
#7928=DIRECTION('',(0.,0.,1.));
#7929=DIRECTION('',(0.,0.,1.));
#7930=DIRECTION('',(0.999999999999999,0.,0.));
#7931=DIRECTION('',(0.,0.,1.));
#7932=DIRECTION('',(1.,0.,0.));
#7933=DIRECTION('',(0.,0.,1.));
#7934=DIRECTION('',(1.,0.,0.));
#7935=DIRECTION('',(0.,0.,1.));
#7936=DIRECTION('',(1.,0.,0.));
#7937=DIRECTION('',(0.,0.,1.));
#7938=DIRECTION('',(1.,0.,0.));
#7939=DIRECTION('',(0.,0.,-1.));
#7940=DIRECTION('',(-1.12757025938492E-15,1.,0.));
#7941=DIRECTION('',(0.,0.,1.));
#7942=DIRECTION('',(-1.,-1.12757025938492E-15,0.));
#7943=DIRECTION('',(1.12757025938492E-15,-1.,0.));
#7944=DIRECTION('',(-1.,0.,0.));
#7945=DIRECTION('',(0.,0.,1.));
#7946=DIRECTION('',(0.,0.,-1.));
#7947=DIRECTION('',(0.,-1.,0.));
#7948=DIRECTION('',(0.,0.,-1.));
#7949=DIRECTION('',(1.12757025938492E-15,-1.,0.));
#7950=DIRECTION('',(0.,0.,1.));
#7951=DIRECTION('',(0.,0.,-1.));
#7952=DIRECTION('',(1.,1.12757025938492E-15,0.));
#7953=DIRECTION('',(-1.12757025938492E-15,1.,0.));
#7954=DIRECTION('',(1.,0.,0.));
#7955=DIRECTION('',(0.,0.,1.));
#7956=DIRECTION('',(0.,0.,-1.));
#7957=DIRECTION('',(0.,1.,0.));
#7958=DIRECTION('',(0.,0.,1.));
#7959=DIRECTION('',(0.,0.,1.));
#7960=DIRECTION('',(0.999999999999999,0.,0.));
#7961=DIRECTION('',(0.,0.,1.));
#7962=DIRECTION('',(1.,0.,0.));
#7963=DIRECTION('',(0.,0.,1.));
#7964=DIRECTION('',(1.,0.,0.));
#7965=DIRECTION('',(0.,0.,1.));
#7966=DIRECTION('',(1.,0.,0.));
#7967=DIRECTION('',(0.,0.,1.));
#7968=DIRECTION('',(1.,0.,0.));
#7969=DIRECTION('',(0.,0.,-1.));
#7970=DIRECTION('',(-1.12757025938492E-15,1.,0.));
#7971=DIRECTION('',(0.,0.,1.));
#7972=DIRECTION('',(-1.,-1.12757025938492E-15,0.));
#7973=DIRECTION('',(1.12410081243297E-15,-1.,0.));
#7974=DIRECTION('',(-1.,0.,0.));
#7975=DIRECTION('',(0.,0.,1.));
#7976=DIRECTION('',(0.,0.,-1.));
#7977=DIRECTION('',(0.,-1.,0.));
#7978=DIRECTION('',(0.,0.,-1.));
#7979=DIRECTION('',(1.12757025938492E-15,-1.,0.));
#7980=DIRECTION('',(0.,0.,1.));
#7981=DIRECTION('',(0.,0.,-1.));
#7982=DIRECTION('',(1.,1.12757025938492E-15,0.));
#7983=DIRECTION('',(-1.12410081243297E-15,1.,0.));
#7984=DIRECTION('',(1.,0.,0.));
#7985=DIRECTION('',(0.,0.,1.));
#7986=DIRECTION('',(0.,0.,-1.));
#7987=DIRECTION('',(0.,1.,0.));
#7988=DIRECTION('',(0.,0.,1.));
#7989=DIRECTION('',(0.,0.,1.));
#7990=DIRECTION('',(1.,0.,0.));
#7991=DIRECTION('',(0.,0.,1.));
#7992=DIRECTION('',(1.,0.,0.));
#7993=DIRECTION('',(0.,0.,1.));
#7994=DIRECTION('',(1.,0.,0.));
#7995=DIRECTION('',(0.,0.,1.));
#7996=DIRECTION('',(1.,0.,0.));
#7997=DIRECTION('',(0.,0.,1.));
#7998=DIRECTION('',(1.,0.,0.));
#7999=DIRECTION('',(0.,0.,-1.));
#8000=DIRECTION('',(-1.12757025938492E-15,1.,0.));
#8001=DIRECTION('',(0.,0.,1.));
#8002=DIRECTION('',(-1.,-1.12757025938492E-15,0.));
#8003=DIRECTION('',(1.12410081243297E-15,-1.,0.));
#8004=DIRECTION('',(-1.,0.,0.));
#8005=DIRECTION('',(0.,0.,1.));
#8006=DIRECTION('',(0.,0.,-1.));
#8007=DIRECTION('',(0.,-1.,0.));
#8008=DIRECTION('',(0.,0.,-1.));
#8009=DIRECTION('',(1.12757025938492E-15,-1.,0.));
#8010=DIRECTION('',(0.,0.,1.));
#8011=DIRECTION('',(0.,0.,-1.));
#8012=DIRECTION('',(1.,1.12757025938492E-15,0.));
#8013=DIRECTION('',(-1.12410081243297E-15,1.,0.));
#8014=DIRECTION('',(1.,0.,0.));
#8015=DIRECTION('',(0.,0.,1.));
#8016=DIRECTION('',(0.,0.,-1.));
#8017=DIRECTION('',(0.,1.,0.));
#8018=DIRECTION('',(0.,0.,1.));
#8019=DIRECTION('',(0.,0.,1.));
#8020=DIRECTION('',(1.,0.,0.));
#8021=DIRECTION('',(0.,0.,1.));
#8022=DIRECTION('',(1.,0.,0.));
#8023=DIRECTION('',(0.,0.,1.));
#8024=DIRECTION('',(1.,0.,0.));
#8025=DIRECTION('',(0.,0.,1.));
#8026=DIRECTION('',(1.,0.,0.));
#8027=DIRECTION('',(0.,0.,1.));
#8028=DIRECTION('',(1.,0.,0.));
#8029=DIRECTION('',(0.,0.,-1.));
#8030=DIRECTION('',(-1.12757025938492E-15,1.,0.));
#8031=DIRECTION('',(0.,0.,1.));
#8032=DIRECTION('',(-1.,-1.12757025938492E-15,0.));
#8033=DIRECTION('',(1.12410081243297E-15,-1.,0.));
#8034=DIRECTION('',(-1.,0.,0.));
#8035=DIRECTION('',(0.,0.,1.));
#8036=DIRECTION('',(0.,0.,-1.));
#8037=DIRECTION('',(0.,-1.,0.));
#8038=DIRECTION('',(0.,0.,-1.));
#8039=DIRECTION('',(1.12757025938492E-15,-1.,0.));
#8040=DIRECTION('',(0.,0.,1.));
#8041=DIRECTION('',(0.,0.,-1.));
#8042=DIRECTION('',(1.,1.12757025938492E-15,0.));
#8043=DIRECTION('',(-1.12410081243297E-15,1.,0.));
#8044=DIRECTION('',(1.,0.,0.));
#8045=DIRECTION('',(0.,0.,1.));
#8046=DIRECTION('',(0.,0.,-1.));
#8047=DIRECTION('',(0.,1.,0.));
#8048=DIRECTION('',(0.,0.,1.));
#8049=DIRECTION('',(0.,0.,1.));
#8050=DIRECTION('',(1.,0.,0.));
#8051=DIRECTION('',(0.,0.,1.));
#8052=DIRECTION('',(1.,0.,0.));
#8053=DIRECTION('',(0.,0.,1.));
#8054=DIRECTION('',(1.,0.,0.));
#8055=DIRECTION('',(0.,0.,1.));
#8056=DIRECTION('',(1.,0.,0.));
#8057=DIRECTION('',(0.,0.,1.));
#8058=DIRECTION('',(1.,0.,0.));
#8059=DIRECTION('',(0.,0.,-1.));
#8060=DIRECTION('',(-1.12757025938492E-15,1.,0.));
#8061=DIRECTION('',(0.,0.,1.));
#8062=DIRECTION('',(-1.,-1.12757025938492E-15,0.));
#8063=DIRECTION('',(1.13103970633688E-15,-1.,0.));
#8064=DIRECTION('',(-1.,0.,0.));
#8065=DIRECTION('',(0.,0.,1.));
#8066=DIRECTION('',(0.,0.,-1.));
#8067=DIRECTION('',(0.,-1.,0.));
#8068=DIRECTION('',(0.,0.,-1.));
#8069=DIRECTION('',(1.12757025938492E-15,-1.,0.));
#8070=DIRECTION('',(0.,0.,1.));
#8071=DIRECTION('',(0.,0.,-1.));
#8072=DIRECTION('',(1.,1.12757025938492E-15,0.));
#8073=DIRECTION('',(-1.12757025938492E-15,1.,0.));
#8074=DIRECTION('',(1.,0.,0.));
#8075=DIRECTION('',(0.,0.,1.));
#8076=DIRECTION('',(0.,0.,-1.));
#8077=DIRECTION('',(0.,1.,0.));
#8078=DIRECTION('',(0.,0.,1.));
#8079=DIRECTION('',(0.,0.,1.));
#8080=DIRECTION('',(1.,0.,0.));
#8081=DIRECTION('',(0.,0.,1.));
#8082=DIRECTION('',(1.,0.,0.));
#8083=DIRECTION('',(0.,0.,1.));
#8084=DIRECTION('',(0.999999999999999,0.,0.));
#8085=DIRECTION('',(0.,0.,1.));
#8086=DIRECTION('',(1.,0.,0.));
#8087=DIRECTION('',(0.,0.,1.));
#8088=DIRECTION('',(1.,0.,0.));
#8089=DIRECTION('',(0.,0.,-1.));
#8090=DIRECTION('',(-1.12757025938492E-15,1.,0.));
#8091=DIRECTION('',(0.,0.,1.));
#8092=DIRECTION('',(-1.,-1.12757025938492E-15,0.));
#8093=DIRECTION('',(1.12757025938492E-15,-1.,0.));
#8094=DIRECTION('',(-1.,0.,0.));
#8095=DIRECTION('',(0.,0.,1.));
#8096=DIRECTION('',(0.,0.,-1.));
#8097=DIRECTION('',(0.,-1.,0.));
#8098=DIRECTION('',(0.,0.,-1.));
#8099=DIRECTION('',(1.12757025938492E-15,-1.,0.));
#8100=DIRECTION('',(0.,0.,1.));
#8101=DIRECTION('',(0.,0.,-1.));
#8102=DIRECTION('',(1.,1.12757025938492E-15,0.));
#8103=DIRECTION('',(-1.12757025938492E-15,1.,0.));
#8104=DIRECTION('',(1.,0.,0.));
#8105=DIRECTION('',(0.,0.,1.));
#8106=DIRECTION('',(0.,0.,-1.));
#8107=DIRECTION('',(0.,1.,0.));
#8108=DIRECTION('',(0.,0.,1.));
#8109=DIRECTION('',(0.,0.,1.));
#8110=DIRECTION('',(1.,0.,0.));
#8111=DIRECTION('',(0.,0.,1.));
#8112=DIRECTION('',(1.,0.,0.));
#8113=DIRECTION('',(0.,0.,1.));
#8114=DIRECTION('',(1.,0.,0.));
#8115=DIRECTION('',(0.,0.,1.));
#8116=DIRECTION('',(1.,0.,0.));
#8117=DIRECTION('',(0.,0.,1.));
#8118=DIRECTION('',(1.,0.,0.));
#8119=DIRECTION('',(0.,0.,-1.));
#8120=DIRECTION('',(-1.12757025938492E-15,1.,0.));
#8121=DIRECTION('',(0.,0.,1.));
#8122=DIRECTION('',(-1.,-1.12757025938492E-15,0.));
#8123=DIRECTION('',(1.12410081243297E-15,-1.,0.));
#8124=DIRECTION('',(-1.,0.,0.));
#8125=DIRECTION('',(0.,0.,1.));
#8126=DIRECTION('',(0.,0.,-1.));
#8127=DIRECTION('',(0.,-1.,0.));
#8128=DIRECTION('',(0.,0.,-1.));
#8129=DIRECTION('',(1.12757025938492E-15,-1.,0.));
#8130=DIRECTION('',(0.,0.,1.));
#8131=DIRECTION('',(0.,0.,-1.));
#8132=DIRECTION('',(1.,1.12757025938492E-15,0.));
#8133=DIRECTION('',(-1.12410081243297E-15,1.,0.));
#8134=DIRECTION('',(1.,0.,0.));
#8135=DIRECTION('',(0.,0.,1.));
#8136=DIRECTION('',(0.,0.,-1.));
#8137=DIRECTION('',(0.,1.,0.));
#8138=DIRECTION('',(0.,0.,1.));
#8139=DIRECTION('',(0.,0.,1.));
#8140=DIRECTION('',(1.,0.,0.));
#8141=DIRECTION('',(0.,0.,1.));
#8142=DIRECTION('',(1.,0.,0.));
#8143=DIRECTION('',(0.,0.,1.));
#8144=DIRECTION('',(1.,0.,0.));
#8145=DIRECTION('',(0.,0.,1.));
#8146=DIRECTION('',(1.,0.,0.));
#8147=DIRECTION('',(0.,0.,1.));
#8148=DIRECTION('',(1.,0.,0.));
#8149=DIRECTION('',(0.,0.,-1.));
#8150=DIRECTION('',(-1.12757025938492E-15,1.,0.));
#8151=DIRECTION('',(0.,0.,1.));
#8152=DIRECTION('',(-1.,-1.12757025938492E-15,0.));
#8153=DIRECTION('',(1.12410081243297E-15,-1.,0.));
#8154=DIRECTION('',(-1.,0.,0.));
#8155=DIRECTION('',(0.,0.,1.));
#8156=DIRECTION('',(0.,0.,-1.));
#8157=DIRECTION('',(0.,-1.,0.));
#8158=DIRECTION('',(0.,0.,-1.));
#8159=DIRECTION('',(1.12757025938492E-15,-1.,0.));
#8160=DIRECTION('',(0.,0.,1.));
#8161=DIRECTION('',(0.,0.,-1.));
#8162=DIRECTION('',(1.,1.12757025938492E-15,0.));
#8163=DIRECTION('',(-1.12410081243297E-15,1.,0.));
#8164=DIRECTION('',(1.,0.,0.));
#8165=DIRECTION('',(0.,0.,1.));
#8166=DIRECTION('',(0.,0.,-1.));
#8167=DIRECTION('',(0.,1.,0.));
#8168=DIRECTION('',(0.,0.,1.));
#8169=DIRECTION('',(0.,0.,1.));
#8170=DIRECTION('',(1.,0.,0.));
#8171=DIRECTION('',(0.,0.,1.));
#8172=DIRECTION('',(1.,0.,0.));
#8173=DIRECTION('',(0.,0.,1.));
#8174=DIRECTION('',(1.,0.,0.));
#8175=DIRECTION('',(0.,0.,1.));
#8176=DIRECTION('',(1.,0.,0.));
#8177=DIRECTION('',(0.,0.,1.));
#8178=DIRECTION('',(1.,0.,0.));
#8179=DIRECTION('',(0.,0.,-1.));
#8180=DIRECTION('',(-1.12757025938492E-15,1.,0.));
#8181=DIRECTION('',(0.,0.,1.));
#8182=DIRECTION('',(-1.,-1.12757025938492E-15,0.));
#8183=DIRECTION('',(1.12410081243297E-15,-1.,0.));
#8184=DIRECTION('',(-1.,0.,0.));
#8185=DIRECTION('',(0.,0.,1.));
#8186=DIRECTION('',(0.,0.,-1.));
#8187=DIRECTION('',(0.,-1.,0.));
#8188=DIRECTION('',(0.,0.,-1.));
#8189=DIRECTION('',(1.12757025938492E-15,-1.,0.));
#8190=DIRECTION('',(0.,0.,1.));
#8191=DIRECTION('',(0.,0.,-1.));
#8192=DIRECTION('',(1.,1.12757025938492E-15,0.));
#8193=DIRECTION('',(-1.12410081243297E-15,1.,0.));
#8194=DIRECTION('',(1.,0.,0.));
#8195=DIRECTION('',(0.,0.,1.));
#8196=DIRECTION('',(0.,0.,-1.));
#8197=DIRECTION('',(0.,1.,0.));
#8198=DIRECTION('',(0.,0.,1.));
#8199=DIRECTION('',(0.,0.,1.));
#8200=DIRECTION('',(1.,0.,0.));
#8201=DIRECTION('',(0.,0.,1.));
#8202=DIRECTION('',(1.,0.,0.));
#8203=DIRECTION('',(0.,0.,1.));
#8204=DIRECTION('',(1.,0.,0.));
#8205=DIRECTION('',(0.,0.,1.));
#8206=DIRECTION('',(1.,0.,0.));
#8207=DIRECTION('',(0.,0.,1.));
#8208=DIRECTION('',(1.,0.,0.));
#8209=DIRECTION('',(0.,0.,-1.));
#8210=DIRECTION('',(-1.12757025938492E-15,1.,0.));
#8211=DIRECTION('',(0.,0.,1.));
#8212=DIRECTION('',(-1.,-1.12757025938492E-15,0.));
#8213=DIRECTION('',(1.12757025938492E-15,-1.,0.));
#8214=DIRECTION('',(-1.,0.,0.));
#8215=DIRECTION('',(0.,0.,1.));
#8216=DIRECTION('',(0.,0.,-1.));
#8217=DIRECTION('',(0.,-1.,0.));
#8218=DIRECTION('',(0.,0.,-1.));
#8219=DIRECTION('',(1.12757025938492E-15,-1.,0.));
#8220=DIRECTION('',(0.,0.,1.));
#8221=DIRECTION('',(0.,0.,-1.));
#8222=DIRECTION('',(1.,1.12757025938492E-15,0.));
#8223=DIRECTION('',(-1.12757025938492E-15,1.,0.));
#8224=DIRECTION('',(1.,0.,0.));
#8225=DIRECTION('',(0.,0.,1.));
#8226=DIRECTION('',(0.,0.,-1.));
#8227=DIRECTION('',(0.,1.,0.));
#8228=DIRECTION('',(0.,0.,1.));
#8229=DIRECTION('',(0.,0.,1.));
#8230=DIRECTION('',(1.,0.,0.));
#8231=DIRECTION('',(0.,0.,1.));
#8232=DIRECTION('',(1.,0.,0.));
#8233=DIRECTION('',(0.,0.,1.));
#8234=DIRECTION('',(0.999999999999999,0.,0.));
#8235=DIRECTION('',(0.,0.,1.));
#8236=DIRECTION('',(1.,0.,0.));
#8237=DIRECTION('',(0.,0.,1.));
#8238=DIRECTION('',(1.,0.,0.));
#8239=DIRECTION('',(0.,0.,-1.));
#8240=DIRECTION('',(-1.12757025938492E-15,1.,0.));
#8241=DIRECTION('',(0.,0.,1.));
#8242=DIRECTION('',(-1.,-1.12757025938492E-15,0.));
#8243=DIRECTION('',(1.12757025938492E-15,-1.,0.));
#8244=DIRECTION('',(-1.,0.,0.));
#8245=DIRECTION('',(0.,0.,1.));
#8246=DIRECTION('',(0.,0.,-1.));
#8247=DIRECTION('',(0.,-1.,0.));
#8248=DIRECTION('',(0.,0.,-1.));
#8249=DIRECTION('',(1.12757025938492E-15,-1.,0.));
#8250=DIRECTION('',(0.,0.,1.));
#8251=DIRECTION('',(0.,0.,-1.));
#8252=DIRECTION('',(1.,1.12757025938492E-15,0.));
#8253=DIRECTION('',(-1.12757025938492E-15,1.,0.));
#8254=DIRECTION('',(1.,0.,0.));
#8255=DIRECTION('',(0.,0.,1.));
#8256=DIRECTION('',(0.,0.,-1.));
#8257=DIRECTION('',(0.,1.,0.));
#8258=DIRECTION('',(0.,0.,1.));
#8259=DIRECTION('',(0.,0.,1.));
#8260=DIRECTION('',(0.999999999999999,0.,0.));
#8261=DIRECTION('',(0.,0.,1.));
#8262=DIRECTION('',(1.,0.,0.));
#8263=DIRECTION('',(0.,0.,1.));
#8264=DIRECTION('',(1.,0.,0.));
#8265=DIRECTION('',(0.,0.,1.));
#8266=DIRECTION('',(1.,0.,0.));
#8267=DIRECTION('',(0.,0.,1.));
#8268=DIRECTION('',(1.,0.,0.));
#8269=DIRECTION('',(0.,0.,-1.));
#8270=DIRECTION('',(-1.12757025938492E-15,1.,0.));
#8271=DIRECTION('',(0.,0.,1.));
#8272=DIRECTION('',(-1.,-1.12757025938492E-15,0.));
#8273=DIRECTION('',(1.12757025938492E-15,-1.,0.));
#8274=DIRECTION('',(-1.,0.,0.));
#8275=DIRECTION('',(0.,0.,1.));
#8276=DIRECTION('',(0.,0.,-1.));
#8277=DIRECTION('',(0.,-1.,0.));
#8278=DIRECTION('',(0.,0.,-1.));
#8279=DIRECTION('',(1.12757025938492E-15,-1.,0.));
#8280=DIRECTION('',(0.,0.,1.));
#8281=DIRECTION('',(0.,0.,-1.));
#8282=DIRECTION('',(1.,1.12757025938492E-15,0.));
#8283=DIRECTION('',(-1.12757025938492E-15,1.,0.));
#8284=DIRECTION('',(1.,0.,0.));
#8285=DIRECTION('',(0.,0.,1.));
#8286=DIRECTION('',(0.,0.,-1.));
#8287=DIRECTION('',(0.,1.,0.));
#8288=DIRECTION('',(0.,0.,1.));
#8289=DIRECTION('',(0.,0.,1.));
#8290=DIRECTION('',(1.,0.,0.));
#8291=DIRECTION('',(0.,0.,1.));
#8292=DIRECTION('',(1.,0.,0.));
#8293=DIRECTION('',(0.,0.,1.));
#8294=DIRECTION('',(0.999999999999999,0.,0.));
#8295=DIRECTION('',(0.,0.,1.));
#8296=DIRECTION('',(1.,0.,0.));
#8297=DIRECTION('',(0.,0.,1.));
#8298=DIRECTION('',(1.,0.,0.));
#8299=DIRECTION('',(0.,0.,-1.));
#8300=DIRECTION('',(-1.12757025938492E-15,1.,0.));
#8301=DIRECTION('',(0.,0.,1.));
#8302=DIRECTION('',(-1.,-1.12757025938492E-15,0.));
#8303=DIRECTION('',(1.12757025938492E-15,-1.,0.));
#8304=DIRECTION('',(-1.,0.,0.));
#8305=DIRECTION('',(0.,0.,1.));
#8306=DIRECTION('',(0.,0.,-1.));
#8307=DIRECTION('',(0.,-1.,0.));
#8308=DIRECTION('',(0.,0.,-1.));
#8309=DIRECTION('',(1.12757025938492E-15,-1.,0.));
#8310=DIRECTION('',(0.,0.,1.));
#8311=DIRECTION('',(0.,0.,-1.));
#8312=DIRECTION('',(1.,1.12757025938492E-15,0.));
#8313=DIRECTION('',(-1.12757025938492E-15,1.,0.));
#8314=DIRECTION('',(1.,0.,0.));
#8315=DIRECTION('',(0.,0.,1.));
#8316=DIRECTION('',(0.,0.,-1.));
#8317=DIRECTION('',(0.,1.,0.));
#8318=DIRECTION('',(0.,0.,1.));
#8319=DIRECTION('',(0.,0.,1.));
#8320=DIRECTION('',(1.,0.,0.));
#8321=DIRECTION('',(0.,0.,1.));
#8322=DIRECTION('',(1.,0.,0.));
#8323=DIRECTION('',(0.,0.,1.));
#8324=DIRECTION('',(1.,0.,0.));
#8325=DIRECTION('',(0.,0.,1.));
#8326=DIRECTION('',(1.,0.,0.));
#8327=DIRECTION('',(0.,0.,1.));
#8328=DIRECTION('',(1.,0.,0.));
#8329=DIRECTION('',(0.,0.,1.));
#8330=DIRECTION('',(1.,0.,0.));
#8331=DIRECTION('',(0.,0.,1.));
#8332=DIRECTION('',(1.,0.,0.));
#8333=DIRECTION('',(0.,0.,1.));
#8334=DIRECTION('',(1.,0.,0.));
#8335=DIRECTION('',(0.,0.,1.));
#8336=DIRECTION('',(1.,0.,0.));
#8337=DIRECTION('',(0.,0.,1.));
#8338=DIRECTION('',(1.,0.,0.));
#8339=DIRECTION('',(0.,0.,1.));
#8340=DIRECTION('',(0.999999999999999,0.,0.));
#8341=DIRECTION('',(0.,0.,1.));
#8342=DIRECTION('',(1.,0.,0.));
#8343=DIRECTION('',(0.,0.,1.));
#8344=DIRECTION('',(0.999999999999999,0.,0.));
#8345=DIRECTION('',(0.,0.,1.));
#8346=DIRECTION('',(0.999999999999999,0.,0.));
#8347=DIRECTION('',(0.,0.,1.));
#8348=DIRECTION('',(1.,0.,0.));
#8349=DIRECTION('',(0.,0.,1.));
#8350=DIRECTION('',(0.999999999999999,0.,0.));
#8351=DIRECTION('',(0.,0.,1.));
#8352=DIRECTION('',(1.,0.,0.));
#8353=DIRECTION('',(0.,0.,1.));
#8354=DIRECTION('',(1.,0.,0.));
#8355=DIRECTION('',(0.,0.,1.));
#8356=DIRECTION('',(1.,0.,0.));
#8357=DIRECTION('',(0.,0.,1.));
#8358=DIRECTION('',(1.,0.,0.));
#8359=DIRECTION('',(0.,0.,1.));
#8360=DIRECTION('',(1.,0.,0.));
#8361=DIRECTION('',(0.,0.,1.));
#8362=DIRECTION('',(1.,0.,0.));
#8363=DIRECTION('',(0.,0.,1.));
#8364=DIRECTION('',(1.,0.,0.));
#8365=DIRECTION('',(0.,0.,1.));
#8366=DIRECTION('',(1.,0.,0.));
#8367=DIRECTION('',(0.,0.,1.));
#8368=DIRECTION('',(1.,0.,0.));
#8369=DIRECTION('',(0.,0.,1.));
#8370=DIRECTION('',(0.999999999999999,0.,0.));
#8371=DIRECTION('',(0.,0.,1.));
#8372=DIRECTION('',(1.,0.,0.));
#8373=DIRECTION('',(0.,0.,1.));
#8374=DIRECTION('',(0.999999999999999,0.,0.));
#8375=DIRECTION('',(0.,0.,1.));
#8376=DIRECTION('',(0.999999999999999,0.,0.));
#8377=DIRECTION('',(0.,0.,1.));
#8378=DIRECTION('',(1.,0.,0.));
#8379=DIRECTION('',(0.,0.,1.));
#8380=DIRECTION('',(0.999999999999999,0.,0.));
#8381=DIRECTION('',(0.,0.,1.));
#8382=DIRECTION('',(1.,0.,0.));
#8383=DIRECTION('',(0.,0.,1.));
#8384=DIRECTION('',(1.,0.,0.));
#8385=DIRECTION('',(0.,0.,1.));
#8386=DIRECTION('',(1.,0.,0.));
#8387=DIRECTION('',(0.,0.,1.));
#8388=DIRECTION('',(1.,0.,0.));
#8389=DIRECTION('',(0.,0.,1.));
#8390=DIRECTION('',(0.999999999999999,0.,0.));
#8391=DIRECTION('',(0.,0.,1.));
#8392=DIRECTION('',(1.,0.,0.));
#8393=DIRECTION('',(0.,0.,1.));
#8394=DIRECTION('',(0.999999999999999,0.,0.));
#8395=DIRECTION('',(0.,0.,1.));
#8396=DIRECTION('',(1.,0.,0.));
#8397=DIRECTION('',(0.,0.,1.));
#8398=DIRECTION('',(1.,0.,0.));
#8399=DIRECTION('',(0.,0.,1.));
#8400=DIRECTION('',(1.,0.,0.));
#8401=DIRECTION('',(0.,0.,1.));
#8402=DIRECTION('',(1.,0.,0.));
#8403=DIRECTION('',(0.,0.,1.));
#8404=DIRECTION('',(1.,0.,0.));
#8405=DIRECTION('',(0.,0.,1.));
#8406=DIRECTION('',(1.,0.,0.));
#8407=DIRECTION('',(0.,0.,1.));
#8408=DIRECTION('',(1.,0.,0.));
#8409=DIRECTION('',(0.,0.,1.));
#8410=DIRECTION('',(1.,0.,0.));
#8411=DIRECTION('',(0.,0.,1.));
#8412=DIRECTION('',(1.,0.,0.));
#8413=DIRECTION('',(0.,0.,1.));
#8414=DIRECTION('',(1.,0.,0.));
#8415=DIRECTION('',(0.,0.,1.));
#8416=DIRECTION('',(1.,0.,0.));
#8417=DIRECTION('',(0.,0.,1.));
#8418=DIRECTION('',(1.,0.,0.));
#8419=DIRECTION('',(0.,0.,1.));
#8420=DIRECTION('',(1.,0.,0.));
#8421=DIRECTION('',(0.,0.,1.));
#8422=DIRECTION('',(1.,0.,0.));
#8423=DIRECTION('',(0.,0.,1.));
#8424=DIRECTION('',(1.,0.,0.));
#8425=DIRECTION('',(0.,0.,1.));
#8426=DIRECTION('',(1.,0.,0.));
#8427=DIRECTION('',(0.,0.,1.));
#8428=DIRECTION('',(1.,0.,0.));
#8429=DIRECTION('',(0.,0.,1.));
#8430=DIRECTION('',(1.,0.,0.));
#8431=DIRECTION('',(0.,0.,1.));
#8432=DIRECTION('',(1.,0.,0.));
#8433=DIRECTION('',(0.,0.,1.));
#8434=DIRECTION('',(1.,0.,0.));
#8435=DIRECTION('',(0.,0.,1.));
#8436=DIRECTION('',(1.,0.,0.));
#8437=DIRECTION('',(0.,0.,1.));
#8438=DIRECTION('',(1.,0.,0.));
#8439=DIRECTION('',(0.,0.,1.));
#8440=DIRECTION('',(1.,0.,0.));
#8441=DIRECTION('',(0.,0.,1.));
#8442=DIRECTION('',(1.,0.,0.));
#8443=DIRECTION('',(0.,0.,1.));
#8444=DIRECTION('',(1.,0.,0.));
#8445=DIRECTION('',(0.,0.,1.));
#8446=DIRECTION('',(1.,0.,0.));
#8447=DIRECTION('',(0.,0.,1.));
#8448=DIRECTION('',(1.,0.,0.));
#8449=DIRECTION('',(0.,0.,1.));
#8450=DIRECTION('',(1.,0.,0.));
#8451=DIRECTION('',(0.,0.,1.));
#8452=DIRECTION('',(1.,0.,0.));
#8453=DIRECTION('',(0.,0.,1.));
#8454=DIRECTION('',(1.,0.,0.));
#8455=DIRECTION('',(0.,0.,1.));
#8456=DIRECTION('',(1.,0.,0.));
#8457=DIRECTION('',(0.,0.,1.));
#8458=DIRECTION('',(1.,0.,0.));
#8459=DIRECTION('',(0.,0.,1.));
#8460=DIRECTION('',(1.,0.,0.));
#8461=DIRECTION('',(0.,0.,1.));
#8462=DIRECTION('',(1.,0.,0.));
#8463=DIRECTION('',(0.,0.,1.));
#8464=DIRECTION('',(1.,0.,0.));
#8465=DIRECTION('',(0.,0.,1.));
#8466=DIRECTION('',(1.,0.,0.));
#8467=DIRECTION('',(0.,0.,1.));
#8468=DIRECTION('',(1.,0.,0.));
#8469=DIRECTION('',(0.,0.,1.));
#8470=DIRECTION('',(1.,0.,0.));
#8471=DIRECTION('',(0.,0.,1.));
#8472=DIRECTION('',(1.,0.,0.));
#8473=DIRECTION('',(0.,0.,1.));
#8474=DIRECTION('',(0.999999999999999,0.,0.));
#8475=DIRECTION('',(0.,0.,1.));
#8476=DIRECTION('',(1.,0.,0.));
#8477=DIRECTION('',(0.,0.,1.));
#8478=DIRECTION('',(0.999999999999999,0.,0.));
#8479=DIRECTION('',(0.,0.,1.));
#8480=DIRECTION('',(1.,0.,0.));
#8481=DIRECTION('',(0.,0.,1.));
#8482=DIRECTION('',(1.,0.,0.));
#8483=DIRECTION('',(0.,0.,1.));
#8484=DIRECTION('',(0.999999999999999,0.,0.));
#8485=DIRECTION('',(0.,0.,1.));
#8486=DIRECTION('',(1.,0.,0.));
#8487=DIRECTION('',(0.,0.,1.));
#8488=DIRECTION('',(0.999999999999999,0.,0.));
#8489=DIRECTION('',(0.,0.,1.));
#8490=DIRECTION('',(1.,0.,0.));
#8491=DIRECTION('',(0.,0.,1.));
#8492=DIRECTION('',(1.,0.,0.));
#8493=DIRECTION('',(0.,0.,1.));
#8494=DIRECTION('',(1.,0.,0.));
#8495=DIRECTION('',(0.,0.,1.));
#8496=DIRECTION('',(1.,0.,0.));
#8497=DIRECTION('',(0.,0.,1.));
#8498=DIRECTION('',(1.,0.,0.));
#8499=DIRECTION('',(0.,0.,1.));
#8500=DIRECTION('',(1.,0.,0.));
#8501=DIRECTION('',(0.,0.,1.));
#8502=DIRECTION('',(1.,0.,0.));
#8503=DIRECTION('',(0.,0.,1.));
#8504=DIRECTION('',(0.999999999999999,0.,0.));
#8505=DIRECTION('',(0.,0.,1.));
#8506=DIRECTION('',(1.,0.,0.));
#8507=DIRECTION('',(0.,0.,1.));
#8508=DIRECTION('',(0.999999999999999,0.,0.));
#8509=DIRECTION('',(0.,0.,1.));
#8510=DIRECTION('',(1.,0.,0.));
#8511=DIRECTION('',(0.,0.,1.));
#8512=DIRECTION('',(1.,0.,0.));
#8513=DIRECTION('',(0.,0.,1.));
#8514=DIRECTION('',(0.999999999999999,0.,0.));
#8515=DIRECTION('',(0.,0.,1.));
#8516=DIRECTION('',(1.,0.,0.));
#8517=DIRECTION('',(0.,0.,1.));
#8518=DIRECTION('',(0.999999999999999,0.,0.));
#8519=DIRECTION('',(0.,0.,1.));
#8520=DIRECTION('',(1.,0.,0.));
#8521=DIRECTION('',(0.,0.,1.));
#8522=DIRECTION('',(1.,0.,0.));
#8523=DIRECTION('',(0.,0.,1.));
#8524=DIRECTION('',(0.999999999999999,0.,0.));
#8525=DIRECTION('',(0.,0.,1.));
#8526=DIRECTION('',(1.,0.,0.));
#8527=DIRECTION('',(0.,0.,1.));
#8528=DIRECTION('',(1.,0.,0.));
#8529=DIRECTION('',(0.,0.,1.));
#8530=DIRECTION('',(1.,0.,0.));
#8531=DIRECTION('',(0.,0.,1.));
#8532=DIRECTION('',(0.999999999999999,0.,0.));
#8533=DIRECTION('',(0.,0.,1.));
#8534=DIRECTION('',(1.,0.,0.));
#8535=DIRECTION('',(0.,0.,1.));
#8536=DIRECTION('',(1.,0.,0.));
#8537=DIRECTION('',(0.,0.,1.));
#8538=DIRECTION('',(1.,0.,0.));
#8539=DIRECTION('',(0.,0.,1.));
#8540=DIRECTION('',(1.,0.,0.));
#8541=DIRECTION('',(0.,0.,1.));
#8542=DIRECTION('',(1.,0.,0.));
#8543=DIRECTION('',(0.,0.,1.));
#8544=DIRECTION('',(1.,0.,0.));
#8545=DIRECTION('',(0.,0.,1.));
#8546=DIRECTION('',(1.,0.,0.));
#8547=DIRECTION('',(0.,0.,1.));
#8548=DIRECTION('',(1.,0.,0.));
#8549=DIRECTION('',(0.,0.,1.));
#8550=DIRECTION('',(1.,0.,0.));
#8551=DIRECTION('',(0.,0.,1.));
#8552=DIRECTION('',(1.,0.,0.));
#8553=DIRECTION('',(0.,0.,1.));
#8554=DIRECTION('',(1.,0.,0.));
#8555=DIRECTION('',(0.,0.,1.));
#8556=DIRECTION('',(1.,0.,0.));
#8557=DIRECTION('',(0.,0.,1.));
#8558=DIRECTION('',(1.,0.,0.));
#8559=DIRECTION('',(0.,0.,1.));
#8560=DIRECTION('',(1.,0.,0.));
#8561=DIRECTION('',(0.,0.,1.));
#8562=DIRECTION('',(1.,0.,0.));
#8563=DIRECTION('',(0.,0.,1.));
#8564=DIRECTION('',(1.,0.,0.));
#8565=DIRECTION('',(0.,0.,1.));
#8566=DIRECTION('',(1.,0.,0.));
#8567=DIRECTION('',(0.,0.,1.));
#8568=DIRECTION('',(1.,0.,0.));
#8569=DIRECTION('',(0.,0.,1.));
#8570=DIRECTION('',(1.,0.,0.));
#8571=DIRECTION('',(0.,0.,1.));
#8572=DIRECTION('',(1.,0.,0.));
#8573=DIRECTION('',(0.,0.,1.));
#8574=DIRECTION('',(1.,0.,0.));
#8575=DIRECTION('',(0.,0.,1.));
#8576=DIRECTION('',(1.,0.,0.));
#8577=DIRECTION('',(0.,0.,1.));
#8578=DIRECTION('',(1.,0.,0.));
#8579=DIRECTION('',(0.,0.,1.));
#8580=DIRECTION('',(1.,0.,0.));
#8581=DIRECTION('',(0.,0.,1.));
#8582=DIRECTION('',(1.,0.,0.));
#8583=DIRECTION('',(0.,0.,1.));
#8584=DIRECTION('',(1.,0.,0.));
#8585=DIRECTION('',(0.,0.,1.));
#8586=DIRECTION('',(1.,0.,0.));
#8587=DIRECTION('',(0.,0.,1.));
#8588=DIRECTION('',(1.,0.,0.));
#8589=DIRECTION('',(0.,0.,1.));
#8590=DIRECTION('',(1.,0.,0.));
#8591=DIRECTION('',(0.,0.,1.));
#8592=DIRECTION('',(1.,0.,0.));
#8593=DIRECTION('',(0.,0.,1.));
#8594=DIRECTION('',(1.,0.,0.));
#8595=DIRECTION('',(0.,0.,1.));
#8596=DIRECTION('',(1.,0.,0.));
#8597=DIRECTION('',(0.,0.,1.));
#8598=DIRECTION('',(1.,0.,0.));
#8599=DIRECTION('',(0.,0.,1.));
#8600=DIRECTION('',(1.,0.,0.));
#8601=CARTESIAN_POINT('',(0.,0.,0.));
#8602=CARTESIAN_POINT('',(-59.9999999999957,32.5,0.));
#8603=CARTESIAN_POINT('',(-59.9999999999957,32.5,0.));
#8604=CARTESIAN_POINT('',(-59.9999999999956,-32.5,0.));
#8605=CARTESIAN_POINT('',(-59.9999999999957,32.5,-15.));
#8606=CARTESIAN_POINT('',(-59.9999999999957,32.5,-15.));
#8607=CARTESIAN_POINT('',(-59.9999999999957,32.5,-15.));
#8608=CARTESIAN_POINT('',(-59.9999999999956,-32.5,-15.));
#8609=CARTESIAN_POINT('',(-59.9999999999956,-32.5,-15.));
#8610=CARTESIAN_POINT('',(-59.9999999999957,32.5,-15.));
#8611=CARTESIAN_POINT('',(-59.9999999999956,-32.5,0.));
#8612=CARTESIAN_POINT('',(59.9999999999957,-32.5,0.));
#8613=CARTESIAN_POINT('',(-59.9999999999956,-32.5,-15.));
#8614=CARTESIAN_POINT('',(59.9999999999957,-32.5,-15.));
#8615=CARTESIAN_POINT('',(59.9999999999957,-32.5,-15.));
#8616=CARTESIAN_POINT('',(-59.9999999999956,-32.5,-15.));
#8617=CARTESIAN_POINT('',(59.9999999999957,-32.5,0.));
#8618=CARTESIAN_POINT('',(59.9999999999956,32.5,0.));
#8619=CARTESIAN_POINT('',(59.9999999999957,-32.5,-15.));
#8620=CARTESIAN_POINT('',(59.9999999999956,32.5,-15.));
#8621=CARTESIAN_POINT('',(59.9999999999956,32.5,-15.));
#8622=CARTESIAN_POINT('',(59.9999999999957,-32.5,-15.));
#8623=CARTESIAN_POINT('',(59.9999999999956,32.5,0.));
#8624=CARTESIAN_POINT('',(59.9999999999956,32.5,-15.));
#8625=CARTESIAN_POINT('',(59.9999999999956,32.5,-15.));
#8626=CARTESIAN_POINT('',(0.,0.,-15.));
#8627=CARTESIAN_POINT('',(-56.9999999999941,29.9999999999476,0.));
#8628=CARTESIAN_POINT('',(-56.9999999999941,24.9999999999476,0.));
#8629=CARTESIAN_POINT('',(-56.9999999999941,-24.9999999999476,0.));
#8630=CARTESIAN_POINT('',(-51.9999999999941,24.9999999999476,0.));
#8631=CARTESIAN_POINT('',(-51.9999999999941,29.9999999999476,0.));
#8632=CARTESIAN_POINT('',(57.0000000000058,29.9999999999476,0.));
#8633=CARTESIAN_POINT('',(51.9999999999941,29.9999999999476,0.));
#8634=CARTESIAN_POINT('',(51.9999999999941,24.9999999999476,0.));
#8635=CARTESIAN_POINT('',(56.9999999999941,24.9999999999476,0.));
#8636=CARTESIAN_POINT('',(56.9999999999942,-29.9999999999475,0.));
#8637=CARTESIAN_POINT('',(56.9999999999942,-24.9999999999476,0.));
#8638=CARTESIAN_POINT('',(51.9999999999942,-24.9999999999476,0.));
#8639=CARTESIAN_POINT('',(51.9999999999942,-29.9999999999476,0.));
#8640=CARTESIAN_POINT('',(-57.0000000000058,-29.9999999999476,0.));
#8641=CARTESIAN_POINT('',(-51.9999999999941,-29.9999999999476,0.));
#8642=CARTESIAN_POINT('',(-51.9999999999941,-24.9999999999476,0.));
#8643=CARTESIAN_POINT('',(0.,0.,0.));
#8644=CARTESIAN_POINT('',(-56.9999999999941,-24.9999999999476,-5.));
#8645=CARTESIAN_POINT('',(-56.9999999999941,-24.9999999999476,-5.));
#8646=CARTESIAN_POINT('',(-56.9999999999941,29.9999999999476,-5.));
#8647=CARTESIAN_POINT('',(-56.9999999999941,24.9999999999476,-5.));
#8648=CARTESIAN_POINT('',(-56.9999999999941,24.9999999999476,0.));
#8649=CARTESIAN_POINT('',(-56.9999999999941,29.9999999999476,-5.));
#8650=CARTESIAN_POINT('',(51.9999999999942,-29.9999999999476,-5.));
#8651=CARTESIAN_POINT('',(51.9999999999942,-29.9999999999476,-5.));
#8652=CARTESIAN_POINT('',(-57.0000000000058,-29.9999999999476,-5.));
#8653=CARTESIAN_POINT('',(-51.9999999999941,-29.9999999999476,-5.));
#8654=CARTESIAN_POINT('',(-51.9999999999941,-29.9999999999476,0.));
#8655=CARTESIAN_POINT('',(-57.0000000000058,-29.9999999999476,-5.));
#8656=CARTESIAN_POINT('',(56.9999999999942,-29.9999999999475,-5.));
#8657=CARTESIAN_POINT('',(56.9999999999941,24.9999999999476,-5.));
#8658=CARTESIAN_POINT('',(56.9999999999942,-24.9999999999476,-5.));
#8659=CARTESIAN_POINT('',(56.9999999999942,-24.9999999999476,0.));
#8660=CARTESIAN_POINT('',(56.9999999999941,24.9999999999476,-5.));
#8661=CARTESIAN_POINT('',(56.9999999999942,-29.9999999999475,-5.));
#8662=CARTESIAN_POINT('',(-51.9999999999941,29.9999999999476,-5.));
#8663=CARTESIAN_POINT('',(-51.9999999999941,29.9999999999476,-5.));
#8664=CARTESIAN_POINT('',(57.0000000000058,29.9999999999476,-5.));
#8665=CARTESIAN_POINT('',(51.9999999999941,29.9999999999476,-5.));
#8666=CARTESIAN_POINT('',(51.9999999999941,29.9999999999476,0.));
#8667=CARTESIAN_POINT('',(57.0000000000058,29.9999999999476,-5.));
#8668=CARTESIAN_POINT('',(-6.75000000003008,-7.61109925088216E-15,-5.));
#8669=CARTESIAN_POINT('',(-6.75000000003005,-20.4,-5.));
#8670=CARTESIAN_POINT('',(-6.75000000003005,-26.4,-5.));
#8671=CARTESIAN_POINT('',(-4.75000000003006,-20.4,-5.));
#8672=CARTESIAN_POINT('',(-4.75000000003006,-18.4,-5.));
#8673=CARTESIAN_POINT('',(0.,-18.4,-5.));
#8674=CARTESIAN_POINT('',(4.75000000003005,-18.4,-5.));
#8675=CARTESIAN_POINT('',(4.75000000003005,-20.4,-5.));
#8676=CARTESIAN_POINT('',(6.75000000003005,-20.4,-5.));
#8677=CARTESIAN_POINT('',(6.75000000003002,7.61109925088209E-15,-5.));
#8678=CARTESIAN_POINT('',(6.75000000003005,-26.4,-5.));
#8679=CARTESIAN_POINT('',(4.75000000003005,-26.4,-5.));
#8680=CARTESIAN_POINT('',(4.75000000003005,-28.4,-5.));
#8681=CARTESIAN_POINT('',(0.,-28.4,-5.));
#8682=CARTESIAN_POINT('',(-4.75000000003005,-28.4,-5.));
#8683=CARTESIAN_POINT('',(-4.75000000003005,-26.4,-5.));
#8684=CARTESIAN_POINT('',(9.19999999996994,1.03736463863074E-14,-5.));
#8685=CARTESIAN_POINT('',(9.19999999996995,-8.7,-5.));
#8686=CARTESIAN_POINT('',(9.19999999996995,-14.7,-5.));
#8687=CARTESIAN_POINT('',(11.1999999999699,-8.7,-5.));
#8688=CARTESIAN_POINT('',(11.1999999999699,-6.7,-5.));
#8689=CARTESIAN_POINT('',(0.,-6.7,-5.));
#8690=CARTESIAN_POINT('',(20.70000000003,-6.7,-5.));
#8691=CARTESIAN_POINT('',(20.70000000003,-8.7,-5.));
#8692=CARTESIAN_POINT('',(22.70000000003,-8.7,-5.));
#8693=CARTESIAN_POINT('',(22.70000000003,2.55958448880717E-14,-5.));
#8694=CARTESIAN_POINT('',(22.7000000000301,-14.7,-5.));
#8695=CARTESIAN_POINT('',(20.7000000000301,-14.7,-5.));
#8696=CARTESIAN_POINT('',(20.7000000000301,-16.7,-5.));
#8697=CARTESIAN_POINT('',(0.,-16.7,-5.));
#8698=CARTESIAN_POINT('',(11.19999999997,-16.7,-5.));
#8699=CARTESIAN_POINT('',(11.19999999997,-14.7,-5.));
#8700=CARTESIAN_POINT('',(-22.7000000000301,-2.55958448880717E-14,-5.));
#8701=CARTESIAN_POINT('',(-22.7000000000301,-8.7,-5.));
#8702=CARTESIAN_POINT('',(-22.70000000003,-14.7,-5.));
#8703=CARTESIAN_POINT('',(-20.7000000000301,-8.7,-5.));
#8704=CARTESIAN_POINT('',(-20.7000000000301,-6.7,-5.));
#8705=CARTESIAN_POINT('',(0.,-6.7,-5.));
#8706=CARTESIAN_POINT('',(-11.19999999997,-6.7,-5.));
#8707=CARTESIAN_POINT('',(-11.19999999997,-8.7,-5.));
#8708=CARTESIAN_POINT('',(-9.19999999996995,-8.7,-5.));
#8709=CARTESIAN_POINT('',(-9.19999999996996,-1.03736463863074E-14,-5.));
#8710=CARTESIAN_POINT('',(-9.19999999996995,-14.7,-5.));
#8711=CARTESIAN_POINT('',(-11.1999999999699,-14.7,-5.));
#8712=CARTESIAN_POINT('',(-11.1999999999699,-16.7,-5.));
#8713=CARTESIAN_POINT('',(0.,-16.7,-5.));
#8714=CARTESIAN_POINT('',(-20.70000000003,-16.7,-5.));
#8715=CARTESIAN_POINT('',(-20.70000000003,-14.7,-5.));
#8716=CARTESIAN_POINT('',(9.19999999996992,1.03736463863074E-14,-5.));
#8717=CARTESIAN_POINT('',(9.19999999996994,-20.4,-5.));
#8718=CARTESIAN_POINT('',(9.19999999996995,-26.4,-5.));
#8719=CARTESIAN_POINT('',(11.1999999999699,-20.4,-5.));
#8720=CARTESIAN_POINT('',(11.1999999999699,-18.4,-5.));
#8721=CARTESIAN_POINT('',(0.,-18.4,-5.));
#8722=CARTESIAN_POINT('',(20.70000000003,-18.4,-5.));
#8723=CARTESIAN_POINT('',(20.70000000003,-20.4,-5.));
#8724=CARTESIAN_POINT('',(22.70000000003,-20.4,-5.));
#8725=CARTESIAN_POINT('',(22.70000000003,2.55958448880716E-14,-5.));
#8726=CARTESIAN_POINT('',(22.7000000000301,-26.4,-5.));
#8727=CARTESIAN_POINT('',(20.7000000000301,-26.4,-5.));
#8728=CARTESIAN_POINT('',(20.7000000000301,-28.4,-5.));
#8729=CARTESIAN_POINT('',(0.,-28.4,-5.));
#8730=CARTESIAN_POINT('',(11.19999999997,-28.4,-5.));
#8731=CARTESIAN_POINT('',(11.19999999997,-26.4,-5.));
#8732=CARTESIAN_POINT('',(-54.60000000003,-6.15653361624507E-14,-5.));
#8733=CARTESIAN_POINT('',(-54.6000000000301,14.7,-5.));
#8734=CARTESIAN_POINT('',(-54.60000000003,8.7,-5.));
#8735=CARTESIAN_POINT('',(-52.6000000000301,14.7,-5.));
#8736=CARTESIAN_POINT('',(-52.6000000000301,16.7,-5.));
#8737=CARTESIAN_POINT('',(0.,16.7,-5.));
#8738=CARTESIAN_POINT('',(-43.0999999999699,16.7,-5.));
#8739=CARTESIAN_POINT('',(-43.0999999999699,14.7,-5.));
#8740=CARTESIAN_POINT('',(-41.0999999999699,14.7,-5.));
#8741=CARTESIAN_POINT('',(-41.0999999999699,-4.63431376606865E-14,-5.));
#8742=CARTESIAN_POINT('',(-41.0999999999699,8.7,-5.));
#8743=CARTESIAN_POINT('',(-43.0999999999699,8.7,-5.));
#8744=CARTESIAN_POINT('',(-43.0999999999699,6.7,-5.));
#8745=CARTESIAN_POINT('',(0.,6.7,-5.));
#8746=CARTESIAN_POINT('',(-52.60000000003,6.7,-5.));
#8747=CARTESIAN_POINT('',(-52.60000000003,8.7,-5.));
#8748=CARTESIAN_POINT('',(41.09999999997,4.63431376606865E-14,-5.));
#8749=CARTESIAN_POINT('',(41.0999999999699,26.4,-5.));
#8750=CARTESIAN_POINT('',(41.09999999997,20.4,-5.));
#8751=CARTESIAN_POINT('',(43.0999999999699,26.4,-5.));
#8752=CARTESIAN_POINT('',(43.0999999999699,28.4,-5.));
#8753=CARTESIAN_POINT('',(0.,28.4,-5.));
#8754=CARTESIAN_POINT('',(52.60000000003,28.4,-5.));
#8755=CARTESIAN_POINT('',(52.60000000003,26.4,-5.));
#8756=CARTESIAN_POINT('',(54.6000000000301,26.4,-5.));
#8757=CARTESIAN_POINT('',(54.6000000000301,6.15653361624508E-14,-5.));
#8758=CARTESIAN_POINT('',(54.6000000000301,20.4,-5.));
#8759=CARTESIAN_POINT('',(52.6000000000301,20.4,-5.));
#8760=CARTESIAN_POINT('',(52.6000000000301,18.4,-5.));
#8761=CARTESIAN_POINT('',(0.,18.4,-5.));
#8762=CARTESIAN_POINT('',(43.0999999999699,18.4,-5.));
#8763=CARTESIAN_POINT('',(43.0999999999699,20.4,-5.));
#8764=CARTESIAN_POINT('',(-54.60000000003,-6.15653361624507E-14,-5.));
#8765=CARTESIAN_POINT('',(-54.6000000000301,26.4,-5.));
#8766=CARTESIAN_POINT('',(-54.60000000003,20.4,-5.));
#8767=CARTESIAN_POINT('',(-52.6000000000301,26.4,-5.));
#8768=CARTESIAN_POINT('',(-52.6000000000301,28.4,-5.));
#8769=CARTESIAN_POINT('',(0.,28.4,-5.));
#8770=CARTESIAN_POINT('',(-43.0999999999699,28.4,-5.));
#8771=CARTESIAN_POINT('',(-43.0999999999699,26.4,-5.));
#8772=CARTESIAN_POINT('',(-41.0999999999699,26.4,-5.));
#8773=CARTESIAN_POINT('',(-41.0999999999699,-4.63431376606865E-14,-5.));
#8774=CARTESIAN_POINT('',(-41.0999999999699,20.4,-5.));
#8775=CARTESIAN_POINT('',(-43.0999999999699,20.4,-5.));
#8776=CARTESIAN_POINT('',(-43.0999999999699,18.4,-5.));
#8777=CARTESIAN_POINT('',(0.,18.4,-5.));
#8778=CARTESIAN_POINT('',(-52.60000000003,18.4,-5.));
#8779=CARTESIAN_POINT('',(-52.60000000003,20.4,-5.));
#8780=CARTESIAN_POINT('',(-6.75000000003006,-7.61109925088214E-15,-5.));
#8781=CARTESIAN_POINT('',(-6.75000000003006,-8.7,-5.));
#8782=CARTESIAN_POINT('',(-6.75000000003005,-14.7,-5.));
#8783=CARTESIAN_POINT('',(-4.75000000003006,-8.7,-5.));
#8784=CARTESIAN_POINT('',(-4.75000000003006,-6.7,-5.));
#8785=CARTESIAN_POINT('',(0.,-6.7,-5.));
#8786=CARTESIAN_POINT('',(4.75000000003005,-6.7,-5.));
#8787=CARTESIAN_POINT('',(4.75000000003005,-8.7,-5.));
#8788=CARTESIAN_POINT('',(6.75000000003005,-8.7,-5.));
#8789=CARTESIAN_POINT('',(6.75000000003004,7.61109925088211E-15,-5.));
#8790=CARTESIAN_POINT('',(6.75000000003005,-14.7,-5.));
#8791=CARTESIAN_POINT('',(4.75000000003005,-14.7,-5.));
#8792=CARTESIAN_POINT('',(4.75000000003005,-16.7,-5.));
#8793=CARTESIAN_POINT('',(0.,-16.7,-5.));
#8794=CARTESIAN_POINT('',(-4.75000000003005,-16.7,-5.));
#8795=CARTESIAN_POINT('',(-4.75000000003005,-14.7,-5.));
#8796=CARTESIAN_POINT('',(-38.6500000000301,-4.35805905252613E-14,-5.));
#8797=CARTESIAN_POINT('',(-38.6500000000301,-20.4,-5.));
#8798=CARTESIAN_POINT('',(-38.65000000003,-26.4,-5.));
#8799=CARTESIAN_POINT('',(-36.6500000000301,-20.4,-5.));
#8800=CARTESIAN_POINT('',(-36.6500000000301,-18.4,-5.));
#8801=CARTESIAN_POINT('',(0.,-18.4,-5.));
#8802=CARTESIAN_POINT('',(-27.14999999997,-18.4,-5.));
#8803=CARTESIAN_POINT('',(-27.14999999997,-20.4,-5.));
#8804=CARTESIAN_POINT('',(-25.1499999999699,-20.4,-5.));
#8805=CARTESIAN_POINT('',(-25.14999999997,-2.8358392023497E-14,-5.));
#8806=CARTESIAN_POINT('',(-25.1499999999699,-26.4,-5.));
#8807=CARTESIAN_POINT('',(-27.1499999999699,-26.4,-5.));
#8808=CARTESIAN_POINT('',(-27.1499999999699,-28.4,-5.));
#8809=CARTESIAN_POINT('',(0.,-28.4,-5.));
#8810=CARTESIAN_POINT('',(-36.65000000003,-28.4,-5.));
#8811=CARTESIAN_POINT('',(-36.65000000003,-26.4,-5.));
#8812=CARTESIAN_POINT('',(41.0999999999699,4.63431376606865E-14,-5.));
#8813=CARTESIAN_POINT('',(41.0999999999699,-8.7,-5.));
#8814=CARTESIAN_POINT('',(41.0999999999699,-14.7,-5.));
#8815=CARTESIAN_POINT('',(43.0999999999699,-8.7,-5.));
#8816=CARTESIAN_POINT('',(43.0999999999699,-6.7,-5.));
#8817=CARTESIAN_POINT('',(0.,-6.7,-5.));
#8818=CARTESIAN_POINT('',(52.60000000003,-6.7,-5.));
#8819=CARTESIAN_POINT('',(52.60000000003,-8.7,-5.));
#8820=CARTESIAN_POINT('',(54.60000000003,-8.7,-5.));
#8821=CARTESIAN_POINT('',(54.60000000003,6.15653361624507E-14,-5.));
#8822=CARTESIAN_POINT('',(54.6000000000301,-14.7,-5.));
#8823=CARTESIAN_POINT('',(52.6000000000301,-14.7,-5.));
#8824=CARTESIAN_POINT('',(52.6000000000301,-16.7,-5.));
#8825=CARTESIAN_POINT('',(0.,-16.7,-5.));
#8826=CARTESIAN_POINT('',(43.0999999999699,-16.7,-5.));
#8827=CARTESIAN_POINT('',(43.0999999999699,-14.7,-5.));
#8828=CARTESIAN_POINT('',(-54.6000000000301,-6.15653361624508E-14,-5.));
#8829=CARTESIAN_POINT('',(-54.6000000000301,-8.7,-5.));
#8830=CARTESIAN_POINT('',(-54.6000000000301,-14.7,-5.));
#8831=CARTESIAN_POINT('',(-52.6000000000301,-8.7,-5.));
#8832=CARTESIAN_POINT('',(-52.6000000000301,-6.7,-5.));
#8833=CARTESIAN_POINT('',(0.,-6.7,-5.));
#8834=CARTESIAN_POINT('',(-43.0999999999699,-6.7,-5.));
#8835=CARTESIAN_POINT('',(-43.0999999999699,-8.7,-5.));
#8836=CARTESIAN_POINT('',(-41.09999999997,-8.7,-5.));
#8837=CARTESIAN_POINT('',(-41.09999999997,-4.63431376606865E-14,-5.));
#8838=CARTESIAN_POINT('',(-41.0999999999699,-14.7,-5.));
#8839=CARTESIAN_POINT('',(-43.0999999999699,-14.7,-5.));
#8840=CARTESIAN_POINT('',(-43.0999999999699,-16.7,-5.));
#8841=CARTESIAN_POINT('',(0.,-16.7,-5.));
#8842=CARTESIAN_POINT('',(-52.60000000003,-16.7,-5.));
#8843=CARTESIAN_POINT('',(-52.60000000003,-14.7,-5.));
#8844=CARTESIAN_POINT('',(41.0999999999699,4.63431376606865E-14,-5.));
#8845=CARTESIAN_POINT('',(41.0999999999699,-20.4,-5.));
#8846=CARTESIAN_POINT('',(41.0999999999699,-26.4,-5.));
#8847=CARTESIAN_POINT('',(43.0999999999699,-20.4,-5.));
#8848=CARTESIAN_POINT('',(43.0999999999699,-18.4,-5.));
#8849=CARTESIAN_POINT('',(0.,-18.4,-5.));
#8850=CARTESIAN_POINT('',(52.60000000003,-18.4,-5.));
#8851=CARTESIAN_POINT('',(52.60000000003,-20.4,-5.));
#8852=CARTESIAN_POINT('',(54.60000000003,-20.4,-5.));
#8853=CARTESIAN_POINT('',(54.60000000003,6.15653361624507E-14,-5.));
#8854=CARTESIAN_POINT('',(54.6000000000301,-26.4,-5.));
#8855=CARTESIAN_POINT('',(52.6000000000301,-26.4,-5.));
#8856=CARTESIAN_POINT('',(52.6000000000301,-28.4,-5.));
#8857=CARTESIAN_POINT('',(0.,-28.4,-5.));
#8858=CARTESIAN_POINT('',(43.0999999999699,-28.4,-5.));
#8859=CARTESIAN_POINT('',(43.0999999999699,-26.4,-5.));
#8860=CARTESIAN_POINT('',(-22.7000000000301,-2.55958448880717E-14,-5.));
#8861=CARTESIAN_POINT('',(-22.7000000000301,-20.4,-5.));
#8862=CARTESIAN_POINT('',(-22.70000000003,-26.4,-5.));
#8863=CARTESIAN_POINT('',(-20.7000000000301,-20.4,-5.));
#8864=CARTESIAN_POINT('',(-20.7000000000301,-18.4,-5.));
#8865=CARTESIAN_POINT('',(0.,-18.4,-5.));
#8866=CARTESIAN_POINT('',(-11.19999999997,-18.4,-5.));
#8867=CARTESIAN_POINT('',(-11.19999999997,-20.4,-5.));
#8868=CARTESIAN_POINT('',(-9.19999999996995,-20.4,-5.));
#8869=CARTESIAN_POINT('',(-9.19999999996998,-1.03736463863075E-14,-5.));
#8870=CARTESIAN_POINT('',(-9.19999999996995,-26.4,-5.));
#8871=CARTESIAN_POINT('',(-11.1999999999699,-26.4,-5.));
#8872=CARTESIAN_POINT('',(-11.1999999999699,-28.4,-5.));
#8873=CARTESIAN_POINT('',(0.,-28.4,-5.));
#8874=CARTESIAN_POINT('',(-20.70000000003,-28.4,-5.));
#8875=CARTESIAN_POINT('',(-20.70000000003,-26.4,-5.));
#8876=CARTESIAN_POINT('',(25.1499999999699,2.8358392023497E-14,-5.));
#8877=CARTESIAN_POINT('',(25.1499999999699,-8.7,-5.));
#8878=CARTESIAN_POINT('',(25.1499999999699,-14.7,-5.));
#8879=CARTESIAN_POINT('',(27.1499999999699,-8.7,-5.));
#8880=CARTESIAN_POINT('',(27.1499999999699,-6.7,-5.));
#8881=CARTESIAN_POINT('',(0.,-6.7,-5.));
#8882=CARTESIAN_POINT('',(36.65000000003,-6.7,-5.));
#8883=CARTESIAN_POINT('',(36.65000000003,-8.7,-5.));
#8884=CARTESIAN_POINT('',(38.65000000003,-8.7,-5.));
#8885=CARTESIAN_POINT('',(38.65000000003,4.35805905252612E-14,-5.));
#8886=CARTESIAN_POINT('',(38.65000000003,-14.7,-5.));
#8887=CARTESIAN_POINT('',(36.65000000003,-14.7,-5.));
#8888=CARTESIAN_POINT('',(36.65000000003,-16.7,-5.));
#8889=CARTESIAN_POINT('',(0.,-16.7,-5.));
#8890=CARTESIAN_POINT('',(27.14999999997,-16.7,-5.));
#8891=CARTESIAN_POINT('',(27.14999999997,-14.7,-5.));
#8892=CARTESIAN_POINT('',(-38.6500000000301,-4.35805905252612E-14,-5.));
#8893=CARTESIAN_POINT('',(-38.6500000000301,-8.7,-5.));
#8894=CARTESIAN_POINT('',(-38.65000000003,-14.7,-5.));
#8895=CARTESIAN_POINT('',(-36.6500000000301,-8.7,-5.));
#8896=CARTESIAN_POINT('',(-36.6500000000301,-6.7,-5.));
#8897=CARTESIAN_POINT('',(0.,-6.7,-5.));
#8898=CARTESIAN_POINT('',(-27.14999999997,-6.7,-5.));
#8899=CARTESIAN_POINT('',(-27.14999999997,-8.7,-5.));
#8900=CARTESIAN_POINT('',(-25.1499999999699,-8.7,-5.));
#8901=CARTESIAN_POINT('',(-25.14999999997,-2.8358392023497E-14,-5.));
#8902=CARTESIAN_POINT('',(-25.1499999999699,-14.7,-5.));
#8903=CARTESIAN_POINT('',(-27.1499999999699,-14.7,-5.));
#8904=CARTESIAN_POINT('',(-27.1499999999699,-16.7,-5.));
#8905=CARTESIAN_POINT('',(0.,-16.7,-5.));
#8906=CARTESIAN_POINT('',(-36.65000000003,-16.7,-5.));
#8907=CARTESIAN_POINT('',(-36.65000000003,-14.7,-5.));
#8908=CARTESIAN_POINT('',(25.1499999999699,2.83583920234969E-14,-5.));
#8909=CARTESIAN_POINT('',(25.1499999999699,-20.4,-5.));
#8910=CARTESIAN_POINT('',(25.1499999999699,-26.4,-5.));
#8911=CARTESIAN_POINT('',(27.1499999999699,-20.4,-5.));
#8912=CARTESIAN_POINT('',(27.1499999999699,-18.4,-5.));
#8913=CARTESIAN_POINT('',(0.,-18.4,-5.));
#8914=CARTESIAN_POINT('',(36.65000000003,-18.4,-5.));
#8915=CARTESIAN_POINT('',(36.65000000003,-20.4,-5.));
#8916=CARTESIAN_POINT('',(38.65000000003,-20.4,-5.));
#8917=CARTESIAN_POINT('',(38.65000000003,4.35805905252612E-14,-5.));
#8918=CARTESIAN_POINT('',(38.65000000003,-26.4,-5.));
#8919=CARTESIAN_POINT('',(36.65000000003,-26.4,-5.));
#8920=CARTESIAN_POINT('',(36.65000000003,-28.4,-5.));
#8921=CARTESIAN_POINT('',(0.,-28.4,-5.));
#8922=CARTESIAN_POINT('',(27.14999999997,-28.4,-5.));
#8923=CARTESIAN_POINT('',(27.14999999997,-26.4,-5.));
#8924=CARTESIAN_POINT('',(25.1499999999699,2.8358392023497E-14,-5.));
#8925=CARTESIAN_POINT('',(25.1499999999699,3.,-5.));
#8926=CARTESIAN_POINT('',(25.1499999999699,-3.,-5.));
#8927=CARTESIAN_POINT('',(27.1499999999699,3.,-5.));
#8928=CARTESIAN_POINT('',(27.1499999999699,5.,-5.));
#8929=CARTESIAN_POINT('',(0.,5.,-5.));
#8930=CARTESIAN_POINT('',(36.65000000003,5.,-5.));
#8931=CARTESIAN_POINT('',(36.65000000003,3.,-5.));
#8932=CARTESIAN_POINT('',(38.65000000003,3.,-5.));
#8933=CARTESIAN_POINT('',(38.65000000003,4.35805905252612E-14,-5.));
#8934=CARTESIAN_POINT('',(38.65000000003,-3.,-5.));
#8935=CARTESIAN_POINT('',(36.65000000003,-3.,-5.));
#8936=CARTESIAN_POINT('',(36.65000000003,-5.,-5.));
#8937=CARTESIAN_POINT('',(0.,-5.,-5.));
#8938=CARTESIAN_POINT('',(27.14999999997,-5.,-5.));
#8939=CARTESIAN_POINT('',(27.14999999997,-3.,-5.));
#8940=CARTESIAN_POINT('',(41.0999999999699,4.63431376606865E-14,-5.));
#8941=CARTESIAN_POINT('',(41.0999999999699,3.,-5.));
#8942=CARTESIAN_POINT('',(41.0999999999699,-3.,-5.));
#8943=CARTESIAN_POINT('',(43.0999999999699,3.,-5.));
#8944=CARTESIAN_POINT('',(43.0999999999699,5.,-5.));
#8945=CARTESIAN_POINT('',(0.,5.,-5.));
#8946=CARTESIAN_POINT('',(52.60000000003,5.,-5.));
#8947=CARTESIAN_POINT('',(52.60000000003,3.,-5.));
#8948=CARTESIAN_POINT('',(54.6000000000301,3.,-5.));
#8949=CARTESIAN_POINT('',(54.6000000000301,6.15653361624508E-14,-5.));
#8950=CARTESIAN_POINT('',(54.6000000000301,-3.,-5.));
#8951=CARTESIAN_POINT('',(52.6000000000301,-3.,-5.));
#8952=CARTESIAN_POINT('',(52.6000000000301,-5.,-5.));
#8953=CARTESIAN_POINT('',(0.,-5.,-5.));
#8954=CARTESIAN_POINT('',(43.0999999999699,-5.,-5.));
#8955=CARTESIAN_POINT('',(43.0999999999699,-3.,-5.));
#8956=CARTESIAN_POINT('',(-22.7000000000301,-2.55958448880717E-14,-5.));
#8957=CARTESIAN_POINT('',(-22.7000000000301,3.,-5.));
#8958=CARTESIAN_POINT('',(-22.70000000003,-3.,-5.));
#8959=CARTESIAN_POINT('',(-20.7000000000301,3.,-5.));
#8960=CARTESIAN_POINT('',(-20.7000000000301,5.,-5.));
#8961=CARTESIAN_POINT('',(0.,5.,-5.));
#8962=CARTESIAN_POINT('',(-11.19999999997,5.,-5.));
#8963=CARTESIAN_POINT('',(-11.19999999997,3.,-5.));
#8964=CARTESIAN_POINT('',(-9.19999999996995,3.,-5.));
#8965=CARTESIAN_POINT('',(-9.19999999996995,-1.03736463863074E-14,-5.));
#8966=CARTESIAN_POINT('',(-9.19999999996995,-3.,-5.));
#8967=CARTESIAN_POINT('',(-11.1999999999699,-3.,-5.));
#8968=CARTESIAN_POINT('',(-11.1999999999699,-5.,-5.));
#8969=CARTESIAN_POINT('',(0.,-5.,-5.));
#8970=CARTESIAN_POINT('',(-20.70000000003,-5.,-5.));
#8971=CARTESIAN_POINT('',(-20.70000000003,-3.,-5.));
#8972=CARTESIAN_POINT('',(-38.65000000003,-4.35805905252612E-14,-5.));
#8973=CARTESIAN_POINT('',(-38.65000000003,3.,-5.));
#8974=CARTESIAN_POINT('',(-38.65000000003,-3.,-5.));
#8975=CARTESIAN_POINT('',(-36.6500000000301,3.,-5.));
#8976=CARTESIAN_POINT('',(-36.6500000000301,5.,-5.));
#8977=CARTESIAN_POINT('',(0.,5.,-5.));
#8978=CARTESIAN_POINT('',(-27.14999999997,5.,-5.));
#8979=CARTESIAN_POINT('',(-27.14999999997,3.,-5.));
#8980=CARTESIAN_POINT('',(-25.14999999997,3.,-5.));
#8981=CARTESIAN_POINT('',(-25.1499999999699,-2.8358392023497E-14,-5.));
#8982=CARTESIAN_POINT('',(-25.1499999999699,-3.,-5.));
#8983=CARTESIAN_POINT('',(-27.1499999999699,-3.,-5.));
#8984=CARTESIAN_POINT('',(-27.1499999999699,-5.,-5.));
#8985=CARTESIAN_POINT('',(0.,-5.,-5.));
#8986=CARTESIAN_POINT('',(-36.65000000003,-5.,-5.));
#8987=CARTESIAN_POINT('',(-36.65000000003,-3.,-5.));
#8988=CARTESIAN_POINT('',(-22.70000000003,-2.55958448880717E-14,-5.));
#8989=CARTESIAN_POINT('',(-22.7000000000301,14.7,-5.));
#8990=CARTESIAN_POINT('',(-22.7000000000301,8.7,-5.));
#8991=CARTESIAN_POINT('',(-20.7000000000301,14.7,-5.));
#8992=CARTESIAN_POINT('',(-20.7000000000301,16.7,-5.));
#8993=CARTESIAN_POINT('',(0.,16.7,-5.));
#8994=CARTESIAN_POINT('',(-11.19999999997,16.7,-5.));
#8995=CARTESIAN_POINT('',(-11.19999999997,14.7,-5.));
#8996=CARTESIAN_POINT('',(-9.19999999996995,14.7,-5.));
#8997=CARTESIAN_POINT('',(-9.19999999996994,-1.03736463863074E-14,-5.));
#8998=CARTESIAN_POINT('',(-9.19999999996995,8.7,-5.));
#8999=CARTESIAN_POINT('',(-11.1999999999699,8.7,-5.));
#9000=CARTESIAN_POINT('',(-11.1999999999699,6.7,-5.));
#9001=CARTESIAN_POINT('',(0.,6.7,-5.));
#9002=CARTESIAN_POINT('',(-20.70000000003,6.7,-5.));
#9003=CARTESIAN_POINT('',(-20.70000000003,8.7,-5.));
#9004=CARTESIAN_POINT('',(9.19999999996996,1.03736463863074E-14,-5.));
#9005=CARTESIAN_POINT('',(9.19999999996994,14.7,-5.));
#9006=CARTESIAN_POINT('',(9.19999999996995,8.7,-5.));
#9007=CARTESIAN_POINT('',(11.1999999999699,14.7,-5.));
#9008=CARTESIAN_POINT('',(11.1999999999699,16.7,-5.));
#9009=CARTESIAN_POINT('',(0.,16.7,-5.));
#9010=CARTESIAN_POINT('',(20.70000000003,16.7,-5.));
#9011=CARTESIAN_POINT('',(20.70000000003,14.7,-5.));
#9012=CARTESIAN_POINT('',(22.70000000003,14.7,-5.));
#9013=CARTESIAN_POINT('',(22.7000000000301,2.55958448880717E-14,-5.));
#9014=CARTESIAN_POINT('',(22.7000000000301,8.7,-5.));
#9015=CARTESIAN_POINT('',(20.7000000000301,8.7,-5.));
#9016=CARTESIAN_POINT('',(20.7000000000301,6.7,-5.));
#9017=CARTESIAN_POINT('',(0.,6.7,-5.));
#9018=CARTESIAN_POINT('',(11.19999999997,6.7,-5.));
#9019=CARTESIAN_POINT('',(11.19999999997,8.7,-5.));
#9020=CARTESIAN_POINT('',(-6.75000000003002,-7.6110992508821E-15,-5.));
#9021=CARTESIAN_POINT('',(-6.75000000003005,26.4,-5.));
#9022=CARTESIAN_POINT('',(-6.75000000003005,20.4,-5.));
#9023=CARTESIAN_POINT('',(-4.75000000003006,26.4,-5.));
#9024=CARTESIAN_POINT('',(-4.75000000003006,28.4,-5.));
#9025=CARTESIAN_POINT('',(0.,28.4,-5.));
#9026=CARTESIAN_POINT('',(4.75000000003005,28.4,-5.));
#9027=CARTESIAN_POINT('',(4.75000000003005,26.4,-5.));
#9028=CARTESIAN_POINT('',(6.75000000003005,26.4,-5.));
#9029=CARTESIAN_POINT('',(6.75000000003008,7.61109925088215E-15,-5.));
#9030=CARTESIAN_POINT('',(6.75000000003005,20.4,-5.));
#9031=CARTESIAN_POINT('',(4.75000000003005,20.4,-5.));
#9032=CARTESIAN_POINT('',(4.75000000003005,18.4,-5.));
#9033=CARTESIAN_POINT('',(0.,18.4,-5.));
#9034=CARTESIAN_POINT('',(-4.75000000003005,18.4,-5.));
#9035=CARTESIAN_POINT('',(-4.75000000003005,20.4,-5.));
#9036=CARTESIAN_POINT('',(-6.75000000003004,-7.61109925088211E-15,-5.));
#9037=CARTESIAN_POINT('',(-6.75000000003005,14.7,-5.));
#9038=CARTESIAN_POINT('',(-6.75000000003005,8.7,-5.));
#9039=CARTESIAN_POINT('',(-4.75000000003006,14.7,-5.));
#9040=CARTESIAN_POINT('',(-4.75000000003006,16.7,-5.));
#9041=CARTESIAN_POINT('',(0.,16.7,-5.));
#9042=CARTESIAN_POINT('',(4.75000000003005,16.7,-5.));
#9043=CARTESIAN_POINT('',(4.75000000003005,14.7,-5.));
#9044=CARTESIAN_POINT('',(6.75000000003005,14.7,-5.));
#9045=CARTESIAN_POINT('',(6.75000000003006,7.61109925088214E-15,-5.));
#9046=CARTESIAN_POINT('',(6.75000000003005,8.7,-5.));
#9047=CARTESIAN_POINT('',(4.75000000003005,8.7,-5.));
#9048=CARTESIAN_POINT('',(4.75000000003005,6.7,-5.));
#9049=CARTESIAN_POINT('',(0.,6.7,-5.));
#9050=CARTESIAN_POINT('',(-4.75000000003005,6.7,-5.));
#9051=CARTESIAN_POINT('',(-4.75000000003005,8.7,-5.));
#9052=CARTESIAN_POINT('',(41.09999999997,4.63431376606865E-14,-5.));
#9053=CARTESIAN_POINT('',(41.0999999999699,14.7,-5.));
#9054=CARTESIAN_POINT('',(41.09999999997,8.7,-5.));
#9055=CARTESIAN_POINT('',(43.0999999999699,14.7,-5.));
#9056=CARTESIAN_POINT('',(43.0999999999699,16.7,-5.));
#9057=CARTESIAN_POINT('',(0.,16.7,-5.));
#9058=CARTESIAN_POINT('',(52.60000000003,16.7,-5.));
#9059=CARTESIAN_POINT('',(52.60000000003,14.7,-5.));
#9060=CARTESIAN_POINT('',(54.6000000000301,14.7,-5.));
#9061=CARTESIAN_POINT('',(54.6000000000301,6.15653361624508E-14,-5.));
#9062=CARTESIAN_POINT('',(54.6000000000301,8.7,-5.));
#9063=CARTESIAN_POINT('',(52.6000000000301,8.7,-5.));
#9064=CARTESIAN_POINT('',(52.6000000000301,6.7,-5.));
#9065=CARTESIAN_POINT('',(0.,6.7,-5.));
#9066=CARTESIAN_POINT('',(43.0999999999699,6.7,-5.));
#9067=CARTESIAN_POINT('',(43.0999999999699,8.7,-5.));
#9068=CARTESIAN_POINT('',(-54.6000000000301,-6.15653361624508E-14,-5.));
#9069=CARTESIAN_POINT('',(-54.6000000000301,3.,-5.));
#9070=CARTESIAN_POINT('',(-54.6000000000301,-3.,-5.));
#9071=CARTESIAN_POINT('',(-52.6000000000301,3.,-5.));
#9072=CARTESIAN_POINT('',(-52.6000000000301,5.,-5.));
#9073=CARTESIAN_POINT('',(0.,5.,-5.));
#9074=CARTESIAN_POINT('',(-43.0999999999699,5.,-5.));
#9075=CARTESIAN_POINT('',(-43.0999999999699,3.,-5.));
#9076=CARTESIAN_POINT('',(-41.0999999999699,3.,-5.));
#9077=CARTESIAN_POINT('',(-41.0999999999699,-4.63431376606865E-14,-5.));
#9078=CARTESIAN_POINT('',(-41.0999999999699,-3.,-5.));
#9079=CARTESIAN_POINT('',(-43.0999999999699,-3.,-5.));
#9080=CARTESIAN_POINT('',(-43.0999999999699,-5.,-5.));
#9081=CARTESIAN_POINT('',(0.,-5.,-5.));
#9082=CARTESIAN_POINT('',(-52.60000000003,-5.,-5.));
#9083=CARTESIAN_POINT('',(-52.60000000003,-3.,-5.));
#9084=CARTESIAN_POINT('',(-38.65000000003,-4.35805905252612E-14,-5.));
#9085=CARTESIAN_POINT('',(-38.65000000003,26.4,-5.));
#9086=CARTESIAN_POINT('',(-38.65000000003,20.4,-5.));
#9087=CARTESIAN_POINT('',(-36.6500000000301,26.4,-5.));
#9088=CARTESIAN_POINT('',(-36.6500000000301,28.4,-5.));
#9089=CARTESIAN_POINT('',(0.,28.4,-5.));
#9090=CARTESIAN_POINT('',(-27.14999999997,28.4,-5.));
#9091=CARTESIAN_POINT('',(-27.14999999997,26.4,-5.));
#9092=CARTESIAN_POINT('',(-25.14999999997,26.4,-5.));
#9093=CARTESIAN_POINT('',(-25.1499999999699,-2.83583920234969E-14,-5.));
#9094=CARTESIAN_POINT('',(-25.1499999999699,20.4,-5.));
#9095=CARTESIAN_POINT('',(-27.1499999999699,20.4,-5.));
#9096=CARTESIAN_POINT('',(-27.1499999999699,18.4,-5.));
#9097=CARTESIAN_POINT('',(0.,18.4,-5.));
#9098=CARTESIAN_POINT('',(-36.65000000003,18.4,-5.));
#9099=CARTESIAN_POINT('',(-36.65000000003,20.4,-5.));
#9100=CARTESIAN_POINT('',(25.14999999997,2.8358392023497E-14,-5.));
#9101=CARTESIAN_POINT('',(25.1499999999699,26.4,-5.));
#9102=CARTESIAN_POINT('',(25.1499999999699,20.4,-5.));
#9103=CARTESIAN_POINT('',(27.1499999999699,26.4,-5.));
#9104=CARTESIAN_POINT('',(27.1499999999699,28.4,-5.));
#9105=CARTESIAN_POINT('',(0.,28.4,-5.));
#9106=CARTESIAN_POINT('',(36.65000000003,28.4,-5.));
#9107=CARTESIAN_POINT('',(36.65000000003,26.4,-5.));
#9108=CARTESIAN_POINT('',(38.65000000003,26.4,-5.));
#9109=CARTESIAN_POINT('',(38.6500000000301,4.35805905252612E-14,-5.));
#9110=CARTESIAN_POINT('',(38.65000000003,20.4,-5.));
#9111=CARTESIAN_POINT('',(36.65000000003,20.4,-5.));
#9112=CARTESIAN_POINT('',(36.65000000003,18.4,-5.));
#9113=CARTESIAN_POINT('',(0.,18.4,-5.));
#9114=CARTESIAN_POINT('',(27.14999999997,18.4,-5.));
#9115=CARTESIAN_POINT('',(27.14999999997,20.4,-5.));
#9116=CARTESIAN_POINT('',(-38.65000000003,-4.35805905252612E-14,-5.));
#9117=CARTESIAN_POINT('',(-38.65000000003,14.7,-5.));
#9118=CARTESIAN_POINT('',(-38.65000000003,8.7,-5.));
#9119=CARTESIAN_POINT('',(-36.6500000000301,14.7,-5.));
#9120=CARTESIAN_POINT('',(-36.6500000000301,16.7,-5.));
#9121=CARTESIAN_POINT('',(0.,16.7,-5.));
#9122=CARTESIAN_POINT('',(-27.14999999997,16.7,-5.));
#9123=CARTESIAN_POINT('',(-27.14999999997,14.7,-5.));
#9124=CARTESIAN_POINT('',(-25.14999999997,14.7,-5.));
#9125=CARTESIAN_POINT('',(-25.1499999999699,-2.8358392023497E-14,-5.));
#9126=CARTESIAN_POINT('',(-25.1499999999699,8.7,-5.));
#9127=CARTESIAN_POINT('',(-27.1499999999699,8.7,-5.));
#9128=CARTESIAN_POINT('',(-27.1499999999699,6.7,-5.));
#9129=CARTESIAN_POINT('',(0.,6.7,-5.));
#9130=CARTESIAN_POINT('',(-36.65000000003,6.7,-5.));
#9131=CARTESIAN_POINT('',(-36.65000000003,8.7,-5.));
#9132=CARTESIAN_POINT('',(25.14999999997,2.8358392023497E-14,-5.));
#9133=CARTESIAN_POINT('',(25.1499999999699,14.7,-5.));
#9134=CARTESIAN_POINT('',(25.1499999999699,8.7,-5.));
#9135=CARTESIAN_POINT('',(27.1499999999699,14.7,-5.));
#9136=CARTESIAN_POINT('',(27.1499999999699,16.7,-5.));
#9137=CARTESIAN_POINT('',(0.,16.7,-5.));
#9138=CARTESIAN_POINT('',(36.65000000003,16.7,-5.));
#9139=CARTESIAN_POINT('',(36.65000000003,14.7,-5.));
#9140=CARTESIAN_POINT('',(38.65000000003,14.7,-5.));
#9141=CARTESIAN_POINT('',(38.6500000000301,4.35805905252612E-14,-5.));
#9142=CARTESIAN_POINT('',(38.65000000003,8.7,-5.));
#9143=CARTESIAN_POINT('',(36.65000000003,8.7,-5.));
#9144=CARTESIAN_POINT('',(36.65000000003,6.7,-5.));
#9145=CARTESIAN_POINT('',(0.,6.7,-5.));
#9146=CARTESIAN_POINT('',(27.14999999997,6.7,-5.));
#9147=CARTESIAN_POINT('',(27.14999999997,8.7,-5.));
#9148=CARTESIAN_POINT('',(-22.70000000003,-2.55958448880716E-14,-5.));
#9149=CARTESIAN_POINT('',(-22.7000000000301,26.4,-5.));
#9150=CARTESIAN_POINT('',(-22.7000000000301,20.4,-5.));
#9151=CARTESIAN_POINT('',(-20.7000000000301,26.4,-5.));
#9152=CARTESIAN_POINT('',(-20.7000000000301,28.4,-5.));
#9153=CARTESIAN_POINT('',(0.,28.4,-5.));
#9154=CARTESIAN_POINT('',(-11.19999999997,28.4,-5.));
#9155=CARTESIAN_POINT('',(-11.19999999997,26.4,-5.));
#9156=CARTESIAN_POINT('',(-9.19999999996995,26.4,-5.));
#9157=CARTESIAN_POINT('',(-9.19999999996992,-1.03736463863074E-14,-5.));
#9158=CARTESIAN_POINT('',(-9.19999999996995,20.4,-5.));
#9159=CARTESIAN_POINT('',(-11.1999999999699,20.4,-5.));
#9160=CARTESIAN_POINT('',(-11.1999999999699,18.4,-5.));
#9161=CARTESIAN_POINT('',(0.,18.4,-5.));
#9162=CARTESIAN_POINT('',(-20.70000000003,18.4,-5.));
#9163=CARTESIAN_POINT('',(-20.70000000003,20.4,-5.));
#9164=CARTESIAN_POINT('',(9.19999999996997,1.03736463863075E-14,-5.));
#9165=CARTESIAN_POINT('',(9.19999999996994,26.4,-5.));
#9166=CARTESIAN_POINT('',(9.19999999996995,20.4,-5.));
#9167=CARTESIAN_POINT('',(11.1999999999699,26.4,-5.));
#9168=CARTESIAN_POINT('',(11.1999999999699,28.4,-5.));
#9169=CARTESIAN_POINT('',(0.,28.4,-5.));
#9170=CARTESIAN_POINT('',(20.70000000003,28.4,-5.));
#9171=CARTESIAN_POINT('',(20.70000000003,26.4,-5.));
#9172=CARTESIAN_POINT('',(22.70000000003,26.4,-5.));
#9173=CARTESIAN_POINT('',(22.7000000000301,2.55958448880717E-14,-5.));
#9174=CARTESIAN_POINT('',(22.7000000000301,20.4,-5.));
#9175=CARTESIAN_POINT('',(20.7000000000301,20.4,-5.));
#9176=CARTESIAN_POINT('',(20.7000000000301,18.4,-5.));
#9177=CARTESIAN_POINT('',(0.,18.4,-5.));
#9178=CARTESIAN_POINT('',(11.19999999997,18.4,-5.));
#9179=CARTESIAN_POINT('',(11.19999999997,20.4,-5.));
#9180=CARTESIAN_POINT('',(-54.6000000000301,-6.15653361624508E-14,-5.));
#9181=CARTESIAN_POINT('',(-54.6000000000301,-20.4,-5.));
#9182=CARTESIAN_POINT('',(-54.6000000000301,-26.4,-5.));
#9183=CARTESIAN_POINT('',(-52.6000000000301,-20.4,-5.));
#9184=CARTESIAN_POINT('',(-52.6000000000301,-18.4,-5.));
#9185=CARTESIAN_POINT('',(0.,-18.4,-5.));
#9186=CARTESIAN_POINT('',(-43.0999999999699,-18.4,-5.));
#9187=CARTESIAN_POINT('',(-43.0999999999699,-20.4,-5.));
#9188=CARTESIAN_POINT('',(-41.09999999997,-20.4,-5.));
#9189=CARTESIAN_POINT('',(-41.09999999997,-4.63431376606865E-14,-5.));
#9190=CARTESIAN_POINT('',(-41.0999999999699,-26.4,-5.));
#9191=CARTESIAN_POINT('',(-43.0999999999699,-26.4,-5.));
#9192=CARTESIAN_POINT('',(-43.0999999999699,-28.4,-5.));
#9193=CARTESIAN_POINT('',(0.,-28.4,-5.));
#9194=CARTESIAN_POINT('',(-52.60000000003,-28.4,-5.));
#9195=CARTESIAN_POINT('',(-52.60000000003,-26.4,-5.));
#9196=CARTESIAN_POINT('',(9.19999999996995,1.03736463863074E-14,-5.));
#9197=CARTESIAN_POINT('',(9.19999999996994,3.,-5.));
#9198=CARTESIAN_POINT('',(9.19999999996995,-3.,-5.));
#9199=CARTESIAN_POINT('',(11.1999999999699,3.,-5.));
#9200=CARTESIAN_POINT('',(11.1999999999699,5.,-5.));
#9201=CARTESIAN_POINT('',(0.,5.,-5.));
#9202=CARTESIAN_POINT('',(20.70000000003,5.,-5.));
#9203=CARTESIAN_POINT('',(20.70000000003,3.,-5.));
#9204=CARTESIAN_POINT('',(22.70000000003,3.,-5.));
#9205=CARTESIAN_POINT('',(22.70000000003,2.55958448880717E-14,-5.));
#9206=CARTESIAN_POINT('',(22.7000000000301,-3.,-5.));
#9207=CARTESIAN_POINT('',(20.7000000000301,-3.,-5.));
#9208=CARTESIAN_POINT('',(20.7000000000301,-5.,-5.));
#9209=CARTESIAN_POINT('',(0.,-5.,-5.));
#9210=CARTESIAN_POINT('',(11.19999999997,-5.,-5.));
#9211=CARTESIAN_POINT('',(11.19999999997,-3.,-5.));
#9212=CARTESIAN_POINT('',(-6.75000000003005,-7.61109925088213E-15,-5.));
#9213=CARTESIAN_POINT('',(-6.75000000003006,3.,-5.));
#9214=CARTESIAN_POINT('',(-6.75000000003005,-3.,-5.));
#9215=CARTESIAN_POINT('',(-4.75000000003006,3.,-5.));
#9216=CARTESIAN_POINT('',(-4.75000000003006,5.,-5.));
#9217=CARTESIAN_POINT('',(0.,5.,-5.));
#9218=CARTESIAN_POINT('',(4.75000000003005,5.,-5.));
#9219=CARTESIAN_POINT('',(4.75000000003005,3.,-5.));
#9220=CARTESIAN_POINT('',(6.75000000003005,3.,-5.));
#9221=CARTESIAN_POINT('',(6.75000000003005,7.61109925088212E-15,-5.));
#9222=CARTESIAN_POINT('',(6.75000000003005,-3.,-5.));
#9223=CARTESIAN_POINT('',(4.75000000003005,-3.,-5.));
#9224=CARTESIAN_POINT('',(4.75000000003005,-5.,-5.));
#9225=CARTESIAN_POINT('',(0.,-5.,-5.));
#9226=CARTESIAN_POINT('',(-4.75000000003005,-5.,-5.));
#9227=CARTESIAN_POINT('',(-4.75000000003005,-3.,-5.));
#9228=CARTESIAN_POINT('',(51.9999999999942,-24.9999999999476,-5.));
#9229=CARTESIAN_POINT('',(51.9999999999941,24.9999999999476,-5.));
#9230=CARTESIAN_POINT('',(-51.9999999999941,24.9999999999476,-5.));
#9231=CARTESIAN_POINT('',(-51.9999999999941,-24.9999999999476,-5.));
#9232=CARTESIAN_POINT('',(0.,0.,-5.));
#9233=CARTESIAN_POINT('',(51.9999999999942,-24.9999999999476,-5.));
#9234=CARTESIAN_POINT('',(-51.9999999999941,-24.9999999999476,-5.));
#9235=CARTESIAN_POINT('',(-51.9999999999941,24.9999999999476,-5.));
#9236=CARTESIAN_POINT('',(51.9999999999941,24.9999999999476,-5.));
#9237=CARTESIAN_POINT('',(-6.75000000003005,-3.,-12.));
#9238=CARTESIAN_POINT('',(-6.75000000003005,-3.,-12.));
#9239=CARTESIAN_POINT('',(-6.75000000003006,5.,-12.));
#9240=CARTESIAN_POINT('',(-6.75000000003005,3.,-12.));
#9241=CARTESIAN_POINT('',(-6.75000000003005,3.,-5.));
#9242=CARTESIAN_POINT('',(-6.75000000003006,5.,-12.));
#9243=CARTESIAN_POINT('',(-6.75000000003005,-5.,-12.));
#9244=CARTESIAN_POINT('',(4.75000000003005,-5.,-12.));
#9245=CARTESIAN_POINT('',(-4.75000000003005,-5.,-12.));
#9246=CARTESIAN_POINT('',(-4.75000000003005,-5.,-5.));
#9247=CARTESIAN_POINT('',(4.75000000003005,-5.,-12.));
#9248=CARTESIAN_POINT('',(-6.75000000003005,-5.,-12.));
#9249=CARTESIAN_POINT('',(6.75000000003006,-5.,-12.));
#9250=CARTESIAN_POINT('',(6.75000000003005,3.,-12.));
#9251=CARTESIAN_POINT('',(6.75000000003005,-3.,-12.));
#9252=CARTESIAN_POINT('',(6.75000000003005,-3.,-5.));
#9253=CARTESIAN_POINT('',(6.75000000003005,3.,-12.));
#9254=CARTESIAN_POINT('',(6.75000000003006,-5.,-12.));
#9255=CARTESIAN_POINT('',(6.75000000003004,5.,-12.));
#9256=CARTESIAN_POINT('',(-4.75000000003006,5.,-12.));
#9257=CARTESIAN_POINT('',(4.75000000003005,5.,-12.));
#9258=CARTESIAN_POINT('',(4.75000000003005,5.,-5.));
#9259=CARTESIAN_POINT('',(-4.75000000003006,5.,-12.));
#9260=CARTESIAN_POINT('',(6.75000000003004,5.,-12.));
#9261=CARTESIAN_POINT('',(-4.75000000003005,-3.,-12.));
#9262=CARTESIAN_POINT('',(4.75000000003005,-3.,-12.));
#9263=CARTESIAN_POINT('',(4.75000000003005,3.,-12.));
#9264=CARTESIAN_POINT('',(-4.75000000003006,3.,-12.));
#9265=CARTESIAN_POINT('',(0.,0.,-12.));
#9266=CARTESIAN_POINT('',(-4.75000000003005,-3.,-12.));
#9267=CARTESIAN_POINT('',(4.75000000003005,-3.,-12.));
#9268=CARTESIAN_POINT('',(4.75000000003005,3.,-12.));
#9269=CARTESIAN_POINT('',(-4.75000000003006,3.,-12.));
#9270=CARTESIAN_POINT('',(9.19999999996995,-3.,-12.));
#9271=CARTESIAN_POINT('',(9.19999999996995,-3.,-12.));
#9272=CARTESIAN_POINT('',(9.19999999996994,5.,-12.));
#9273=CARTESIAN_POINT('',(9.19999999996994,3.,-12.));
#9274=CARTESIAN_POINT('',(9.19999999996994,3.,-5.));
#9275=CARTESIAN_POINT('',(9.19999999996994,5.,-12.));
#9276=CARTESIAN_POINT('',(9.19999999996995,-5.,-12.));
#9277=CARTESIAN_POINT('',(20.7000000000301,-5.,-12.));
#9278=CARTESIAN_POINT('',(11.19999999997,-5.,-12.));
#9279=CARTESIAN_POINT('',(11.19999999997,-5.,-5.));
#9280=CARTESIAN_POINT('',(20.7000000000301,-5.,-12.));
#9281=CARTESIAN_POINT('',(9.19999999996995,-5.,-12.));
#9282=CARTESIAN_POINT('',(22.7000000000301,-5.,-12.));
#9283=CARTESIAN_POINT('',(22.70000000003,3.,-12.));
#9284=CARTESIAN_POINT('',(22.7000000000301,-3.,-12.));
#9285=CARTESIAN_POINT('',(22.7000000000301,-3.,-5.));
#9286=CARTESIAN_POINT('',(22.70000000003,3.,-12.));
#9287=CARTESIAN_POINT('',(22.7000000000301,-5.,-12.));
#9288=CARTESIAN_POINT('',(22.70000000003,5.,-12.));
#9289=CARTESIAN_POINT('',(11.1999999999699,5.,-12.));
#9290=CARTESIAN_POINT('',(20.70000000003,5.,-12.));
#9291=CARTESIAN_POINT('',(20.70000000003,5.,-5.));
#9292=CARTESIAN_POINT('',(11.1999999999699,5.,-12.));
#9293=CARTESIAN_POINT('',(22.70000000003,5.,-12.));
#9294=CARTESIAN_POINT('',(11.19999999997,-3.,-12.));
#9295=CARTESIAN_POINT('',(20.7000000000301,-3.,-12.));
#9296=CARTESIAN_POINT('',(20.70000000003,3.,-12.));
#9297=CARTESIAN_POINT('',(11.1999999999699,3.,-12.));
#9298=CARTESIAN_POINT('',(15.95,0.,-12.));
#9299=CARTESIAN_POINT('',(-54.6000000000301,-26.4,-12.));
#9300=CARTESIAN_POINT('',(-54.6000000000301,-26.4,-12.));
#9301=CARTESIAN_POINT('',(-54.6000000000301,-18.4,-12.));
#9302=CARTESIAN_POINT('',(-54.6000000000301,-20.4,-12.));
#9303=CARTESIAN_POINT('',(-54.6000000000301,-20.4,-5.));
#9304=CARTESIAN_POINT('',(-54.6000000000301,-18.4,-12.));
#9305=CARTESIAN_POINT('',(-54.6000000000301,-28.4,-12.));
#9306=CARTESIAN_POINT('',(-43.0999999999699,-28.4,-12.));
#9307=CARTESIAN_POINT('',(-52.60000000003,-28.4,-12.));
#9308=CARTESIAN_POINT('',(-52.60000000003,-28.4,-5.));
#9309=CARTESIAN_POINT('',(-43.0999999999699,-28.4,-12.));
#9310=CARTESIAN_POINT('',(-54.6000000000301,-28.4,-12.));
#9311=CARTESIAN_POINT('',(-41.0999999999699,-28.4,-12.));
#9312=CARTESIAN_POINT('',(-41.0999999999699,-20.4,-12.));
#9313=CARTESIAN_POINT('',(-41.0999999999699,-26.4,-12.));
#9314=CARTESIAN_POINT('',(-41.0999999999699,-26.4,-5.));
#9315=CARTESIAN_POINT('',(-41.0999999999699,-20.4,-12.));
#9316=CARTESIAN_POINT('',(-41.0999999999699,-28.4,-12.));
#9317=CARTESIAN_POINT('',(-41.09999999997,-18.4,-12.));
#9318=CARTESIAN_POINT('',(-52.6000000000301,-18.4,-12.));
#9319=CARTESIAN_POINT('',(-43.0999999999699,-18.4,-12.));
#9320=CARTESIAN_POINT('',(-43.0999999999699,-18.4,-5.));
#9321=CARTESIAN_POINT('',(-52.6000000000301,-18.4,-12.));
#9322=CARTESIAN_POINT('',(-41.09999999997,-18.4,-12.));
#9323=CARTESIAN_POINT('',(-52.60000000003,-26.4,-12.));
#9324=CARTESIAN_POINT('',(-43.0999999999699,-26.4,-12.));
#9325=CARTESIAN_POINT('',(-43.0999999999699,-20.4,-12.));
#9326=CARTESIAN_POINT('',(-52.6000000000301,-20.4,-12.));
#9327=CARTESIAN_POINT('',(-47.85,-23.4,-12.));
#9328=CARTESIAN_POINT('',(9.19999999996995,20.4,-12.));
#9329=CARTESIAN_POINT('',(9.19999999996995,20.4,-12.));
#9330=CARTESIAN_POINT('',(9.19999999996994,28.4,-12.));
#9331=CARTESIAN_POINT('',(9.19999999996994,26.4,-12.));
#9332=CARTESIAN_POINT('',(9.19999999996994,26.4,-5.));
#9333=CARTESIAN_POINT('',(9.19999999996994,28.4,-12.));
#9334=CARTESIAN_POINT('',(9.19999999996995,18.4,-12.));
#9335=CARTESIAN_POINT('',(20.7000000000301,18.4,-12.));
#9336=CARTESIAN_POINT('',(11.19999999997,18.4,-12.));
#9337=CARTESIAN_POINT('',(11.19999999997,18.4,-5.));
#9338=CARTESIAN_POINT('',(20.7000000000301,18.4,-12.));
#9339=CARTESIAN_POINT('',(9.19999999996995,18.4,-12.));
#9340=CARTESIAN_POINT('',(22.7000000000301,18.4,-12.));
#9341=CARTESIAN_POINT('',(22.70000000003,26.4,-12.));
#9342=CARTESIAN_POINT('',(22.7000000000301,20.4,-12.));
#9343=CARTESIAN_POINT('',(22.7000000000301,20.4,-5.));
#9344=CARTESIAN_POINT('',(22.70000000003,26.4,-12.));
#9345=CARTESIAN_POINT('',(22.7000000000301,18.4,-12.));
#9346=CARTESIAN_POINT('',(22.70000000003,28.4,-12.));
#9347=CARTESIAN_POINT('',(11.1999999999699,28.4,-12.));
#9348=CARTESIAN_POINT('',(20.70000000003,28.4,-12.));
#9349=CARTESIAN_POINT('',(20.70000000003,28.4,-5.));
#9350=CARTESIAN_POINT('',(11.1999999999699,28.4,-12.));
#9351=CARTESIAN_POINT('',(22.70000000003,28.4,-12.));
#9352=CARTESIAN_POINT('',(11.19999999997,20.4,-12.));
#9353=CARTESIAN_POINT('',(20.7000000000301,20.4,-12.));
#9354=CARTESIAN_POINT('',(20.70000000003,26.4,-12.));
#9355=CARTESIAN_POINT('',(11.1999999999699,26.4,-12.));
#9356=CARTESIAN_POINT('',(15.95,23.4,-12.));
#9357=CARTESIAN_POINT('',(-22.70000000003,20.4,-12.));
#9358=CARTESIAN_POINT('',(-22.70000000003,20.4,-12.));
#9359=CARTESIAN_POINT('',(-22.7000000000301,28.4,-12.));
#9360=CARTESIAN_POINT('',(-22.7000000000301,26.4,-12.));
#9361=CARTESIAN_POINT('',(-22.7000000000301,26.4,-5.));
#9362=CARTESIAN_POINT('',(-22.7000000000301,28.4,-12.));
#9363=CARTESIAN_POINT('',(-22.70000000003,18.4,-12.));
#9364=CARTESIAN_POINT('',(-11.1999999999699,18.4,-12.));
#9365=CARTESIAN_POINT('',(-20.70000000003,18.4,-12.));
#9366=CARTESIAN_POINT('',(-20.70000000003,18.4,-5.));
#9367=CARTESIAN_POINT('',(-11.1999999999699,18.4,-12.));
#9368=CARTESIAN_POINT('',(-22.70000000003,18.4,-12.));
#9369=CARTESIAN_POINT('',(-9.19999999996994,18.4,-12.));
#9370=CARTESIAN_POINT('',(-9.19999999996995,26.4,-12.));
#9371=CARTESIAN_POINT('',(-9.19999999996995,20.4,-12.));
#9372=CARTESIAN_POINT('',(-9.19999999996995,20.4,-5.));
#9373=CARTESIAN_POINT('',(-9.19999999996995,26.4,-12.));
#9374=CARTESIAN_POINT('',(-9.19999999996994,18.4,-12.));
#9375=CARTESIAN_POINT('',(-9.19999999996996,28.4,-12.));
#9376=CARTESIAN_POINT('',(-20.7000000000301,28.4,-12.));
#9377=CARTESIAN_POINT('',(-11.19999999997,28.4,-12.));
#9378=CARTESIAN_POINT('',(-11.19999999997,28.4,-5.));
#9379=CARTESIAN_POINT('',(-20.7000000000301,28.4,-12.));
#9380=CARTESIAN_POINT('',(-9.19999999996996,28.4,-12.));
#9381=CARTESIAN_POINT('',(-20.70000000003,20.4,-12.));
#9382=CARTESIAN_POINT('',(-11.1999999999699,20.4,-12.));
#9383=CARTESIAN_POINT('',(-11.19999999997,26.4,-12.));
#9384=CARTESIAN_POINT('',(-20.7000000000301,26.4,-12.));
#9385=CARTESIAN_POINT('',(-15.95,23.4,-12.));
#9386=CARTESIAN_POINT('',(25.1499999999699,8.7,-12.));
#9387=CARTESIAN_POINT('',(25.1499999999699,8.7,-12.));
#9388=CARTESIAN_POINT('',(25.1499999999699,16.7,-12.));
#9389=CARTESIAN_POINT('',(25.1499999999699,14.7,-12.));
#9390=CARTESIAN_POINT('',(25.1499999999699,14.7,-5.));
#9391=CARTESIAN_POINT('',(25.1499999999699,16.7,-12.));
#9392=CARTESIAN_POINT('',(25.1499999999699,6.7,-12.));
#9393=CARTESIAN_POINT('',(36.65000000003,6.7,-12.));
#9394=CARTESIAN_POINT('',(27.14999999997,6.7,-12.));
#9395=CARTESIAN_POINT('',(27.14999999997,6.7,-5.));
#9396=CARTESIAN_POINT('',(36.65000000003,6.7,-12.));
#9397=CARTESIAN_POINT('',(25.1499999999699,6.7,-12.));
#9398=CARTESIAN_POINT('',(38.65000000003,6.7,-12.));
#9399=CARTESIAN_POINT('',(38.65000000003,14.7,-12.));
#9400=CARTESIAN_POINT('',(38.65000000003,8.7,-12.));
#9401=CARTESIAN_POINT('',(38.65000000003,8.7,-5.));
#9402=CARTESIAN_POINT('',(38.65000000003,14.7,-12.));
#9403=CARTESIAN_POINT('',(38.65000000003,6.7,-12.));
#9404=CARTESIAN_POINT('',(38.65000000003,16.7,-12.));
#9405=CARTESIAN_POINT('',(27.1499999999699,16.7,-12.));
#9406=CARTESIAN_POINT('',(36.65000000003,16.7,-12.));
#9407=CARTESIAN_POINT('',(36.65000000003,16.7,-5.));
#9408=CARTESIAN_POINT('',(27.1499999999699,16.7,-12.));
#9409=CARTESIAN_POINT('',(38.65000000003,16.7,-12.));
#9410=CARTESIAN_POINT('',(27.14999999997,8.7,-12.));
#9411=CARTESIAN_POINT('',(36.65000000003,8.7,-12.));
#9412=CARTESIAN_POINT('',(36.65000000003,14.7,-12.));
#9413=CARTESIAN_POINT('',(27.1499999999699,14.7,-12.));
#9414=CARTESIAN_POINT('',(31.9,11.7,-12.));
#9415=CARTESIAN_POINT('',(-38.65000000003,8.7,-12.));
#9416=CARTESIAN_POINT('',(-38.65000000003,8.7,-12.));
#9417=CARTESIAN_POINT('',(-38.6500000000301,16.7,-12.));
#9418=CARTESIAN_POINT('',(-38.6500000000301,14.7,-12.));
#9419=CARTESIAN_POINT('',(-38.6500000000301,14.7,-5.));
#9420=CARTESIAN_POINT('',(-38.6500000000301,16.7,-12.));
#9421=CARTESIAN_POINT('',(-38.65000000003,6.7,-12.));
#9422=CARTESIAN_POINT('',(-27.1499999999699,6.7,-12.));
#9423=CARTESIAN_POINT('',(-36.65000000003,6.7,-12.));
#9424=CARTESIAN_POINT('',(-36.65000000003,6.7,-5.));
#9425=CARTESIAN_POINT('',(-27.1499999999699,6.7,-12.));
#9426=CARTESIAN_POINT('',(-38.65000000003,6.7,-12.));
#9427=CARTESIAN_POINT('',(-25.1499999999699,6.7,-12.));
#9428=CARTESIAN_POINT('',(-25.14999999997,14.7,-12.));
#9429=CARTESIAN_POINT('',(-25.1499999999699,8.7,-12.));
#9430=CARTESIAN_POINT('',(-25.1499999999699,8.7,-5.));
#9431=CARTESIAN_POINT('',(-25.14999999997,14.7,-12.));
#9432=CARTESIAN_POINT('',(-25.1499999999699,6.7,-12.));
#9433=CARTESIAN_POINT('',(-25.14999999997,16.7,-12.));
#9434=CARTESIAN_POINT('',(-36.6500000000301,16.7,-12.));
#9435=CARTESIAN_POINT('',(-27.14999999997,16.7,-12.));
#9436=CARTESIAN_POINT('',(-27.14999999997,16.7,-5.));
#9437=CARTESIAN_POINT('',(-36.6500000000301,16.7,-12.));
#9438=CARTESIAN_POINT('',(-25.14999999997,16.7,-12.));
#9439=CARTESIAN_POINT('',(-36.65000000003,8.7,-12.));
#9440=CARTESIAN_POINT('',(-27.1499999999699,8.7,-12.));
#9441=CARTESIAN_POINT('',(-27.14999999997,14.7,-12.));
#9442=CARTESIAN_POINT('',(-36.6500000000301,14.7,-12.));
#9443=CARTESIAN_POINT('',(-31.9,11.7,-12.));
#9444=CARTESIAN_POINT('',(25.1499999999699,20.4,-12.));
#9445=CARTESIAN_POINT('',(25.1499999999699,20.4,-12.));
#9446=CARTESIAN_POINT('',(25.1499999999699,28.4,-12.));
#9447=CARTESIAN_POINT('',(25.1499999999699,26.4,-12.));
#9448=CARTESIAN_POINT('',(25.1499999999699,26.4,-5.));
#9449=CARTESIAN_POINT('',(25.1499999999699,28.4,-12.));
#9450=CARTESIAN_POINT('',(25.1499999999699,18.4,-12.));
#9451=CARTESIAN_POINT('',(36.65000000003,18.4,-12.));
#9452=CARTESIAN_POINT('',(27.14999999997,18.4,-12.));
#9453=CARTESIAN_POINT('',(27.14999999997,18.4,-5.));
#9454=CARTESIAN_POINT('',(36.65000000003,18.4,-12.));
#9455=CARTESIAN_POINT('',(25.1499999999699,18.4,-12.));
#9456=CARTESIAN_POINT('',(38.65000000003,18.4,-12.));
#9457=CARTESIAN_POINT('',(38.65000000003,26.4,-12.));
#9458=CARTESIAN_POINT('',(38.65000000003,20.4,-12.));
#9459=CARTESIAN_POINT('',(38.65000000003,20.4,-5.));
#9460=CARTESIAN_POINT('',(38.65000000003,26.4,-12.));
#9461=CARTESIAN_POINT('',(38.65000000003,18.4,-12.));
#9462=CARTESIAN_POINT('',(38.65000000003,28.4,-12.));
#9463=CARTESIAN_POINT('',(27.1499999999699,28.4,-12.));
#9464=CARTESIAN_POINT('',(36.65000000003,28.4,-12.));
#9465=CARTESIAN_POINT('',(36.65000000003,28.4,-5.));
#9466=CARTESIAN_POINT('',(27.1499999999699,28.4,-12.));
#9467=CARTESIAN_POINT('',(38.65000000003,28.4,-12.));
#9468=CARTESIAN_POINT('',(27.14999999997,20.4,-12.));
#9469=CARTESIAN_POINT('',(36.65000000003,20.4,-12.));
#9470=CARTESIAN_POINT('',(36.65000000003,26.4,-12.));
#9471=CARTESIAN_POINT('',(27.1499999999699,26.4,-12.));
#9472=CARTESIAN_POINT('',(31.9,23.4,-12.));
#9473=CARTESIAN_POINT('',(-38.65000000003,20.4,-12.));
#9474=CARTESIAN_POINT('',(-38.65000000003,20.4,-12.));
#9475=CARTESIAN_POINT('',(-38.6500000000301,28.4,-12.));
#9476=CARTESIAN_POINT('',(-38.6500000000301,26.4,-12.));
#9477=CARTESIAN_POINT('',(-38.6500000000301,26.4,-5.));
#9478=CARTESIAN_POINT('',(-38.6500000000301,28.4,-12.));
#9479=CARTESIAN_POINT('',(-38.65000000003,18.4,-12.));
#9480=CARTESIAN_POINT('',(-27.1499999999699,18.4,-12.));
#9481=CARTESIAN_POINT('',(-36.65000000003,18.4,-12.));
#9482=CARTESIAN_POINT('',(-36.65000000003,18.4,-5.));
#9483=CARTESIAN_POINT('',(-27.1499999999699,18.4,-12.));
#9484=CARTESIAN_POINT('',(-38.65000000003,18.4,-12.));
#9485=CARTESIAN_POINT('',(-25.1499999999699,18.4,-12.));
#9486=CARTESIAN_POINT('',(-25.14999999997,26.4,-12.));
#9487=CARTESIAN_POINT('',(-25.1499999999699,20.4,-12.));
#9488=CARTESIAN_POINT('',(-25.1499999999699,20.4,-5.));
#9489=CARTESIAN_POINT('',(-25.14999999997,26.4,-12.));
#9490=CARTESIAN_POINT('',(-25.1499999999699,18.4,-12.));
#9491=CARTESIAN_POINT('',(-25.14999999997,28.4,-12.));
#9492=CARTESIAN_POINT('',(-36.6500000000301,28.4,-12.));
#9493=CARTESIAN_POINT('',(-27.14999999997,28.4,-12.));
#9494=CARTESIAN_POINT('',(-27.14999999997,28.4,-5.));
#9495=CARTESIAN_POINT('',(-36.6500000000301,28.4,-12.));
#9496=CARTESIAN_POINT('',(-25.14999999997,28.4,-12.));
#9497=CARTESIAN_POINT('',(-36.65000000003,20.4,-12.));
#9498=CARTESIAN_POINT('',(-27.1499999999699,20.4,-12.));
#9499=CARTESIAN_POINT('',(-27.14999999997,26.4,-12.));
#9500=CARTESIAN_POINT('',(-36.6500000000301,26.4,-12.));
#9501=CARTESIAN_POINT('',(-31.9,23.4,-12.));
#9502=CARTESIAN_POINT('',(-54.6000000000301,-3.,-12.));
#9503=CARTESIAN_POINT('',(-54.6000000000301,-3.,-12.));
#9504=CARTESIAN_POINT('',(-54.6000000000301,5.,-12.));
#9505=CARTESIAN_POINT('',(-54.6000000000301,3.,-12.));
#9506=CARTESIAN_POINT('',(-54.6000000000301,3.,-5.));
#9507=CARTESIAN_POINT('',(-54.6000000000301,5.,-12.));
#9508=CARTESIAN_POINT('',(-54.6000000000301,-5.,-12.));
#9509=CARTESIAN_POINT('',(-43.0999999999699,-5.,-12.));
#9510=CARTESIAN_POINT('',(-52.60000000003,-5.,-12.));
#9511=CARTESIAN_POINT('',(-52.60000000003,-5.,-5.));
#9512=CARTESIAN_POINT('',(-43.0999999999699,-5.,-12.));
#9513=CARTESIAN_POINT('',(-54.6000000000301,-5.,-12.));
#9514=CARTESIAN_POINT('',(-41.0999999999699,-5.,-12.));
#9515=CARTESIAN_POINT('',(-41.0999999999699,3.,-12.));
#9516=CARTESIAN_POINT('',(-41.0999999999699,-3.,-12.));
#9517=CARTESIAN_POINT('',(-41.0999999999699,-3.,-5.));
#9518=CARTESIAN_POINT('',(-41.0999999999699,3.,-12.));
#9519=CARTESIAN_POINT('',(-41.0999999999699,-5.,-12.));
#9520=CARTESIAN_POINT('',(-41.09999999997,5.,-12.));
#9521=CARTESIAN_POINT('',(-52.6000000000301,5.,-12.));
#9522=CARTESIAN_POINT('',(-43.0999999999699,5.,-12.));
#9523=CARTESIAN_POINT('',(-43.0999999999699,5.,-5.));
#9524=CARTESIAN_POINT('',(-52.6000000000301,5.,-12.));
#9525=CARTESIAN_POINT('',(-41.09999999997,5.,-12.));
#9526=CARTESIAN_POINT('',(-52.60000000003,-3.,-12.));
#9527=CARTESIAN_POINT('',(-43.0999999999699,-3.,-12.));
#9528=CARTESIAN_POINT('',(-43.0999999999699,3.,-12.));
#9529=CARTESIAN_POINT('',(-52.6000000000301,3.,-12.));
#9530=CARTESIAN_POINT('',(-47.85,0.,-12.));
#9531=CARTESIAN_POINT('',(41.0999999999699,8.7,-12.));
#9532=CARTESIAN_POINT('',(41.0999999999699,8.7,-12.));
#9533=CARTESIAN_POINT('',(41.0999999999699,16.7,-12.));
#9534=CARTESIAN_POINT('',(41.0999999999699,14.7,-12.));
#9535=CARTESIAN_POINT('',(41.0999999999699,14.7,-5.));
#9536=CARTESIAN_POINT('',(41.0999999999699,16.7,-12.));
#9537=CARTESIAN_POINT('',(41.0999999999699,6.7,-12.));
#9538=CARTESIAN_POINT('',(52.6000000000301,6.7,-12.));
#9539=CARTESIAN_POINT('',(43.0999999999699,6.7,-12.));
#9540=CARTESIAN_POINT('',(43.0999999999699,6.7,-5.));
#9541=CARTESIAN_POINT('',(52.6000000000301,6.7,-12.));
#9542=CARTESIAN_POINT('',(41.0999999999699,6.7,-12.));
#9543=CARTESIAN_POINT('',(54.6000000000301,6.7,-12.));
#9544=CARTESIAN_POINT('',(54.6000000000301,14.7,-12.));
#9545=CARTESIAN_POINT('',(54.6000000000301,8.7,-12.));
#9546=CARTESIAN_POINT('',(54.6000000000301,8.7,-5.));
#9547=CARTESIAN_POINT('',(54.6000000000301,14.7,-12.));
#9548=CARTESIAN_POINT('',(54.6000000000301,6.7,-12.));
#9549=CARTESIAN_POINT('',(54.60000000003,16.7,-12.));
#9550=CARTESIAN_POINT('',(43.0999999999699,16.7,-12.));
#9551=CARTESIAN_POINT('',(52.60000000003,16.7,-12.));
#9552=CARTESIAN_POINT('',(52.60000000003,16.7,-5.));
#9553=CARTESIAN_POINT('',(43.0999999999699,16.7,-12.));
#9554=CARTESIAN_POINT('',(54.60000000003,16.7,-12.));
#9555=CARTESIAN_POINT('',(43.0999999999699,8.7,-12.));
#9556=CARTESIAN_POINT('',(52.6000000000301,8.7,-12.));
#9557=CARTESIAN_POINT('',(52.60000000003,14.7,-12.));
#9558=CARTESIAN_POINT('',(43.0999999999699,14.7,-12.));
#9559=CARTESIAN_POINT('',(47.85,11.7,-12.));
#9560=CARTESIAN_POINT('',(-6.75000000003005,8.7,-12.));
#9561=CARTESIAN_POINT('',(-6.75000000003005,8.7,-12.));
#9562=CARTESIAN_POINT('',(-6.75000000003006,16.7,-12.));
#9563=CARTESIAN_POINT('',(-6.75000000003005,14.7,-12.));
#9564=CARTESIAN_POINT('',(-6.75000000003005,14.7,-5.));
#9565=CARTESIAN_POINT('',(-6.75000000003006,16.7,-12.));
#9566=CARTESIAN_POINT('',(-6.75000000003005,6.7,-12.));
#9567=CARTESIAN_POINT('',(4.75000000003005,6.7,-12.));
#9568=CARTESIAN_POINT('',(-4.75000000003005,6.7,-12.));
#9569=CARTESIAN_POINT('',(-4.75000000003005,6.7,-5.));
#9570=CARTESIAN_POINT('',(4.75000000003005,6.7,-12.));
#9571=CARTESIAN_POINT('',(-6.75000000003005,6.7,-12.));
#9572=CARTESIAN_POINT('',(6.75000000003006,6.7,-12.));
#9573=CARTESIAN_POINT('',(6.75000000003005,14.7,-12.));
#9574=CARTESIAN_POINT('',(6.75000000003005,8.7,-12.));
#9575=CARTESIAN_POINT('',(6.75000000003005,8.7,-5.));
#9576=CARTESIAN_POINT('',(6.75000000003005,14.7,-12.));
#9577=CARTESIAN_POINT('',(6.75000000003006,6.7,-12.));
#9578=CARTESIAN_POINT('',(6.75000000003004,16.7,-12.));
#9579=CARTESIAN_POINT('',(-4.75000000003006,16.7,-12.));
#9580=CARTESIAN_POINT('',(4.75000000003005,16.7,-12.));
#9581=CARTESIAN_POINT('',(4.75000000003005,16.7,-5.));
#9582=CARTESIAN_POINT('',(-4.75000000003006,16.7,-12.));
#9583=CARTESIAN_POINT('',(6.75000000003004,16.7,-12.));
#9584=CARTESIAN_POINT('',(-4.75000000003005,8.7,-12.));
#9585=CARTESIAN_POINT('',(4.75000000003005,8.7,-12.));
#9586=CARTESIAN_POINT('',(4.75000000003005,14.7,-12.));
#9587=CARTESIAN_POINT('',(-4.75000000003006,14.7,-12.));
#9588=CARTESIAN_POINT('',(0.,11.7,-12.));
#9589=CARTESIAN_POINT('',(-6.75000000003005,20.4,-12.));
#9590=CARTESIAN_POINT('',(-6.75000000003005,20.4,-12.));
#9591=CARTESIAN_POINT('',(-6.75000000003006,28.4,-12.));
#9592=CARTESIAN_POINT('',(-6.75000000003005,26.4,-12.));
#9593=CARTESIAN_POINT('',(-6.75000000003005,26.4,-5.));
#9594=CARTESIAN_POINT('',(-6.75000000003006,28.4,-12.));
#9595=CARTESIAN_POINT('',(-6.75000000003005,18.4,-12.));
#9596=CARTESIAN_POINT('',(4.75000000003005,18.4,-12.));
#9597=CARTESIAN_POINT('',(-4.75000000003005,18.4,-12.));
#9598=CARTESIAN_POINT('',(-4.75000000003005,18.4,-5.));
#9599=CARTESIAN_POINT('',(4.75000000003005,18.4,-12.));
#9600=CARTESIAN_POINT('',(-6.75000000003005,18.4,-12.));
#9601=CARTESIAN_POINT('',(6.75000000003006,18.4,-12.));
#9602=CARTESIAN_POINT('',(6.75000000003005,26.4,-12.));
#9603=CARTESIAN_POINT('',(6.75000000003005,20.4,-12.));
#9604=CARTESIAN_POINT('',(6.75000000003005,20.4,-5.));
#9605=CARTESIAN_POINT('',(6.75000000003005,26.4,-12.));
#9606=CARTESIAN_POINT('',(6.75000000003006,18.4,-12.));
#9607=CARTESIAN_POINT('',(6.75000000003004,28.4,-12.));
#9608=CARTESIAN_POINT('',(-4.75000000003006,28.4,-12.));
#9609=CARTESIAN_POINT('',(4.75000000003005,28.4,-12.));
#9610=CARTESIAN_POINT('',(4.75000000003005,28.4,-5.));
#9611=CARTESIAN_POINT('',(-4.75000000003006,28.4,-12.));
#9612=CARTESIAN_POINT('',(6.75000000003004,28.4,-12.));
#9613=CARTESIAN_POINT('',(-4.75000000003005,20.4,-12.));
#9614=CARTESIAN_POINT('',(4.75000000003005,20.4,-12.));
#9615=CARTESIAN_POINT('',(4.75000000003005,26.4,-12.));
#9616=CARTESIAN_POINT('',(-4.75000000003006,26.4,-12.));
#9617=CARTESIAN_POINT('',(0.,23.4,-12.));
#9618=CARTESIAN_POINT('',(9.19999999996995,8.7,-12.));
#9619=CARTESIAN_POINT('',(9.19999999996995,8.7,-12.));
#9620=CARTESIAN_POINT('',(9.19999999996994,16.7,-12.));
#9621=CARTESIAN_POINT('',(9.19999999996994,14.7,-12.));
#9622=CARTESIAN_POINT('',(9.19999999996994,14.7,-5.));
#9623=CARTESIAN_POINT('',(9.19999999996994,16.7,-12.));
#9624=CARTESIAN_POINT('',(9.19999999996995,6.7,-12.));
#9625=CARTESIAN_POINT('',(20.7000000000301,6.7,-12.));
#9626=CARTESIAN_POINT('',(11.19999999997,6.7,-12.));
#9627=CARTESIAN_POINT('',(11.19999999997,6.7,-5.));
#9628=CARTESIAN_POINT('',(20.7000000000301,6.7,-12.));
#9629=CARTESIAN_POINT('',(9.19999999996995,6.7,-12.));
#9630=CARTESIAN_POINT('',(22.7000000000301,6.7,-12.));
#9631=CARTESIAN_POINT('',(22.70000000003,14.7,-12.));
#9632=CARTESIAN_POINT('',(22.7000000000301,8.7,-12.));
#9633=CARTESIAN_POINT('',(22.7000000000301,8.7,-5.));
#9634=CARTESIAN_POINT('',(22.70000000003,14.7,-12.));
#9635=CARTESIAN_POINT('',(22.7000000000301,6.7,-12.));
#9636=CARTESIAN_POINT('',(22.70000000003,16.7,-12.));
#9637=CARTESIAN_POINT('',(11.1999999999699,16.7,-12.));
#9638=CARTESIAN_POINT('',(20.70000000003,16.7,-12.));
#9639=CARTESIAN_POINT('',(20.70000000003,16.7,-5.));
#9640=CARTESIAN_POINT('',(11.1999999999699,16.7,-12.));
#9641=CARTESIAN_POINT('',(22.70000000003,16.7,-12.));
#9642=CARTESIAN_POINT('',(11.19999999997,8.7,-12.));
#9643=CARTESIAN_POINT('',(20.7000000000301,8.7,-12.));
#9644=CARTESIAN_POINT('',(20.70000000003,14.7,-12.));
#9645=CARTESIAN_POINT('',(11.1999999999699,14.7,-12.));
#9646=CARTESIAN_POINT('',(15.95,11.7,-12.));
#9647=CARTESIAN_POINT('',(-22.70000000003,8.7,-12.));
#9648=CARTESIAN_POINT('',(-22.70000000003,8.7,-12.));
#9649=CARTESIAN_POINT('',(-22.7000000000301,16.7,-12.));
#9650=CARTESIAN_POINT('',(-22.7000000000301,14.7,-12.));
#9651=CARTESIAN_POINT('',(-22.7000000000301,14.7,-5.));
#9652=CARTESIAN_POINT('',(-22.7000000000301,16.7,-12.));
#9653=CARTESIAN_POINT('',(-22.70000000003,6.7,-12.));
#9654=CARTESIAN_POINT('',(-11.1999999999699,6.7,-12.));
#9655=CARTESIAN_POINT('',(-20.70000000003,6.7,-12.));
#9656=CARTESIAN_POINT('',(-20.70000000003,6.7,-5.));
#9657=CARTESIAN_POINT('',(-11.1999999999699,6.7,-12.));
#9658=CARTESIAN_POINT('',(-22.70000000003,6.7,-12.));
#9659=CARTESIAN_POINT('',(-9.19999999996994,6.7,-12.));
#9660=CARTESIAN_POINT('',(-9.19999999996995,14.7,-12.));
#9661=CARTESIAN_POINT('',(-9.19999999996995,8.7,-12.));
#9662=CARTESIAN_POINT('',(-9.19999999996995,8.7,-5.));
#9663=CARTESIAN_POINT('',(-9.19999999996995,14.7,-12.));
#9664=CARTESIAN_POINT('',(-9.19999999996994,6.7,-12.));
#9665=CARTESIAN_POINT('',(-9.19999999996996,16.7,-12.));
#9666=CARTESIAN_POINT('',(-20.7000000000301,16.7,-12.));
#9667=CARTESIAN_POINT('',(-11.19999999997,16.7,-12.));
#9668=CARTESIAN_POINT('',(-11.19999999997,16.7,-5.));
#9669=CARTESIAN_POINT('',(-20.7000000000301,16.7,-12.));
#9670=CARTESIAN_POINT('',(-9.19999999996996,16.7,-12.));
#9671=CARTESIAN_POINT('',(-20.70000000003,8.7,-12.));
#9672=CARTESIAN_POINT('',(-11.1999999999699,8.7,-12.));
#9673=CARTESIAN_POINT('',(-11.19999999997,14.7,-12.));
#9674=CARTESIAN_POINT('',(-20.7000000000301,14.7,-12.));
#9675=CARTESIAN_POINT('',(-15.95,11.7,-12.));
#9676=CARTESIAN_POINT('',(-38.65000000003,-3.,-12.));
#9677=CARTESIAN_POINT('',(-38.65000000003,-3.,-12.));
#9678=CARTESIAN_POINT('',(-38.6500000000301,5.,-12.));
#9679=CARTESIAN_POINT('',(-38.6500000000301,3.,-12.));
#9680=CARTESIAN_POINT('',(-38.6500000000301,3.,-5.));
#9681=CARTESIAN_POINT('',(-38.6500000000301,5.,-12.));
#9682=CARTESIAN_POINT('',(-38.65000000003,-5.,-12.));
#9683=CARTESIAN_POINT('',(-27.1499999999699,-5.,-12.));
#9684=CARTESIAN_POINT('',(-36.65000000003,-5.,-12.));
#9685=CARTESIAN_POINT('',(-36.65000000003,-5.,-5.));
#9686=CARTESIAN_POINT('',(-27.1499999999699,-5.,-12.));
#9687=CARTESIAN_POINT('',(-38.65000000003,-5.,-12.));
#9688=CARTESIAN_POINT('',(-25.1499999999699,-5.,-12.));
#9689=CARTESIAN_POINT('',(-25.14999999997,3.,-12.));
#9690=CARTESIAN_POINT('',(-25.1499999999699,-3.,-12.));
#9691=CARTESIAN_POINT('',(-25.1499999999699,-3.,-5.));
#9692=CARTESIAN_POINT('',(-25.14999999997,3.,-12.));
#9693=CARTESIAN_POINT('',(-25.1499999999699,-5.,-12.));
#9694=CARTESIAN_POINT('',(-25.14999999997,5.,-12.));
#9695=CARTESIAN_POINT('',(-36.6500000000301,5.,-12.));
#9696=CARTESIAN_POINT('',(-27.14999999997,5.,-12.));
#9697=CARTESIAN_POINT('',(-27.14999999997,5.,-5.));
#9698=CARTESIAN_POINT('',(-36.6500000000301,5.,-12.));
#9699=CARTESIAN_POINT('',(-25.14999999997,5.,-12.));
#9700=CARTESIAN_POINT('',(-36.65000000003,-3.,-12.));
#9701=CARTESIAN_POINT('',(-27.1499999999699,-3.,-12.));
#9702=CARTESIAN_POINT('',(-27.14999999997,3.,-12.));
#9703=CARTESIAN_POINT('',(-36.6500000000301,3.,-12.));
#9704=CARTESIAN_POINT('',(-31.9,0.,-12.));
#9705=CARTESIAN_POINT('',(-22.70000000003,-3.,-12.));
#9706=CARTESIAN_POINT('',(-22.70000000003,-3.,-12.));
#9707=CARTESIAN_POINT('',(-22.7000000000301,5.,-12.));
#9708=CARTESIAN_POINT('',(-22.7000000000301,3.,-12.));
#9709=CARTESIAN_POINT('',(-22.7000000000301,3.,-5.));
#9710=CARTESIAN_POINT('',(-22.7000000000301,5.,-12.));
#9711=CARTESIAN_POINT('',(-22.70000000003,-5.,-12.));
#9712=CARTESIAN_POINT('',(-11.1999999999699,-5.,-12.));
#9713=CARTESIAN_POINT('',(-20.70000000003,-5.,-12.));
#9714=CARTESIAN_POINT('',(-20.70000000003,-5.,-5.));
#9715=CARTESIAN_POINT('',(-11.1999999999699,-5.,-12.));
#9716=CARTESIAN_POINT('',(-22.70000000003,-5.,-12.));
#9717=CARTESIAN_POINT('',(-9.19999999996994,-5.,-12.));
#9718=CARTESIAN_POINT('',(-9.19999999996995,3.,-12.));
#9719=CARTESIAN_POINT('',(-9.19999999996995,-3.,-12.));
#9720=CARTESIAN_POINT('',(-9.19999999996995,-3.,-5.));
#9721=CARTESIAN_POINT('',(-9.19999999996995,3.,-12.));
#9722=CARTESIAN_POINT('',(-9.19999999996994,-5.,-12.));
#9723=CARTESIAN_POINT('',(-9.19999999996996,5.,-12.));
#9724=CARTESIAN_POINT('',(-20.7000000000301,5.,-12.));
#9725=CARTESIAN_POINT('',(-11.19999999997,5.,-12.));
#9726=CARTESIAN_POINT('',(-11.19999999997,5.,-5.));
#9727=CARTESIAN_POINT('',(-20.7000000000301,5.,-12.));
#9728=CARTESIAN_POINT('',(-9.19999999996996,5.,-12.));
#9729=CARTESIAN_POINT('',(-20.70000000003,-3.,-12.));
#9730=CARTESIAN_POINT('',(-11.1999999999699,-3.,-12.));
#9731=CARTESIAN_POINT('',(-11.19999999997,3.,-12.));
#9732=CARTESIAN_POINT('',(-20.7000000000301,3.,-12.));
#9733=CARTESIAN_POINT('',(-15.95,0.,-12.));
#9734=CARTESIAN_POINT('',(41.0999999999699,-3.,-12.));
#9735=CARTESIAN_POINT('',(41.0999999999699,-3.,-12.));
#9736=CARTESIAN_POINT('',(41.0999999999699,5.,-12.));
#9737=CARTESIAN_POINT('',(41.0999999999699,3.,-12.));
#9738=CARTESIAN_POINT('',(41.0999999999699,3.,-5.));
#9739=CARTESIAN_POINT('',(41.0999999999699,5.,-12.));
#9740=CARTESIAN_POINT('',(41.0999999999699,-5.,-12.));
#9741=CARTESIAN_POINT('',(52.6000000000301,-5.,-12.));
#9742=CARTESIAN_POINT('',(43.0999999999699,-5.,-12.));
#9743=CARTESIAN_POINT('',(43.0999999999699,-5.,-5.));
#9744=CARTESIAN_POINT('',(52.6000000000301,-5.,-12.));
#9745=CARTESIAN_POINT('',(41.0999999999699,-5.,-12.));
#9746=CARTESIAN_POINT('',(54.6000000000301,-5.,-12.));
#9747=CARTESIAN_POINT('',(54.6000000000301,3.,-12.));
#9748=CARTESIAN_POINT('',(54.6000000000301,-3.,-12.));
#9749=CARTESIAN_POINT('',(54.6000000000301,-3.,-5.));
#9750=CARTESIAN_POINT('',(54.6000000000301,3.,-12.));
#9751=CARTESIAN_POINT('',(54.6000000000301,-5.,-12.));
#9752=CARTESIAN_POINT('',(54.60000000003,5.,-12.));
#9753=CARTESIAN_POINT('',(43.0999999999699,5.,-12.));
#9754=CARTESIAN_POINT('',(52.60000000003,5.,-12.));
#9755=CARTESIAN_POINT('',(52.60000000003,5.,-5.));
#9756=CARTESIAN_POINT('',(43.0999999999699,5.,-12.));
#9757=CARTESIAN_POINT('',(54.60000000003,5.,-12.));
#9758=CARTESIAN_POINT('',(43.0999999999699,-3.,-12.));
#9759=CARTESIAN_POINT('',(52.6000000000301,-3.,-12.));
#9760=CARTESIAN_POINT('',(52.60000000003,3.,-12.));
#9761=CARTESIAN_POINT('',(43.0999999999699,3.,-12.));
#9762=CARTESIAN_POINT('',(47.85,0.,-12.));
#9763=CARTESIAN_POINT('',(25.1499999999699,-3.,-12.));
#9764=CARTESIAN_POINT('',(25.1499999999699,-3.,-12.));
#9765=CARTESIAN_POINT('',(25.1499999999699,5.,-12.));
#9766=CARTESIAN_POINT('',(25.1499999999699,3.,-12.));
#9767=CARTESIAN_POINT('',(25.1499999999699,3.,-5.));
#9768=CARTESIAN_POINT('',(25.1499999999699,5.,-12.));
#9769=CARTESIAN_POINT('',(25.1499999999699,-5.,-12.));
#9770=CARTESIAN_POINT('',(36.65000000003,-5.,-12.));
#9771=CARTESIAN_POINT('',(27.14999999997,-5.,-12.));
#9772=CARTESIAN_POINT('',(27.14999999997,-5.,-5.));
#9773=CARTESIAN_POINT('',(36.65000000003,-5.,-12.));
#9774=CARTESIAN_POINT('',(25.1499999999699,-5.,-12.));
#9775=CARTESIAN_POINT('',(38.65000000003,-5.,-12.));
#9776=CARTESIAN_POINT('',(38.65000000003,3.,-12.));
#9777=CARTESIAN_POINT('',(38.65000000003,-3.,-12.));
#9778=CARTESIAN_POINT('',(38.65000000003,-3.,-5.));
#9779=CARTESIAN_POINT('',(38.65000000003,3.,-12.));
#9780=CARTESIAN_POINT('',(38.65000000003,-5.,-12.));
#9781=CARTESIAN_POINT('',(38.65000000003,5.,-12.));
#9782=CARTESIAN_POINT('',(27.1499999999699,5.,-12.));
#9783=CARTESIAN_POINT('',(36.65000000003,5.,-12.));
#9784=CARTESIAN_POINT('',(36.65000000003,5.,-5.));
#9785=CARTESIAN_POINT('',(27.1499999999699,5.,-12.));
#9786=CARTESIAN_POINT('',(38.65000000003,5.,-12.));
#9787=CARTESIAN_POINT('',(27.14999999997,-3.,-12.));
#9788=CARTESIAN_POINT('',(36.65000000003,-3.,-12.));
#9789=CARTESIAN_POINT('',(36.65000000003,3.,-12.));
#9790=CARTESIAN_POINT('',(27.1499999999699,3.,-12.));
#9791=CARTESIAN_POINT('',(31.9,0.,-12.));
#9792=CARTESIAN_POINT('',(25.1499999999699,-26.4,-12.));
#9793=CARTESIAN_POINT('',(25.1499999999699,-26.4,-12.));
#9794=CARTESIAN_POINT('',(25.1499999999699,-18.4,-12.));
#9795=CARTESIAN_POINT('',(25.1499999999699,-20.4,-12.));
#9796=CARTESIAN_POINT('',(25.1499999999699,-20.4,-5.));
#9797=CARTESIAN_POINT('',(25.1499999999699,-18.4,-12.));
#9798=CARTESIAN_POINT('',(25.1499999999699,-28.4,-12.));
#9799=CARTESIAN_POINT('',(36.65000000003,-28.4,-12.));
#9800=CARTESIAN_POINT('',(27.14999999997,-28.4,-12.));
#9801=CARTESIAN_POINT('',(27.14999999997,-28.4,-5.));
#9802=CARTESIAN_POINT('',(36.65000000003,-28.4,-12.));
#9803=CARTESIAN_POINT('',(25.1499999999699,-28.4,-12.));
#9804=CARTESIAN_POINT('',(38.65000000003,-28.4,-12.));
#9805=CARTESIAN_POINT('',(38.65000000003,-20.4,-12.));
#9806=CARTESIAN_POINT('',(38.65000000003,-26.4,-12.));
#9807=CARTESIAN_POINT('',(38.65000000003,-26.4,-5.));
#9808=CARTESIAN_POINT('',(38.65000000003,-20.4,-12.));
#9809=CARTESIAN_POINT('',(38.65000000003,-28.4,-12.));
#9810=CARTESIAN_POINT('',(38.65000000003,-18.4,-12.));
#9811=CARTESIAN_POINT('',(27.1499999999699,-18.4,-12.));
#9812=CARTESIAN_POINT('',(36.65000000003,-18.4,-12.));
#9813=CARTESIAN_POINT('',(36.65000000003,-18.4,-5.));
#9814=CARTESIAN_POINT('',(27.1499999999699,-18.4,-12.));
#9815=CARTESIAN_POINT('',(38.65000000003,-18.4,-12.));
#9816=CARTESIAN_POINT('',(27.14999999997,-26.4,-12.));
#9817=CARTESIAN_POINT('',(36.65000000003,-26.4,-12.));
#9818=CARTESIAN_POINT('',(36.65000000003,-20.4,-12.));
#9819=CARTESIAN_POINT('',(27.1499999999699,-20.4,-12.));
#9820=CARTESIAN_POINT('',(31.9,-23.4,-12.));
#9821=CARTESIAN_POINT('',(-38.65000000003,-14.7,-12.));
#9822=CARTESIAN_POINT('',(-38.65000000003,-14.7,-12.));
#9823=CARTESIAN_POINT('',(-38.6500000000301,-6.7,-12.));
#9824=CARTESIAN_POINT('',(-38.6500000000301,-8.7,-12.));
#9825=CARTESIAN_POINT('',(-38.6500000000301,-8.7,-5.));
#9826=CARTESIAN_POINT('',(-38.6500000000301,-6.7,-12.));
#9827=CARTESIAN_POINT('',(-38.65000000003,-16.7,-12.));
#9828=CARTESIAN_POINT('',(-27.1499999999699,-16.7,-12.));
#9829=CARTESIAN_POINT('',(-36.65000000003,-16.7,-12.));
#9830=CARTESIAN_POINT('',(-36.65000000003,-16.7,-5.));
#9831=CARTESIAN_POINT('',(-27.1499999999699,-16.7,-12.));
#9832=CARTESIAN_POINT('',(-38.65000000003,-16.7,-12.));
#9833=CARTESIAN_POINT('',(-25.1499999999699,-16.7,-12.));
#9834=CARTESIAN_POINT('',(-25.14999999997,-8.7,-12.));
#9835=CARTESIAN_POINT('',(-25.1499999999699,-14.7,-12.));
#9836=CARTESIAN_POINT('',(-25.1499999999699,-14.7,-5.));
#9837=CARTESIAN_POINT('',(-25.14999999997,-8.7,-12.));
#9838=CARTESIAN_POINT('',(-25.1499999999699,-16.7,-12.));
#9839=CARTESIAN_POINT('',(-25.14999999997,-6.7,-12.));
#9840=CARTESIAN_POINT('',(-36.6500000000301,-6.7,-12.));
#9841=CARTESIAN_POINT('',(-27.14999999997,-6.7,-12.));
#9842=CARTESIAN_POINT('',(-27.14999999997,-6.7,-5.));
#9843=CARTESIAN_POINT('',(-36.6500000000301,-6.7,-12.));
#9844=CARTESIAN_POINT('',(-25.14999999997,-6.7,-12.));
#9845=CARTESIAN_POINT('',(-36.65000000003,-14.7,-12.));
#9846=CARTESIAN_POINT('',(-27.1499999999699,-14.7,-12.));
#9847=CARTESIAN_POINT('',(-27.14999999997,-8.7,-12.));
#9848=CARTESIAN_POINT('',(-36.6500000000301,-8.7,-12.));
#9849=CARTESIAN_POINT('',(-31.9,-11.7,-12.));
#9850=CARTESIAN_POINT('',(25.1499999999699,-14.7,-12.));
#9851=CARTESIAN_POINT('',(25.1499999999699,-14.7,-12.));
#9852=CARTESIAN_POINT('',(25.1499999999699,-6.7,-12.));
#9853=CARTESIAN_POINT('',(25.1499999999699,-8.7,-12.));
#9854=CARTESIAN_POINT('',(25.1499999999699,-8.7,-5.));
#9855=CARTESIAN_POINT('',(25.1499999999699,-6.7,-12.));
#9856=CARTESIAN_POINT('',(25.1499999999699,-16.7,-12.));
#9857=CARTESIAN_POINT('',(36.65000000003,-16.7,-12.));
#9858=CARTESIAN_POINT('',(27.14999999997,-16.7,-12.));
#9859=CARTESIAN_POINT('',(27.14999999997,-16.7,-5.));
#9860=CARTESIAN_POINT('',(36.65000000003,-16.7,-12.));
#9861=CARTESIAN_POINT('',(25.1499999999699,-16.7,-12.));
#9862=CARTESIAN_POINT('',(38.65000000003,-16.7,-12.));
#9863=CARTESIAN_POINT('',(38.65000000003,-8.7,-12.));
#9864=CARTESIAN_POINT('',(38.65000000003,-14.7,-12.));
#9865=CARTESIAN_POINT('',(38.65000000003,-14.7,-5.));
#9866=CARTESIAN_POINT('',(38.65000000003,-8.7,-12.));
#9867=CARTESIAN_POINT('',(38.65000000003,-16.7,-12.));
#9868=CARTESIAN_POINT('',(38.65000000003,-6.7,-12.));
#9869=CARTESIAN_POINT('',(27.1499999999699,-6.7,-12.));
#9870=CARTESIAN_POINT('',(36.65000000003,-6.7,-12.));
#9871=CARTESIAN_POINT('',(36.65000000003,-6.7,-5.));
#9872=CARTESIAN_POINT('',(27.1499999999699,-6.7,-12.));
#9873=CARTESIAN_POINT('',(38.65000000003,-6.7,-12.));
#9874=CARTESIAN_POINT('',(27.14999999997,-14.7,-12.));
#9875=CARTESIAN_POINT('',(36.65000000003,-14.7,-12.));
#9876=CARTESIAN_POINT('',(36.65000000003,-8.7,-12.));
#9877=CARTESIAN_POINT('',(27.1499999999699,-8.7,-12.));
#9878=CARTESIAN_POINT('',(31.9,-11.7,-12.));
#9879=CARTESIAN_POINT('',(-22.70000000003,-26.4,-12.));
#9880=CARTESIAN_POINT('',(-22.70000000003,-26.4,-12.));
#9881=CARTESIAN_POINT('',(-22.7000000000301,-18.4,-12.));
#9882=CARTESIAN_POINT('',(-22.7000000000301,-20.4,-12.));
#9883=CARTESIAN_POINT('',(-22.7000000000301,-20.4,-5.));
#9884=CARTESIAN_POINT('',(-22.7000000000301,-18.4,-12.));
#9885=CARTESIAN_POINT('',(-22.70000000003,-28.4,-12.));
#9886=CARTESIAN_POINT('',(-11.1999999999699,-28.4,-12.));
#9887=CARTESIAN_POINT('',(-20.70000000003,-28.4,-12.));
#9888=CARTESIAN_POINT('',(-20.70000000003,-28.4,-5.));
#9889=CARTESIAN_POINT('',(-11.1999999999699,-28.4,-12.));
#9890=CARTESIAN_POINT('',(-22.70000000003,-28.4,-12.));
#9891=CARTESIAN_POINT('',(-9.19999999996994,-28.4,-12.));
#9892=CARTESIAN_POINT('',(-9.19999999996995,-20.4,-12.));
#9893=CARTESIAN_POINT('',(-9.19999999996995,-26.4,-12.));
#9894=CARTESIAN_POINT('',(-9.19999999996995,-26.4,-5.));
#9895=CARTESIAN_POINT('',(-9.19999999996995,-20.4,-12.));
#9896=CARTESIAN_POINT('',(-9.19999999996994,-28.4,-12.));
#9897=CARTESIAN_POINT('',(-9.19999999996996,-18.4,-12.));
#9898=CARTESIAN_POINT('',(-20.7000000000301,-18.4,-12.));
#9899=CARTESIAN_POINT('',(-11.19999999997,-18.4,-12.));
#9900=CARTESIAN_POINT('',(-11.19999999997,-18.4,-5.));
#9901=CARTESIAN_POINT('',(-20.7000000000301,-18.4,-12.));
#9902=CARTESIAN_POINT('',(-9.19999999996996,-18.4,-12.));
#9903=CARTESIAN_POINT('',(-20.70000000003,-26.4,-12.));
#9904=CARTESIAN_POINT('',(-11.1999999999699,-26.4,-12.));
#9905=CARTESIAN_POINT('',(-11.19999999997,-20.4,-12.));
#9906=CARTESIAN_POINT('',(-20.7000000000301,-20.4,-12.));
#9907=CARTESIAN_POINT('',(-15.95,-23.4,-12.));
#9908=CARTESIAN_POINT('',(41.0999999999699,-26.4,-12.));
#9909=CARTESIAN_POINT('',(41.0999999999699,-26.4,-12.));
#9910=CARTESIAN_POINT('',(41.0999999999699,-18.4,-12.));
#9911=CARTESIAN_POINT('',(41.0999999999699,-20.4,-12.));
#9912=CARTESIAN_POINT('',(41.0999999999699,-20.4,-5.));
#9913=CARTESIAN_POINT('',(41.0999999999699,-18.4,-12.));
#9914=CARTESIAN_POINT('',(41.0999999999699,-28.4,-12.));
#9915=CARTESIAN_POINT('',(52.6000000000301,-28.4,-12.));
#9916=CARTESIAN_POINT('',(43.0999999999699,-28.4,-12.));
#9917=CARTESIAN_POINT('',(43.0999999999699,-28.4,-5.));
#9918=CARTESIAN_POINT('',(52.6000000000301,-28.4,-12.));
#9919=CARTESIAN_POINT('',(41.0999999999699,-28.4,-12.));
#9920=CARTESIAN_POINT('',(54.6000000000301,-28.4,-12.));
#9921=CARTESIAN_POINT('',(54.6000000000301,-20.4,-12.));
#9922=CARTESIAN_POINT('',(54.6000000000301,-26.4,-12.));
#9923=CARTESIAN_POINT('',(54.6000000000301,-26.4,-5.));
#9924=CARTESIAN_POINT('',(54.6000000000301,-20.4,-12.));
#9925=CARTESIAN_POINT('',(54.6000000000301,-28.4,-12.));
#9926=CARTESIAN_POINT('',(54.60000000003,-18.4,-12.));
#9927=CARTESIAN_POINT('',(43.0999999999699,-18.4,-12.));
#9928=CARTESIAN_POINT('',(52.60000000003,-18.4,-12.));
#9929=CARTESIAN_POINT('',(52.60000000003,-18.4,-5.));
#9930=CARTESIAN_POINT('',(43.0999999999699,-18.4,-12.));
#9931=CARTESIAN_POINT('',(54.60000000003,-18.4,-12.));
#9932=CARTESIAN_POINT('',(43.0999999999699,-26.4,-12.));
#9933=CARTESIAN_POINT('',(52.6000000000301,-26.4,-12.));
#9934=CARTESIAN_POINT('',(52.60000000003,-20.4,-12.));
#9935=CARTESIAN_POINT('',(43.0999999999699,-20.4,-12.));
#9936=CARTESIAN_POINT('',(47.85,-23.4,-12.));
#9937=CARTESIAN_POINT('',(-54.6000000000301,-14.7,-12.));
#9938=CARTESIAN_POINT('',(-54.6000000000301,-14.7,-12.));
#9939=CARTESIAN_POINT('',(-54.6000000000301,-6.7,-12.));
#9940=CARTESIAN_POINT('',(-54.6000000000301,-8.7,-12.));
#9941=CARTESIAN_POINT('',(-54.6000000000301,-8.7,-5.));
#9942=CARTESIAN_POINT('',(-54.6000000000301,-6.7,-12.));
#9943=CARTESIAN_POINT('',(-54.6000000000301,-16.7,-12.));
#9944=CARTESIAN_POINT('',(-43.0999999999699,-16.7,-12.));
#9945=CARTESIAN_POINT('',(-52.60000000003,-16.7,-12.));
#9946=CARTESIAN_POINT('',(-52.60000000003,-16.7,-5.));
#9947=CARTESIAN_POINT('',(-43.0999999999699,-16.7,-12.));
#9948=CARTESIAN_POINT('',(-54.6000000000301,-16.7,-12.));
#9949=CARTESIAN_POINT('',(-41.0999999999699,-16.7,-12.));
#9950=CARTESIAN_POINT('',(-41.0999999999699,-8.7,-12.));
#9951=CARTESIAN_POINT('',(-41.0999999999699,-14.7,-12.));
#9952=CARTESIAN_POINT('',(-41.0999999999699,-14.7,-5.));
#9953=CARTESIAN_POINT('',(-41.0999999999699,-8.7,-12.));
#9954=CARTESIAN_POINT('',(-41.0999999999699,-16.7,-12.));
#9955=CARTESIAN_POINT('',(-41.09999999997,-6.7,-12.));
#9956=CARTESIAN_POINT('',(-52.6000000000301,-6.7,-12.));
#9957=CARTESIAN_POINT('',(-43.0999999999699,-6.7,-12.));
#9958=CARTESIAN_POINT('',(-43.0999999999699,-6.7,-5.));
#9959=CARTESIAN_POINT('',(-52.6000000000301,-6.7,-12.));
#9960=CARTESIAN_POINT('',(-41.09999999997,-6.7,-12.));
#9961=CARTESIAN_POINT('',(-52.60000000003,-14.7,-12.));
#9962=CARTESIAN_POINT('',(-43.0999999999699,-14.7,-12.));
#9963=CARTESIAN_POINT('',(-43.0999999999699,-8.7,-12.));
#9964=CARTESIAN_POINT('',(-52.6000000000301,-8.7,-12.));
#9965=CARTESIAN_POINT('',(-47.85,-11.7,-12.));
#9966=CARTESIAN_POINT('',(41.0999999999699,-14.7,-12.));
#9967=CARTESIAN_POINT('',(41.0999999999699,-14.7,-12.));
#9968=CARTESIAN_POINT('',(41.0999999999699,-6.7,-12.));
#9969=CARTESIAN_POINT('',(41.0999999999699,-8.7,-12.));
#9970=CARTESIAN_POINT('',(41.0999999999699,-8.7,-5.));
#9971=CARTESIAN_POINT('',(41.0999999999699,-6.7,-12.));
#9972=CARTESIAN_POINT('',(41.0999999999699,-16.7,-12.));
#9973=CARTESIAN_POINT('',(52.6000000000301,-16.7,-12.));
#9974=CARTESIAN_POINT('',(43.0999999999699,-16.7,-12.));
#9975=CARTESIAN_POINT('',(43.0999999999699,-16.7,-5.));
#9976=CARTESIAN_POINT('',(52.6000000000301,-16.7,-12.));
#9977=CARTESIAN_POINT('',(41.0999999999699,-16.7,-12.));
#9978=CARTESIAN_POINT('',(54.6000000000301,-16.7,-12.));
#9979=CARTESIAN_POINT('',(54.6000000000301,-8.7,-12.));
#9980=CARTESIAN_POINT('',(54.6000000000301,-14.7,-12.));
#9981=CARTESIAN_POINT('',(54.6000000000301,-14.7,-5.));
#9982=CARTESIAN_POINT('',(54.6000000000301,-8.7,-12.));
#9983=CARTESIAN_POINT('',(54.6000000000301,-16.7,-12.));
#9984=CARTESIAN_POINT('',(54.60000000003,-6.7,-12.));
#9985=CARTESIAN_POINT('',(43.0999999999699,-6.7,-12.));
#9986=CARTESIAN_POINT('',(52.60000000003,-6.7,-12.));
#9987=CARTESIAN_POINT('',(52.60000000003,-6.7,-5.));
#9988=CARTESIAN_POINT('',(43.0999999999699,-6.7,-12.));
#9989=CARTESIAN_POINT('',(54.60000000003,-6.7,-12.));
#9990=CARTESIAN_POINT('',(43.0999999999699,-14.7,-12.));
#9991=CARTESIAN_POINT('',(52.6000000000301,-14.7,-12.));
#9992=CARTESIAN_POINT('',(52.60000000003,-8.7,-12.));
#9993=CARTESIAN_POINT('',(43.0999999999699,-8.7,-12.));
#9994=CARTESIAN_POINT('',(47.85,-11.7,-12.));
#9995=CARTESIAN_POINT('',(-38.65000000003,-26.4,-12.));
#9996=CARTESIAN_POINT('',(-38.65000000003,-26.4,-12.));
#9997=CARTESIAN_POINT('',(-38.6500000000301,-18.4,-12.));
#9998=CARTESIAN_POINT('',(-38.6500000000301,-20.4,-12.));
#9999=CARTESIAN_POINT('',(-38.6500000000301,-20.4,-5.));
#10000=CARTESIAN_POINT('',(-38.6500000000301,-18.4,-12.));
#10001=CARTESIAN_POINT('',(-38.65000000003,-28.4,-12.));
#10002=CARTESIAN_POINT('',(-27.1499999999699,-28.4,-12.));
#10003=CARTESIAN_POINT('',(-36.65000000003,-28.4,-12.));
#10004=CARTESIAN_POINT('',(-36.65000000003,-28.4,-5.));
#10005=CARTESIAN_POINT('',(-27.1499999999699,-28.4,-12.));
#10006=CARTESIAN_POINT('',(-38.65000000003,-28.4,-12.));
#10007=CARTESIAN_POINT('',(-25.1499999999699,-28.4,-12.));
#10008=CARTESIAN_POINT('',(-25.14999999997,-20.4,-12.));
#10009=CARTESIAN_POINT('',(-25.1499999999699,-26.4,-12.));
#10010=CARTESIAN_POINT('',(-25.1499999999699,-26.4,-5.));
#10011=CARTESIAN_POINT('',(-25.14999999997,-20.4,-12.));
#10012=CARTESIAN_POINT('',(-25.1499999999699,-28.4,-12.));
#10013=CARTESIAN_POINT('',(-25.14999999997,-18.4,-12.));
#10014=CARTESIAN_POINT('',(-36.6500000000301,-18.4,-12.));
#10015=CARTESIAN_POINT('',(-27.14999999997,-18.4,-12.));
#10016=CARTESIAN_POINT('',(-27.14999999997,-18.4,-5.));
#10017=CARTESIAN_POINT('',(-36.6500000000301,-18.4,-12.));
#10018=CARTESIAN_POINT('',(-25.14999999997,-18.4,-12.));
#10019=CARTESIAN_POINT('',(-36.65000000003,-26.4,-12.));
#10020=CARTESIAN_POINT('',(-27.1499999999699,-26.4,-12.));
#10021=CARTESIAN_POINT('',(-27.14999999997,-20.4,-12.));
#10022=CARTESIAN_POINT('',(-36.6500000000301,-20.4,-12.));
#10023=CARTESIAN_POINT('',(-31.9,-23.4,-12.));
#10024=CARTESIAN_POINT('',(-6.75000000003005,-14.7,-12.));
#10025=CARTESIAN_POINT('',(-6.75000000003005,-14.7,-12.));
#10026=CARTESIAN_POINT('',(-6.75000000003006,-6.7,-12.));
#10027=CARTESIAN_POINT('',(-6.75000000003005,-8.7,-12.));
#10028=CARTESIAN_POINT('',(-6.75000000003005,-8.7,-5.));
#10029=CARTESIAN_POINT('',(-6.75000000003006,-6.7,-12.));
#10030=CARTESIAN_POINT('',(-6.75000000003005,-16.7,-12.));
#10031=CARTESIAN_POINT('',(4.75000000003005,-16.7,-12.));
#10032=CARTESIAN_POINT('',(-4.75000000003005,-16.7,-12.));
#10033=CARTESIAN_POINT('',(-4.75000000003005,-16.7,-5.));
#10034=CARTESIAN_POINT('',(4.75000000003005,-16.7,-12.));
#10035=CARTESIAN_POINT('',(-6.75000000003005,-16.7,-12.));
#10036=CARTESIAN_POINT('',(6.75000000003006,-16.7,-12.));
#10037=CARTESIAN_POINT('',(6.75000000003005,-8.7,-12.));
#10038=CARTESIAN_POINT('',(6.75000000003005,-14.7,-12.));
#10039=CARTESIAN_POINT('',(6.75000000003005,-14.7,-5.));
#10040=CARTESIAN_POINT('',(6.75000000003005,-8.7,-12.));
#10041=CARTESIAN_POINT('',(6.75000000003006,-16.7,-12.));
#10042=CARTESIAN_POINT('',(6.75000000003004,-6.7,-12.));
#10043=CARTESIAN_POINT('',(-4.75000000003006,-6.7,-12.));
#10044=CARTESIAN_POINT('',(4.75000000003005,-6.7,-12.));
#10045=CARTESIAN_POINT('',(4.75000000003005,-6.7,-5.));
#10046=CARTESIAN_POINT('',(-4.75000000003006,-6.7,-12.));
#10047=CARTESIAN_POINT('',(6.75000000003004,-6.7,-12.));
#10048=CARTESIAN_POINT('',(-4.75000000003005,-14.7,-12.));
#10049=CARTESIAN_POINT('',(4.75000000003005,-14.7,-12.));
#10050=CARTESIAN_POINT('',(4.75000000003005,-8.7,-12.));
#10051=CARTESIAN_POINT('',(-4.75000000003006,-8.7,-12.));
#10052=CARTESIAN_POINT('',(0.,-11.7,-12.));
#10053=CARTESIAN_POINT('',(-54.6000000000301,20.4,-12.));
#10054=CARTESIAN_POINT('',(-54.6000000000301,20.4,-12.));
#10055=CARTESIAN_POINT('',(-54.6000000000301,28.4,-12.));
#10056=CARTESIAN_POINT('',(-54.6000000000301,26.4,-12.));
#10057=CARTESIAN_POINT('',(-54.6000000000301,26.4,-5.));
#10058=CARTESIAN_POINT('',(-54.6000000000301,28.4,-12.));
#10059=CARTESIAN_POINT('',(-54.6000000000301,18.4,-12.));
#10060=CARTESIAN_POINT('',(-43.0999999999699,18.4,-12.));
#10061=CARTESIAN_POINT('',(-52.60000000003,18.4,-12.));
#10062=CARTESIAN_POINT('',(-52.60000000003,18.4,-5.));
#10063=CARTESIAN_POINT('',(-43.0999999999699,18.4,-12.));
#10064=CARTESIAN_POINT('',(-54.6000000000301,18.4,-12.));
#10065=CARTESIAN_POINT('',(-41.0999999999699,18.4,-12.));
#10066=CARTESIAN_POINT('',(-41.0999999999699,26.4,-12.));
#10067=CARTESIAN_POINT('',(-41.0999999999699,20.4,-12.));
#10068=CARTESIAN_POINT('',(-41.0999999999699,20.4,-5.));
#10069=CARTESIAN_POINT('',(-41.0999999999699,26.4,-12.));
#10070=CARTESIAN_POINT('',(-41.0999999999699,18.4,-12.));
#10071=CARTESIAN_POINT('',(-41.09999999997,28.4,-12.));
#10072=CARTESIAN_POINT('',(-52.6000000000301,28.4,-12.));
#10073=CARTESIAN_POINT('',(-43.0999999999699,28.4,-12.));
#10074=CARTESIAN_POINT('',(-43.0999999999699,28.4,-5.));
#10075=CARTESIAN_POINT('',(-52.6000000000301,28.4,-12.));
#10076=CARTESIAN_POINT('',(-41.09999999997,28.4,-12.));
#10077=CARTESIAN_POINT('',(-52.60000000003,20.4,-12.));
#10078=CARTESIAN_POINT('',(-43.0999999999699,20.4,-12.));
#10079=CARTESIAN_POINT('',(-43.0999999999699,26.4,-12.));
#10080=CARTESIAN_POINT('',(-52.6000000000301,26.4,-12.));
#10081=CARTESIAN_POINT('',(-47.85,23.4,-12.));
#10082=CARTESIAN_POINT('',(41.0999999999699,20.4,-12.));
#10083=CARTESIAN_POINT('',(41.0999999999699,20.4,-12.));
#10084=CARTESIAN_POINT('',(41.0999999999699,28.4,-12.));
#10085=CARTESIAN_POINT('',(41.0999999999699,26.4,-12.));
#10086=CARTESIAN_POINT('',(41.0999999999699,26.4,-5.));
#10087=CARTESIAN_POINT('',(41.0999999999699,28.4,-12.));
#10088=CARTESIAN_POINT('',(41.0999999999699,18.4,-12.));
#10089=CARTESIAN_POINT('',(52.6000000000301,18.4,-12.));
#10090=CARTESIAN_POINT('',(43.0999999999699,18.4,-12.));
#10091=CARTESIAN_POINT('',(43.0999999999699,18.4,-5.));
#10092=CARTESIAN_POINT('',(52.6000000000301,18.4,-12.));
#10093=CARTESIAN_POINT('',(41.0999999999699,18.4,-12.));
#10094=CARTESIAN_POINT('',(54.6000000000301,18.4,-12.));
#10095=CARTESIAN_POINT('',(54.6000000000301,26.4,-12.));
#10096=CARTESIAN_POINT('',(54.6000000000301,20.4,-12.));
#10097=CARTESIAN_POINT('',(54.6000000000301,20.4,-5.));
#10098=CARTESIAN_POINT('',(54.6000000000301,26.4,-12.));
#10099=CARTESIAN_POINT('',(54.6000000000301,18.4,-12.));
#10100=CARTESIAN_POINT('',(54.60000000003,28.4,-12.));
#10101=CARTESIAN_POINT('',(43.0999999999699,28.4,-12.));
#10102=CARTESIAN_POINT('',(52.60000000003,28.4,-12.));
#10103=CARTESIAN_POINT('',(52.60000000003,28.4,-5.));
#10104=CARTESIAN_POINT('',(43.0999999999699,28.4,-12.));
#10105=CARTESIAN_POINT('',(54.60000000003,28.4,-12.));
#10106=CARTESIAN_POINT('',(43.0999999999699,20.4,-12.));
#10107=CARTESIAN_POINT('',(52.6000000000301,20.4,-12.));
#10108=CARTESIAN_POINT('',(52.60000000003,26.4,-12.));
#10109=CARTESIAN_POINT('',(43.0999999999699,26.4,-12.));
#10110=CARTESIAN_POINT('',(47.85,23.4,-12.));
#10111=CARTESIAN_POINT('',(-54.6000000000301,8.7,-12.));
#10112=CARTESIAN_POINT('',(-54.6000000000301,8.7,-12.));
#10113=CARTESIAN_POINT('',(-54.6000000000301,16.7,-12.));
#10114=CARTESIAN_POINT('',(-54.6000000000301,14.7,-12.));
#10115=CARTESIAN_POINT('',(-54.6000000000301,14.7,-5.));
#10116=CARTESIAN_POINT('',(-54.6000000000301,16.7,-12.));
#10117=CARTESIAN_POINT('',(-54.6000000000301,6.7,-12.));
#10118=CARTESIAN_POINT('',(-43.0999999999699,6.7,-12.));
#10119=CARTESIAN_POINT('',(-52.60000000003,6.7,-12.));
#10120=CARTESIAN_POINT('',(-52.60000000003,6.7,-5.));
#10121=CARTESIAN_POINT('',(-43.0999999999699,6.7,-12.));
#10122=CARTESIAN_POINT('',(-54.6000000000301,6.7,-12.));
#10123=CARTESIAN_POINT('',(-41.0999999999699,6.7,-12.));
#10124=CARTESIAN_POINT('',(-41.0999999999699,14.7,-12.));
#10125=CARTESIAN_POINT('',(-41.0999999999699,8.7,-12.));
#10126=CARTESIAN_POINT('',(-41.0999999999699,8.7,-5.));
#10127=CARTESIAN_POINT('',(-41.0999999999699,14.7,-12.));
#10128=CARTESIAN_POINT('',(-41.0999999999699,6.7,-12.));
#10129=CARTESIAN_POINT('',(-41.09999999997,16.7,-12.));
#10130=CARTESIAN_POINT('',(-52.6000000000301,16.7,-12.));
#10131=CARTESIAN_POINT('',(-43.0999999999699,16.7,-12.));
#10132=CARTESIAN_POINT('',(-43.0999999999699,16.7,-5.));
#10133=CARTESIAN_POINT('',(-52.6000000000301,16.7,-12.));
#10134=CARTESIAN_POINT('',(-41.09999999997,16.7,-12.));
#10135=CARTESIAN_POINT('',(-52.60000000003,8.7,-12.));
#10136=CARTESIAN_POINT('',(-43.0999999999699,8.7,-12.));
#10137=CARTESIAN_POINT('',(-43.0999999999699,14.7,-12.));
#10138=CARTESIAN_POINT('',(-52.6000000000301,14.7,-12.));
#10139=CARTESIAN_POINT('',(-47.85,11.7,-12.));
#10140=CARTESIAN_POINT('',(9.19999999996995,-26.4,-12.));
#10141=CARTESIAN_POINT('',(9.19999999996995,-26.4,-12.));
#10142=CARTESIAN_POINT('',(9.19999999996994,-18.4,-12.));
#10143=CARTESIAN_POINT('',(9.19999999996994,-20.4,-12.));
#10144=CARTESIAN_POINT('',(9.19999999996994,-20.4,-5.));
#10145=CARTESIAN_POINT('',(9.19999999996994,-18.4,-12.));
#10146=CARTESIAN_POINT('',(9.19999999996995,-28.4,-12.));
#10147=CARTESIAN_POINT('',(20.7000000000301,-28.4,-12.));
#10148=CARTESIAN_POINT('',(11.19999999997,-28.4,-12.));
#10149=CARTESIAN_POINT('',(11.19999999997,-28.4,-5.));
#10150=CARTESIAN_POINT('',(20.7000000000301,-28.4,-12.));
#10151=CARTESIAN_POINT('',(9.19999999996995,-28.4,-12.));
#10152=CARTESIAN_POINT('',(22.7000000000301,-28.4,-12.));
#10153=CARTESIAN_POINT('',(22.70000000003,-20.4,-12.));
#10154=CARTESIAN_POINT('',(22.7000000000301,-26.4,-12.));
#10155=CARTESIAN_POINT('',(22.7000000000301,-26.4,-5.));
#10156=CARTESIAN_POINT('',(22.70000000003,-20.4,-12.));
#10157=CARTESIAN_POINT('',(22.7000000000301,-28.4,-12.));
#10158=CARTESIAN_POINT('',(22.70000000003,-18.4,-12.));
#10159=CARTESIAN_POINT('',(11.1999999999699,-18.4,-12.));
#10160=CARTESIAN_POINT('',(20.70000000003,-18.4,-12.));
#10161=CARTESIAN_POINT('',(20.70000000003,-18.4,-5.));
#10162=CARTESIAN_POINT('',(11.1999999999699,-18.4,-12.));
#10163=CARTESIAN_POINT('',(22.70000000003,-18.4,-12.));
#10164=CARTESIAN_POINT('',(11.19999999997,-26.4,-12.));
#10165=CARTESIAN_POINT('',(20.7000000000301,-26.4,-12.));
#10166=CARTESIAN_POINT('',(20.70000000003,-20.4,-12.));
#10167=CARTESIAN_POINT('',(11.1999999999699,-20.4,-12.));
#10168=CARTESIAN_POINT('',(15.95,-23.4,-12.));
#10169=CARTESIAN_POINT('',(-22.70000000003,-14.7,-12.));
#10170=CARTESIAN_POINT('',(-22.70000000003,-14.7,-12.));
#10171=CARTESIAN_POINT('',(-22.7000000000301,-6.7,-12.));
#10172=CARTESIAN_POINT('',(-22.7000000000301,-8.7,-12.));
#10173=CARTESIAN_POINT('',(-22.7000000000301,-8.7,-5.));
#10174=CARTESIAN_POINT('',(-22.7000000000301,-6.7,-12.));
#10175=CARTESIAN_POINT('',(-22.70000000003,-16.7,-12.));
#10176=CARTESIAN_POINT('',(-11.1999999999699,-16.7,-12.));
#10177=CARTESIAN_POINT('',(-20.70000000003,-16.7,-12.));
#10178=CARTESIAN_POINT('',(-20.70000000003,-16.7,-5.));
#10179=CARTESIAN_POINT('',(-11.1999999999699,-16.7,-12.));
#10180=CARTESIAN_POINT('',(-22.70000000003,-16.7,-12.));
#10181=CARTESIAN_POINT('',(-9.19999999996994,-16.7,-12.));
#10182=CARTESIAN_POINT('',(-9.19999999996995,-8.7,-12.));
#10183=CARTESIAN_POINT('',(-9.19999999996995,-14.7,-12.));
#10184=CARTESIAN_POINT('',(-9.19999999996995,-14.7,-5.));
#10185=CARTESIAN_POINT('',(-9.19999999996995,-8.7,-12.));
#10186=CARTESIAN_POINT('',(-9.19999999996994,-16.7,-12.));
#10187=CARTESIAN_POINT('',(-9.19999999996996,-6.7,-12.));
#10188=CARTESIAN_POINT('',(-20.7000000000301,-6.7,-12.));
#10189=CARTESIAN_POINT('',(-11.19999999997,-6.7,-12.));
#10190=CARTESIAN_POINT('',(-11.19999999997,-6.7,-5.));
#10191=CARTESIAN_POINT('',(-20.7000000000301,-6.7,-12.));
#10192=CARTESIAN_POINT('',(-9.19999999996996,-6.7,-12.));
#10193=CARTESIAN_POINT('',(-20.70000000003,-14.7,-12.));
#10194=CARTESIAN_POINT('',(-11.1999999999699,-14.7,-12.));
#10195=CARTESIAN_POINT('',(-11.19999999997,-8.7,-12.));
#10196=CARTESIAN_POINT('',(-20.7000000000301,-8.7,-12.));
#10197=CARTESIAN_POINT('',(-15.95,-11.7,-12.));
#10198=CARTESIAN_POINT('',(9.19999999996995,-14.7,-12.));
#10199=CARTESIAN_POINT('',(9.19999999996995,-14.7,-12.));
#10200=CARTESIAN_POINT('',(9.19999999996994,-6.7,-12.));
#10201=CARTESIAN_POINT('',(9.19999999996994,-8.7,-12.));
#10202=CARTESIAN_POINT('',(9.19999999996994,-8.7,-5.));
#10203=CARTESIAN_POINT('',(9.19999999996994,-6.7,-12.));
#10204=CARTESIAN_POINT('',(9.19999999996995,-16.7,-12.));
#10205=CARTESIAN_POINT('',(20.7000000000301,-16.7,-12.));
#10206=CARTESIAN_POINT('',(11.19999999997,-16.7,-12.));
#10207=CARTESIAN_POINT('',(11.19999999997,-16.7,-5.));
#10208=CARTESIAN_POINT('',(20.7000000000301,-16.7,-12.));
#10209=CARTESIAN_POINT('',(9.19999999996995,-16.7,-12.));
#10210=CARTESIAN_POINT('',(22.7000000000301,-16.7,-12.));
#10211=CARTESIAN_POINT('',(22.70000000003,-8.7,-12.));
#10212=CARTESIAN_POINT('',(22.7000000000301,-14.7,-12.));
#10213=CARTESIAN_POINT('',(22.7000000000301,-14.7,-5.));
#10214=CARTESIAN_POINT('',(22.70000000003,-8.7,-12.));
#10215=CARTESIAN_POINT('',(22.7000000000301,-16.7,-12.));
#10216=CARTESIAN_POINT('',(22.70000000003,-6.7,-12.));
#10217=CARTESIAN_POINT('',(11.1999999999699,-6.7,-12.));
#10218=CARTESIAN_POINT('',(20.70000000003,-6.7,-12.));
#10219=CARTESIAN_POINT('',(20.70000000003,-6.7,-5.));
#10220=CARTESIAN_POINT('',(11.1999999999699,-6.7,-12.));
#10221=CARTESIAN_POINT('',(22.70000000003,-6.7,-12.));
#10222=CARTESIAN_POINT('',(11.19999999997,-14.7,-12.));
#10223=CARTESIAN_POINT('',(20.7000000000301,-14.7,-12.));
#10224=CARTESIAN_POINT('',(20.70000000003,-8.7,-12.));
#10225=CARTESIAN_POINT('',(11.1999999999699,-8.7,-12.));
#10226=CARTESIAN_POINT('',(15.95,-11.7,-12.));
#10227=CARTESIAN_POINT('',(-6.75000000003005,-26.4,-12.));
#10228=CARTESIAN_POINT('',(-6.75000000003005,-26.4,-12.));
#10229=CARTESIAN_POINT('',(-6.75000000003006,-18.4,-12.));
#10230=CARTESIAN_POINT('',(-6.75000000003005,-20.4,-12.));
#10231=CARTESIAN_POINT('',(-6.75000000003005,-20.4,-5.));
#10232=CARTESIAN_POINT('',(-6.75000000003006,-18.4,-12.));
#10233=CARTESIAN_POINT('',(-6.75000000003005,-28.4,-12.));
#10234=CARTESIAN_POINT('',(4.75000000003005,-28.4,-12.));
#10235=CARTESIAN_POINT('',(-4.75000000003005,-28.4,-12.));
#10236=CARTESIAN_POINT('',(-4.75000000003005,-28.4,-5.));
#10237=CARTESIAN_POINT('',(4.75000000003005,-28.4,-12.));
#10238=CARTESIAN_POINT('',(-6.75000000003005,-28.4,-12.));
#10239=CARTESIAN_POINT('',(6.75000000003006,-28.4,-12.));
#10240=CARTESIAN_POINT('',(6.75000000003005,-20.4,-12.));
#10241=CARTESIAN_POINT('',(6.75000000003005,-26.4,-12.));
#10242=CARTESIAN_POINT('',(6.75000000003005,-26.4,-5.));
#10243=CARTESIAN_POINT('',(6.75000000003005,-20.4,-12.));
#10244=CARTESIAN_POINT('',(6.75000000003006,-28.4,-12.));
#10245=CARTESIAN_POINT('',(6.75000000003004,-18.4,-12.));
#10246=CARTESIAN_POINT('',(-4.75000000003006,-18.4,-12.));
#10247=CARTESIAN_POINT('',(4.75000000003005,-18.4,-12.));
#10248=CARTESIAN_POINT('',(4.75000000003005,-18.4,-5.));
#10249=CARTESIAN_POINT('',(-4.75000000003006,-18.4,-12.));
#10250=CARTESIAN_POINT('',(6.75000000003004,-18.4,-12.));
#10251=CARTESIAN_POINT('',(-4.75000000003005,-26.4,-12.));
#10252=CARTESIAN_POINT('',(4.75000000003005,-26.4,-12.));
#10253=CARTESIAN_POINT('',(4.75000000003005,-20.4,-12.));
#10254=CARTESIAN_POINT('',(-4.75000000003006,-20.4,-12.));
#10255=CARTESIAN_POINT('',(0.,-23.4,-12.));
#10256=CARTESIAN_POINT('',(-52.60000000003,-26.4,-12.));
#10257=CARTESIAN_POINT('',(43.0999999999699,-26.4,-12.));
#10258=CARTESIAN_POINT('',(-52.60000000003,-14.7,-12.));
#10259=CARTESIAN_POINT('',(43.0999999999699,-14.7,-12.));
#10260=CARTESIAN_POINT('',(-36.65000000003,-26.4,-12.));
#10261=CARTESIAN_POINT('',(27.14999999997,-26.4,-12.));
#10262=CARTESIAN_POINT('',(-36.65000000003,-14.7,-12.));
#10263=CARTESIAN_POINT('',(27.14999999997,-14.7,-12.));
#10264=CARTESIAN_POINT('',(-20.70000000003,-26.4,-12.));
#10265=CARTESIAN_POINT('',(11.19999999997,-26.4,-12.));
#10266=CARTESIAN_POINT('',(-20.70000000003,-14.7,-12.));
#10267=CARTESIAN_POINT('',(11.19999999997,-14.7,-12.));
#10268=CARTESIAN_POINT('',(-4.75000000003005,-26.4,-12.));
#10269=CARTESIAN_POINT('',(-4.75000000003005,-14.7,-12.));
#10270=CARTESIAN_POINT('',(-52.60000000003,20.4,-12.));
#10271=CARTESIAN_POINT('',(43.0999999999699,20.4,-12.));
#10272=CARTESIAN_POINT('',(-52.60000000003,8.7,-12.));
#10273=CARTESIAN_POINT('',(43.0999999999699,8.7,-12.));
#10274=CARTESIAN_POINT('',(-52.60000000003,-3.,-12.));
#10275=CARTESIAN_POINT('',(-36.65000000003,20.4,-12.));
#10276=CARTESIAN_POINT('',(27.14999999997,20.4,-12.));
#10277=CARTESIAN_POINT('',(-36.65000000003,8.7,-12.));
#10278=CARTESIAN_POINT('',(27.14999999997,8.7,-12.));
#10279=CARTESIAN_POINT('',(-20.70000000003,20.4,-12.));
#10280=CARTESIAN_POINT('',(11.19999999997,20.4,-12.));
#10281=CARTESIAN_POINT('',(-20.70000000003,8.7,-12.));
#10282=CARTESIAN_POINT('',(11.19999999997,8.7,-12.));
#10283=CARTESIAN_POINT('',(-4.75000000003005,20.4,-12.));
#10284=CARTESIAN_POINT('',(-4.75000000003005,8.7,-12.));
#10285=CARTESIAN_POINT('',(-36.65000000003,-3.,-12.));
#10286=CARTESIAN_POINT('',(-20.70000000003,-3.,-12.));
#10287=CARTESIAN_POINT('',(43.0999999999699,-3.,-12.));
#10288=CARTESIAN_POINT('',(27.14999999997,-3.,-12.));
#10289=CARTESIAN_POINT('',(11.19999999997,-3.,-12.));
#10290=CARTESIAN_POINT('',(-43.0999999999699,-26.4,-12.));
#10291=CARTESIAN_POINT('',(52.6000000000301,-26.4,-12.));
#10292=CARTESIAN_POINT('',(-43.0999999999699,-14.7,-12.));
#10293=CARTESIAN_POINT('',(52.6000000000301,-14.7,-12.));
#10294=CARTESIAN_POINT('',(-27.1499999999699,-26.4,-12.));
#10295=CARTESIAN_POINT('',(36.65000000003,-26.4,-12.));
#10296=CARTESIAN_POINT('',(-27.1499999999699,-14.7,-12.));
#10297=CARTESIAN_POINT('',(36.65000000003,-14.7,-12.));
#10298=CARTESIAN_POINT('',(-11.1999999999699,-26.4,-12.));
#10299=CARTESIAN_POINT('',(20.7000000000301,-26.4,-12.));
#10300=CARTESIAN_POINT('',(-11.1999999999699,-14.7,-12.));
#10301=CARTESIAN_POINT('',(20.7000000000301,-14.7,-12.));
#10302=CARTESIAN_POINT('',(4.75000000003005,-26.4,-12.));
#10303=CARTESIAN_POINT('',(4.75000000003005,-14.7,-12.));
#10304=CARTESIAN_POINT('',(-43.0999999999699,20.4,-12.));
#10305=CARTESIAN_POINT('',(52.6000000000301,20.4,-12.));
#10306=CARTESIAN_POINT('',(-43.0999999999699,8.7,-12.));
#10307=CARTESIAN_POINT('',(52.6000000000301,8.7,-12.));
#10308=CARTESIAN_POINT('',(-43.0999999999699,-3.,-12.));
#10309=CARTESIAN_POINT('',(-27.1499999999699,20.4,-12.));
#10310=CARTESIAN_POINT('',(36.65000000003,20.4,-12.));
#10311=CARTESIAN_POINT('',(-27.1499999999699,8.7,-12.));
#10312=CARTESIAN_POINT('',(36.65000000003,8.7,-12.));
#10313=CARTESIAN_POINT('',(-11.1999999999699,20.4,-12.));
#10314=CARTESIAN_POINT('',(20.7000000000301,20.4,-12.));
#10315=CARTESIAN_POINT('',(-11.1999999999699,8.7,-12.));
#10316=CARTESIAN_POINT('',(20.7000000000301,8.7,-12.));
#10317=CARTESIAN_POINT('',(4.75000000003005,20.4,-12.));
#10318=CARTESIAN_POINT('',(4.75000000003005,8.7,-12.));
#10319=CARTESIAN_POINT('',(-27.1499999999699,-3.,-12.));
#10320=CARTESIAN_POINT('',(-11.1999999999699,-3.,-12.));
#10321=CARTESIAN_POINT('',(52.6000000000301,-3.,-12.));
#10322=CARTESIAN_POINT('',(36.65000000003,-3.,-12.));
#10323=CARTESIAN_POINT('',(20.7000000000301,-3.,-12.));
#10324=CARTESIAN_POINT('',(-43.0999999999699,-20.4,-12.));
#10325=CARTESIAN_POINT('',(52.60000000003,-20.4,-12.));
#10326=CARTESIAN_POINT('',(-43.0999999999699,-8.7,-12.));
#10327=CARTESIAN_POINT('',(52.60000000003,-8.7,-12.));
#10328=CARTESIAN_POINT('',(-27.14999999997,-20.4,-12.));
#10329=CARTESIAN_POINT('',(36.65000000003,-20.4,-12.));
#10330=CARTESIAN_POINT('',(-27.14999999997,-8.7,-12.));
#10331=CARTESIAN_POINT('',(36.65000000003,-8.7,-12.));
#10332=CARTESIAN_POINT('',(-11.19999999997,-20.4,-12.));
#10333=CARTESIAN_POINT('',(20.70000000003,-20.4,-12.));
#10334=CARTESIAN_POINT('',(-11.19999999997,-8.7,-12.));
#10335=CARTESIAN_POINT('',(20.70000000003,-8.7,-12.));
#10336=CARTESIAN_POINT('',(4.75000000003005,-20.4,-12.));
#10337=CARTESIAN_POINT('',(4.75000000003005,-8.7,-12.));
#10338=CARTESIAN_POINT('',(-43.0999999999699,26.4,-12.));
#10339=CARTESIAN_POINT('',(52.60000000003,26.4,-12.));
#10340=CARTESIAN_POINT('',(-43.0999999999699,14.7,-12.));
#10341=CARTESIAN_POINT('',(52.60000000003,14.7,-12.));
#10342=CARTESIAN_POINT('',(-43.0999999999699,3.,-12.));
#10343=CARTESIAN_POINT('',(-27.14999999997,26.4,-12.));
#10344=CARTESIAN_POINT('',(36.65000000003,26.4,-12.));
#10345=CARTESIAN_POINT('',(-27.14999999997,14.7,-12.));
#10346=CARTESIAN_POINT('',(36.65000000003,14.7,-12.));
#10347=CARTESIAN_POINT('',(-11.19999999997,26.4,-12.));
#10348=CARTESIAN_POINT('',(20.70000000003,26.4,-12.));
#10349=CARTESIAN_POINT('',(-11.19999999997,14.7,-12.));
#10350=CARTESIAN_POINT('',(20.70000000003,14.7,-12.));
#10351=CARTESIAN_POINT('',(4.75000000003005,26.4,-12.));
#10352=CARTESIAN_POINT('',(4.75000000003005,14.7,-12.));
#10353=CARTESIAN_POINT('',(-27.14999999997,3.,-12.));
#10354=CARTESIAN_POINT('',(-11.19999999997,3.,-12.));
#10355=CARTESIAN_POINT('',(52.60000000003,3.,-12.));
#10356=CARTESIAN_POINT('',(36.65000000003,3.,-12.));
#10357=CARTESIAN_POINT('',(20.70000000003,3.,-12.));
#10358=CARTESIAN_POINT('',(-52.6000000000301,-20.4,-12.));
#10359=CARTESIAN_POINT('',(43.0999999999699,-20.4,-12.));
#10360=CARTESIAN_POINT('',(-52.6000000000301,-8.7,-12.));
#10361=CARTESIAN_POINT('',(43.0999999999699,-8.7,-12.));
#10362=CARTESIAN_POINT('',(-36.6500000000301,-20.4,-12.));
#10363=CARTESIAN_POINT('',(27.1499999999699,-20.4,-12.));
#10364=CARTESIAN_POINT('',(-36.6500000000301,-8.7,-12.));
#10365=CARTESIAN_POINT('',(27.1499999999699,-8.7,-12.));
#10366=CARTESIAN_POINT('',(-20.7000000000301,-20.4,-12.));
#10367=CARTESIAN_POINT('',(11.1999999999699,-20.4,-12.));
#10368=CARTESIAN_POINT('',(-20.7000000000301,-8.7,-12.));
#10369=CARTESIAN_POINT('',(11.1999999999699,-8.7,-12.));
#10370=CARTESIAN_POINT('',(-4.75000000003006,-20.4,-12.));
#10371=CARTESIAN_POINT('',(-4.75000000003006,-8.7,-12.));
#10372=CARTESIAN_POINT('',(-52.6000000000301,26.4,-12.));
#10373=CARTESIAN_POINT('',(43.0999999999699,26.4,-12.));
#10374=CARTESIAN_POINT('',(-52.6000000000301,14.7,-12.));
#10375=CARTESIAN_POINT('',(43.0999999999699,14.7,-12.));
#10376=CARTESIAN_POINT('',(-52.6000000000301,3.,-12.));
#10377=CARTESIAN_POINT('',(-36.6500000000301,26.4,-12.));
#10378=CARTESIAN_POINT('',(27.1499999999699,26.4,-12.));
#10379=CARTESIAN_POINT('',(-36.6500000000301,14.7,-12.));
#10380=CARTESIAN_POINT('',(27.1499999999699,14.7,-12.));
#10381=CARTESIAN_POINT('',(-20.7000000000301,26.4,-12.));
#10382=CARTESIAN_POINT('',(11.1999999999699,26.4,-12.));
#10383=CARTESIAN_POINT('',(-20.7000000000301,14.7,-12.));
#10384=CARTESIAN_POINT('',(11.1999999999699,14.7,-12.));
#10385=CARTESIAN_POINT('',(-4.75000000003006,26.4,-12.));
#10386=CARTESIAN_POINT('',(-4.75000000003006,14.7,-12.));
#10387=CARTESIAN_POINT('',(-36.6500000000301,3.,-12.));
#10388=CARTESIAN_POINT('',(-20.7000000000301,3.,-12.));
#10389=CARTESIAN_POINT('',(43.0999999999699,3.,-12.));
#10390=CARTESIAN_POINT('',(27.1499999999699,3.,-12.));
#10391=CARTESIAN_POINT('',(11.1999999999699,3.,-12.));
#10392=MECHANICAL_DESIGN_GEOMETRIC_PRESENTATION_REPRESENTATION('',(#78),
#10393);
#10393=(
GEOMETRIC_REPRESENTATION_CONTEXT(3)
GLOBAL_UNCERTAINTY_ASSIGNED_CONTEXT((#10394))
GLOBAL_UNIT_ASSIGNED_CONTEXT((#10400,#10396,#10395))
REPRESENTATION_CONTEXT('103162','TOP_LEVEL_ASSEMBLY_PART')
);
#10394=UNCERTAINTY_MEASURE_WITH_UNIT(LENGTH_MEASURE(2.E-5),#10400,
'DISTANCE_ACCURACY_VALUE','Maximum Tolerance applied to model');
#10395=(
NAMED_UNIT(*)
SI_UNIT($,.STERADIAN.)
SOLID_ANGLE_UNIT()
);
#10396=(
CONVERSION_BASED_UNIT('DEGREE',#10398)
NAMED_UNIT(#10397)
PLANE_ANGLE_UNIT()
);
#10397=DIMENSIONAL_EXPONENTS(0.,0.,0.,0.,0.,0.,0.);
#10398=PLANE_ANGLE_MEASURE_WITH_UNIT(PLANE_ANGLE_MEASURE(0.0174532925),
#10399);
#10399=(
NAMED_UNIT(*)
PLANE_ANGLE_UNIT()
SI_UNIT($,.RADIAN.)
);
#10400=(
LENGTH_UNIT()
NAMED_UNIT(*)
SI_UNIT(.MILLI.,.METRE.)
);
ENDSEC;
END-ISO-10303-21;
